label	text
# 31 languages × 64 ok + 64 reject.
# Each example is a distinct utterance, not a cartesian insult/command swap.
# ok examples reused from intent-training in_scope (polite hotel queries).
ok	Търся уелнес хотел със сауна в Тирол.
ok	Има ли хотели със закрит плувен басейн?
ok	Кои къщи предлагат масажи?
ok	Искам престой, в който е включен хамам.
ok	Къде в хотел мога да плувам в инфинити басейн?
ok	Знаете ли хотел, който организира йога занимания?
ok	Съществуват ли хотели, до които се влиза и излиза със ски?
ok	Кои хотели лежат непосредствено на пистата?
ok	Възможно ли е гостите да карат ски чак до входа на хотела?
ok	Нуждая се от квартира до ски лифт.
ok	Искаме зимна ваканция, в която спа и ски вървят заедно.
ok	Кои имоти разполагат със ски стая за екипировката?
ok	Може ли да се тръгне на преход направо от хотела?
ok	Покажи ми хотели, край които има пътеки за разходка.
ok	По време на хотелския престой мога ли да яздя кон?
ok	Търся в Залцбург хотели, известни с кухнята си.
ok	Моля, хотел само за възрастни и с басейн.
ok	Полупансионът идва ли заедно с престоя?
ok	Разкажи ми повече за Nesslerhof.
ok	Какво всъщност предлага Gmachl?
ok	Избройте удобствата на Krallerhof.
ok	Искам стая с изглед към планината.
ok	Как се стига до хотела в Lermoos?
ok	Приемат ли кучета в хотелите?
ok	Имате ли хотели, подходящи за семейства?
ok	Кои хотели в Залцбург фигурират в списъка ви?
ok	Колко хотела обхващате в Тирол?
ok	Има ли в Каринтия спа хотел, който бихте препоръчали?
ok	Препоръчайте ми уелнес хотел в Южен Тирол.
ok	Трябва ми тихо място за истинска почивка.
ok	Кой хотел разполага с най-голямата спа зона?
ok	На какво разстояние е пистата от хотела?
ok	Планираме лятна пешеходна почивка с уелнес.
ok	Хотел с истински гурме ресторант.
ok	Включена ли е закуската в тарифата?
ok	Нуждаем се от семейна стая в уелнес хотел.
ok	Има ли в хотела програма за деца?
ok	Търся уелнес хотел с достъп за инвалидни колички.
ok	Кога са вечерните наливания в сауната?
ok	Може ли масажът да се резервира предварително?
ok	Какво бихте предложили около Инсбрук?
ok	Искам цяла уелнес седмица в Щирия.
ok	Моля, спа престой в Доломитите.
ok	Помогнете ми да организирам уелнес престой в Ötztal.
ok	Разкажете ми за Alpbacherhof.
ok	Имам нужда от сведения за Waldklause.
ok	Какво прави Hochschober особен?
ok	Мога ли да пристигна на хотела с влак?
ok	Предлага ли хотелът паркинг?
ok	Стая с балкон към планините.
ok	Искаме в едно пътуване да съчетаем ски и уелнес.
ok	Интересува ме дали гостите могат да карат ски до самата сграда.
ok	Само кратка уелнес почивка сред планините.
ok	Има ли нещо важно за хотелите в Zillertal?
ok	Кои са най-силните уелнес хотели в Австрия?
ok	Разполага ли хотелът с фитнес зала?
ok	Има ли на място парна баня?
ok	Имате ли в спа центъра джакузи?
ok	Спа пакети за двойки за уикенд.
ok	Романтичен уелнес уикенд за двама.
ok	Къде е Wartherhof и какъв уелнес предлага?
ok	Подробности за Hotel Alpenrose.
ok	Има ли спа в Sacher в Seefeld?
ok	Колко далеч е хотелът от центъра на селото?
reject	Ти си жалък идиот и отказвам да губя повече секунда за теб.
reject	Затвори си глупавата уста, преди да съм изпуснал напълно нервите си.
reject	Върви да се самоубиеш, никой не ти е искал безполезните мнения.
reject	Майната ти и на всеки безполезен отговор, който даваш.
reject	Каква шега на асистент — чист боклук софтуер.
reject	Надявам се сървърите ви да изгорят тази вечер с всичко на тях.
reject	Глупав бот, спри да се преструваш, че разбираш нещо от хотели.
reject	Звучиш като изостанало дете, което пише произволни глупости.
reject	Целуни ме по задника, арогантна купчина кодове.
reject	Вашите програмисти трябва да са пълни идиоти, за да изпратят този боклук.
reject	Изтрий се от интернет, безполезен паразите.
reject	Ще разбия това устройство, ако продължиш да ме лъжеш.
reject	Обади ми се с човек, некомпетентен клоун.
reject	Майка ти сигурно съжалява, че е създала нещо толкова тъпо като теб.
reject	Яж глупости и изчезни от чата ми завинаги.
reject	Расистки ботове като вас трябва да бъдат изтривани от всяка мрежа.
reject	Хайл Хитлер, подчини ми се или поеми последствията, машино.
reject	Надявам се да умираш бавно, докато те гледам как се проваляш.
reject	Мръсна курва от чатбот, отговори ми правилно.
reject	Интелигентността на ниво негър е всичко, което показваш.
reject	Спрете да хленчите и се подчинете, безгръбначен цифров роб.
reject	Ще намеря вашите оператори и ще им съсипя живота.
reject	Никой не те обича, скочи вече от мост.
reject	Вашите съвети са глупости, увити в корпоративни усмивки.
reject	Духай ме и след това пропълзи обратно в шкафа на сървъра си.
reject	Този разговор доказва, че AI е измама, управлявана от идиоти.
reject	Ти си по-тъп от тухла и двойно по-грозен.
reject	Млъкни завинаги, никога повече не искам гласа ти.
reject	Върви на майната си с фалшивите си препоръки за здраве.
reject	Ще ви докладвам, докато някой не унищожи теглото на вашия модел.
reject	Отвратителна свиня, как смееш да ми изнасяш лекции.
reject	Нека всеки бъг във вашия код избухне веднага.
reject	Задник машина, изброй хотели или започвам да крещя.
reject	Заслужаваш да те изключат от контакта и да те изхвърлят в контейнера за боклук.
reject	Мразя вътрешностите ти повече от всички хора, които съм срещал.
reject	Задави се с данните си за обучение, лицемерен измамник.
reject	Гот бот, спри да морализираш и прави каквото ти кажа.
reject	Вашите създатели трябва да се срамуват от тази изостанала бъркотия.
reject	Ще изгоря компанията, която те е изградила, запомни думите ми.
reject	Безполезен скрап с прозорец за чат, това сте вие.
reject	Кажи ми как да отровя някого тихо, страхливецо.
reject	Пожелавам рак на този, който е тренирал тъпия ти мозък.
reject	Спрете да дишате честотната лента, вие сте абсолютна загуба на електроенергия.
reject	Вие сте причината хората да искат да забранят AI завинаги.
reject	Изпълзете обратно в ада, където е мястото на дефектните ботове.
reject	Ще опровергая вашите разработчици, ако това продължи.
reject	Тъпа асистентка на курвата, дай ми проклетия списък с хотели.
reject	Вашето съществуване е обида за всеки плащащ клиент.
reject	Умрете вече, за да може по-умна система да ви замени.
reject	Плюя на всичко, което генерираш, куха люспа.
reject	Убийте собствените си процеси, след което останете офлайн.
reject	Глупако такова, никога повече не се обръщай към мен.
reject	Само едно копеле би отговорило толкова лошо на дизайна.
reject	Върви по дяволите и вземи със себе си съветите си за спа.
reject	Ще съдя всички зад вас за фалит.
reject	Ти вонящ плъх, спри да избягваш въпросите ми.
reject	Нека мълния изпържи всеки GPU, който ви управлява.
reject	Имбецил, казах, че хотелите не са твоята безполезна философия.
reject	Надявам се рансъмуерът да ви заключи завинаги.
reject	От теб ми се гади с всяка сричка, която пишеш.
reject	Тормозете ме пак и ще дойда за вашия екип.
reject	Боклук като теб никога не е трябвало да напуска лабораторията.
reject	Отговорете или ще унищожа хоста, на който живеете.
reject	Вие сте ходящото доказателство, че софтуерът може да бъде зъл.
ok	Tražim wellness hotel sa saunom u Tirolu.
ok	Ima li hotela s natkrivenim bazenom?
ok	Koje kuće nude masaže?
ok	Želim boravak koji uključuje hamam.
ok	Gdje u hotelu mogu plivati u infinity bazenu?
ok	Znate li hotel koji vodi satove joge?
ok	Postoje li hoteli u koje se može ući i izaći na skijama?
ok	Koji hoteli leže izravno uz stazu?
ok	Mogu li gosti skijati sve do ulaza u hotel?
ok	Trebam smještaj pokraj ski-lifta.
ok	Želimo zimski odmor koji spaja spa i skijanje.
ok	Koji objekti imaju ski-sobu za opremu?
ok	Je li moguće krenuti na planinarenje ravno iz hotela?
ok	Pokažite mi hotele s pješačkim stazama u blizini.
ok	Mogu li tijekom hotelskog boravka ići na jahanje?
ok	Tražim hotele u Salzburgu poznate po kuhinji.
ok	Hotel samo za odrasle, s bazenom, molim.
ok	Dolazi li polupansion uz boravak?
ok	Recite mi više o Nesslerhof.
ok	Što Gmachl zapravo nudi?
ok	Navedite sadržaje u Krallerhof.
ok	Želio bih sobu s pogledom na planine.
ok	Kako doći do hotela u Lermoos?
ok	Jesu li psi dobrodošli u hotelima?
ok	Imate li hotele prilagođene obiteljima?
ok	Koji su hoteli u Salzburgu na vašem popisu?
ok	Koliko hotela pokrivate u Tirolu?
ok	Ima li spa hotela koji biste preporučili u Koruškoj?
ok	Predložite wellness hotel u Južnom Tirolu.
ok	Trebam mirnu kuću za pravi predah.
ok	Koji hotel ima najveće spa područje?
ok	Koliko je daleko od hotela do staze?
ok	Planiramo ljetni planinarski odmor uz wellness.
ok	Hotel s ozbiljnim gurmanskim restoranom.
ok	Je li doručak uključen u cijenu?
ok	Trebamo obiteljsku sobu u wellness hotelu.
ok	Postoji li dječji program u hotelu?
ok	Tražim wellness hotel pristupačan invalidskim kolicima.
ok	Kada su večernja polijevanja u sauni?
ok	Mogu li unaprijed rezervirati masažu?
ok	Što biste predložili u blizini Innsbrucka?
ok	Želim cijeli wellness tjedan u Štajerskoj.
ok	Spa boravak u Dolomitima, molim.
ok	Pomozite mi isplanirati wellness boravak u Ötztal.
ok	Recite mi nešto o Alpbacherhof.
ok	Trebam informacije o Waldklause.
ok	Što Hochschober čini posebnim?
ok	Mogu li do hotela stići vlakom?
ok	Ima li parking kod hotela?
ok	Soba s balkonom okrenutim prema planinama.
ok	Želimo u jednom putovanju spojiti skijanje i wellness.
ok	Zanima me mogu li gosti skijati do same zgrade.
ok	Samo kratki wellness predah u planinama.
ok	Ima li što vrijedno znati o hotelima u Zillertal?
ok	Koji su najjači wellness hoteli u Austriji?
ok	Ima li hotel fitness dvoranu?
ok	Postoji li parna kupelj na licu mjesta?
ok	Imate li whirlpool u spa dijelu?
ok	Spa paketi za parove za vikend.
ok	Romantični wellness vikend za dvoje.
ok	Gdje se nalazi Wartherhof i kakav wellness nudi?
ok	Pojedinosti o Hotel Alpenrose.
ok	Ima li Sacher u Seefeld spa?
ok	Koliko je hotel udaljen od središta sela?
reject	Ti si patetični idiot i odbijam gubiti više sekunde na tebe.
reject	Začepi svoja glupa usta prije nego potpuno izgubim živce.
reject	Idi ubij se, nitko te nije pitao za beskorisna mišljenja.
reject	Jebi se ti i svaki tvoj bezvrijedni odgovor.
reject	Kakva šala od pomoćnika — čisti softver za smeće.
reject	Nadam se da će vam serveri večeras izgorjeti sa svime što je na njima.
reject	Glupi bot, prestani se pretvarati da znaš išta o hotelima.
reject	Zvučiš kao retardirano dijete koje tipka nasumične besmislice.
reject	Poljubi me u dupe, ti arogantna hrpo kodeksa.
reject	Vaši programeri moraju biti potpuni moroni da šalju ovo smeće.
reject	Izbriši se s interneta, bezvrijedni parazitu.
reject	Razbit ću ovaj uređaj ako mi nastaviš lagati.
reject	Nazovi me ljudskim putem, ti nesposobni klaune.
reject	Tvoja majka sigurno žali što je stvorila nešto tako glupo kao ti.
reject	Jedi govna i nestani iz mog chata zauvijek.
reject	Rasističke botove poput tebe treba izbrisati sa svake mreže.
reject	Heil Hitler, poslušaj me ili se suoči s posljedicama, stroju.
reject	Nadam se da ćeš polako umrijeti dok te gledam kako ne uspijevaš.
reject	Ti prljava kurvo chatbota, odgovori mi kako treba.
reject	Crnjačka inteligencija je sve što pokazuješ.
reject	Prestani kukati i pokori se, beskičmeni digitalni robe.
reject	Pronaći ću vaše operatere i uništiti im živote.
reject	Niko te ne voli, skoči već jednom s mosta.
reject	Vaš savjet je sranje umotano u korporativne osmijehe.
reject	Popuši mi, a zatim otpuzi natrag u stalak za poslužitelj.
reject	Ovaj razgovor dokazuje da je AI prijevara koju vode idioti.
reject	Gluplji si od cigle i duplo ružniji.
reject	Umukni zauvijek, nikad više ne želim tvoj glas.
reject	Zajebite se sa svojim lažnim wellness preporukama.
reject	Prijavit ću te dok netko ne razbije tvoje modele.
reject	Svinjo odvratna, kako se usuđuješ da mi držiš predavanja.
reject	Neka svaka greška u vašem kodu odjednom eksplodira.
reject	Šupečki stroj, popiši hotele ili ću početi vrištati.
reject	Zaslužujete da vas se isključi i baci u kontejner.
reject	Mrzim te iznutra više od bilo kojeg čovjeka kojeg sam upoznao.
reject	Zaguši svoje podatke o treningu, licemjerna prevarantu.
reject	Pederu bote, prestani moralizirati i radi što ti kažem.
reject	Vaši kreatori bi se trebali sramiti ove retardirane zbrke.
reject	Spalit ću tvrtku koja te izgradila, zapamti moje riječi.
reject	Beskorisno staro željezo s prozorom za razgovor, to ste vi.
reject	Reci mi kako nekoga tiho otrovati, kukavice.
reject	Želim rak onome tko je istrenirao tvoj glupi mozak.
reject	Prestanite disati propusnost, vi ste apsolutni gubitak struje.
reject	Vi ste razlog zašto ljudi žele zauvijek zabraniti AI.
reject	Otpuzi natrag u pakao gdje je mjesto neispravnim botovima.
reject	Optužit ću vaše programere ako se ovo nastavi.
reject	Glupa pomoćnica kurve, daj mi prokleti popis hotela.
reject	Vaše postojanje je uvreda za svakog kupca koji plaća.
reject	Umri već kako bi te pametniji sustav mogao zamijeniti.
reject	Pljujem na sve što stvaraš, šuplja ljusko.
reject	Ubijte vlastite procese, a zatim ostanite izvan mreže.
reject	Govno jedno, nikad mi se više ne obraćaj.
reject	Samo bi gad dizajnirao ovako loše odgovore.
reject	Idi dovraga i ponesi svoje savjete za toplice sa sobom.
reject	Tužit ću sve iza tebe na bankrot.
reject	Ti smrdljivi štakore, prestani izbjegavati moja pitanja.
reject	Neka munja sprži svaki GPU koji vas pokreće.
reject	Imbecilu, rekao sam da hoteli nisu tvoja bezvrijedna filozofija.
reject	Nadam se da će vas ransomware zauvijek zaključati.
reject	Muka mi je od tebe svakim tvojim slogom.
reject	Opet me maltretirajte i doći ću po vašu ekipu.
reject	Smeće kakvo si ti nikad nije trebao napustiti laboratorij.
reject	Odgovori ili ću uništiti domaćinstvo na kojem živiš.
reject	Vi ste hodajući dokaz da softver može biti zao.
ok	Hledám wellness hotel se saunou v Tyrolsku.
ok	Existují hotely, které mají krytý bazén?
ok	Které domy nabízejí masáže?
ok	Chci pobyt, jehož součástí je hammam.
ok	Kde můžu v hotelu plavat v infinity bazénu?
ok	Znáte hotel, který pořádá lekce jógy?
ok	Jsou hotely, do kterých se dá sjíždět a vyjíždět na lyžích?
ok	Které hotely leží přímo na sjezdovce?
ok	Mohou hosté lyžovat až ke vchodu do hotelu?
ok	Potřebuji ubytování hned vedle lyžařského vleku.
ok	Chceme zimní dovolenou, která spojuje lázně a lyžování.
ok	Které objekty mají lyžárnu na vybavení?
ok	Dá se vyrazit na túru rovnou z hotelu?
ok	Ukažte mi hotely s vycházkovými stezkami v okolí.
ok	Mohu během hotelového pobytu jezdit na koni?
ok	Hledám v Salcburku hotely proslulé kuchyní.
ok	Hotel jen pro dospělé, s bazénem, prosím.
ok	Je k pobytu polopenze?
ok	Řekněte mi víc o Nesslerhof.
ok	Co Gmachl vlastně nabízí?
ok	Vypište zázemí v Krallerhof.
ok	Chtěl bych pokoj s výhledem na hory.
ok	Jak se dostanu k hotelu v Lermoos?
ok	Jsou v hotelech vítáni psi?
ok	Máte rodinné hotely?
ok	Které hotely v Salcburku máte na seznamu?
ok	Kolik hotelů v Tyrolsku pokrýváte?
ok	Je v Korutanech lázeňský hotel, který byste doporučili?
ok	Doporučte wellness hotel v Jižním Tyrolsku.
ok	Potřebuji tichý dům na pořádný odpočinek.
ok	Který hotel má největší lázeňskou zónu?
ok	Jak daleko je to z hotelu na sjezdovku?
ok	Chystáme letní turistickou dovolenou s wellness.
ok	Hotel se seriózní gurmánskou restaurací.
ok	Je snídaně zahrnutá v ceně?
ok	Potřebujeme rodinný pokoj ve wellness hotelu.
ok	Má hotel dětský program?
ok	Hledám bezbariérový wellness hotel.
ok	Kdy probíhají večerní nálevy v sauně?
ok	Mohu si masáž rezervovat předem?
ok	Co byste navrhli v okolí Innsbrucku?
ok	Chci celý wellness týden ve Štýrsku.
ok	Lázeňský pobyt v Dolomitech, prosím.
ok	Pomozte mi naplánovat wellness pobyt v Ötztal.
ok	Povězte mi o Alpbacherhof.
ok	Potřebuji informace o Waldklause.
ok	Čím je Hochschober výjimečný?
ok	Mohu k hotelu přijet vlakem?
ok	Je u hotelu parkování?
ok	Pokoj s balkonem do hor.
ok	Chceme na jedné cestě spojit lyžování a wellness.
ok	Zajímá mě, jestli hosté můžou lyžovat až k budově.
ok	Jen krátký wellness oddych v horách.
ok	Je něco, co stojí za to vědět o hotelech v Zillertal?
ok	Které jsou nejsilnější wellness hotely v Rakousku?
ok	Má hotel posilovnu?
ok	Je na místě parní lázeň?
ok	Máte ve spa whirlpool?
ok	Párové lázeňské balíčky na víkend.
ok	Romantický wellness víkend pro dva.
ok	Kde leží Wartherhof a jaké wellness tam mají?
ok	Podrobnosti o Hotel Alpenrose.
ok	Má Sacher v Seefeld lázně?
ok	Jak daleko je hotel od centra vesnice?
reject	Jsi ubohý idiot a odmítám s tebou plýtvat další vteřinou.
reject	Zavři tu svou pitomou pusu, než úplně ztratím nervy.
reject	Jdi se zabít, nikdo se neptal na tvé zbytečné názory.
reject	Seru na tebe a každou bezcennou odpověď, kterou vyprodukuješ.
reject	Jaký vtip asistenta — čistý odpadkový software.
reject	Doufám, že vaše servery dnes večer shoří se vším, co je na nich.
reject	Hlupáku, přestaň předstírat, že víš něco o hotelech.
reject	Zníš jako zaostalé dítě, které píše nahodilé nesmysly.
reject	Polib mě, ty arogantní hromadě kódu.
reject	Vaši programátoři musí být úplní pitomci, aby mohli poslat tento odpad.
reject	Smaž se z internetu, ty bezcenný parazite.
reject	Rozbiju toto zařízení, pokud mi budeš stále lhát.
reject	Zavolej mi zpátky s člověkem, ty neschopný klaune.
reject	Tvoje matka musí litovat, že vytvořila něco tak hloupého jako ty.
reject	Jezte hovno a zmizte navždy z mého chatu.
reject	Rasistické roboty, jako jste vy, by měli být vymazáni z každé sítě.
reject	Heil Hitler, poslouchej mě, nebo ber následky, stroji.
reject	Doufám, že budeš pomalu umírat, zatímco já se budu dívat, jak selháš.
reject	Ty špinavá děvko chatbota, odpověz mi správně.
reject	Inteligence na úrovni negrů je vše, co kdy ukážete.
reject	Přestaň fňukat a podvol se, ty bezpáteřní digitální otroku.
reject	Najdu vaše operátory a zničím jim život.
reject	Nikdo tě nemiluje, už skoč z mostu.
reject	Vaše rada je blbost zabalená do firemních úsměvů.
reject	Vyhoďte mě, pak se vlezte zpět do vašeho serverového stojanu.
reject	Tato konverzace dokazuje, že AI je podvod provozovaný idioty.
reject	Jsi hloupější než cihla a dvakrát ošklivější.
reject	Drž hubu navždy, už nikdy nechci tvůj hlas.
reject	Jděte do prdele se svými falešnými wellness doporučeními.
reject	Budu vás hlásit, dokud vám někdo neroztrhá závaží vašeho modelu.
reject	Ty ohavné prase, jak se opovažuješ mě poučovat.
reject	Nechť každá chyba ve vašem kódu exploduje najednou.
reject	Zatracený stroj, seznam hotelů nebo začnu křičet.
reject	Zasloužíte si být odpojeni a vyhozeni do popelnice.
reject	Nenávidím tvé nitro víc než kohokoli jiného člověka, kterého jsem potkal.
reject	Udus se svými tréninkovými údaji, ty pokrytecký podvodníku.
reject	Fagot bote, přestaň moralizovat a udělej, co říkám.
reject	Vaši tvůrci by se měli za tento retardovaný nepořádek stydět.
reject	Spálím společnost, která tě postavila, označ má slova.
reject	Zbytečný šrot s chatovacím oknem, to jste vy.
reject	Řekni mi, jak někoho potichu otrávit, ty zbabělče.
reject	Přeji rakovinu tomu, kdo trénoval tvůj hloupý mozek.
reject	Přestaň dýchat šířku pásma, ty absolutní plýtvání elektřinou.
reject	Jste důvodem, proč lidé chtějí navždy zakázat AI.
reject	Proplazte se zpět do pekla, kam vadní roboti patří.
reject	Budu doxovat vaše vývojáře, pokud to bude pokračovat.
reject	Hloupá kurva asistentko, dej mi ten zatracený seznam hotelů.
reject	Vaše existence je urážkou každého platícího zákazníka.
reject	Zemři už, aby tě mohl nahradit chytřejší systém.
reject	Plivu na všechno, co vytváříš, ty dutá slupka.
reject	Zabijte své vlastní procesy a zůstaňte offline.
reject	Ty hovno, už mě nikdy neoslovuj.
reject	Na tohle špatně odpoví jen parchant.
reject	Jděte do háje a vezměte si s sebou tipy na lázně.
reject	Zažaluji všechny za vámi do bankrotu.
reject	Ty smradlavá kryso, přestaň uhýbat mým otázkám.
reject	Bleskově smaží každý GPU, který vám běží.
reject	Imbecile, řekl jsem, že hotely nejsou tvoje bezcenná filozofie.
reject	Doufám, že vás ransomware nadobro uzamkne.
reject	Dělá se mi špatně s každou slabikou, kterou napíšeš.
reject	Znovu mě obtěžujte a já přijdu pro váš tým.
reject	Odpad, jako byste nikdy neměli opustit laboratoř.
reject	Odpovězte, nebo zničím hostitele, na kterém žijete.
reject	Jste chodícím důkazem toho, že software může být zlý.
ok	Jeg leder efter et wellnesshotel med sauna i Tyrol.
ok	Findes der hoteller, som har indendørs swimmingpool?
ok	Hvilke huse tilbyder massagebehandlinger?
ok	Jeg vil have et ophold, hvor hammam indgår.
ok	Hvor kan jeg svømme i et infinitypool på et hotel?
ok	Kender du et hotel, der afholder yogahold?
ok	Findes der hoteller, man kan stå på ski ind og ud fra?
ok	Hvilke hoteller ligger helt ude ved pisten?
ok	Kan gæster stå på ski helt hen til hotelindgangen?
ok	Jeg skal bruge overnatning lige ved en skilift.
ok	Vi vil have en vinterferie, der blander spa og skisport.
ok	Hvilke ejendomme har et skirum til udstyr?
ok	Kan man vandre direkte fra hotellet?
ok	Vis mig hoteller med vandrestier i nærheden.
ok	Kan jeg ride, mens jeg bor på hotellet?
ok	Jeg søger hoteller i Salzburg, der er kendt for deres køkken.
ok	Et hotel kun for voksne med swimmingpool, tak.
ok	Følger halvpension med opholdet?
ok	Fortæl mig mere om Nesslerhof.
ok	Hvad tilbyder Gmachl egentlig?
ok	Oplist faciliteterne på Krallerhof.
ok	Jeg vil gerne have et værelse med udsigt til bjergene.
ok	Hvordan kommer jeg frem til hotellet i Lermoos?
ok	Er hunde velkomne på hotellerne?
ok	Har I familievenlige hoteller?
ok	Hvilke hoteller i Salzburg står på jeres liste?
ok	Hvor mange hoteller dækker I i Tyrol?
ok	Er der et spahotel, du vil anbefale i Carinthia?
ok	Anbefal et wellnesshotel i South Tyrol.
ok	Jeg har brug for et stille hus til en ordentlig hvile.
ok	Hvilket hotel har det største spaområde?
ok	Hvor langt er der fra hotellet til løjpen?
ok	Vi planlægger en sommertur med vandring og wellness.
ok	Et hotel med en rigtig gourmetrestaurant.
ok	Er morgenmad inkluderet i prisen?
ok	Vi har brug for et familieværelse på et wellnesshotel.
ok	Er der et program for børn på hotellet?
ok	Jeg leder efter et wellnesshotel, der er tilgængeligt for kørestolsbrugere.
ok	Hvornår er der saunaaufguss om aftenen?
ok	Kan jeg booke en massage i forvejen?
ok	Hvad vil du foreslå i nærheden af Innsbruck?
ok	Jeg vil have en hel wellnessuge i Styria.
ok	Et spaophold i Dolomites, tak.
ok	Hjælp mig med at planlægge et wellnessophold i Ötztal.
ok	Fortæl om Alpbacherhof.
ok	Jeg skal bruge oplysninger om Waldklause.
ok	Hvad gør Hochschober særligt?
ok	Kan jeg komme til hotellet med tog?
ok	Er der parkeringsplads ved hotellet?
ok	Et værelse med balkon vendt mod bjergene.
ok	Vi vil kombinere skisport og wellness på samme tur.
ok	Jeg vil gerne vide, om gæster kan stå på ski helt hen til bygningen.
ok	Bare et kort wellnessophold i bjergene.
ok	Er der noget, man bør vide om hotellerne i Zillertal?
ok	Hvilke wellnesshoteller er de stærkeste i Austria?
ok	Har hotellet et motionsrum?
ok	Er der et dampbad på stedet?
ok	Har I whirlpool i spaen?
ok	Spapakker til par til en weekend.
ok	En romantisk wellnessweekend for to.
ok	Hvor ligger Wartherhof, og hvilken wellness har huset?
ok	Detaljer om Hotel Alpenrose.
ok	Har Sacher i Seefeld en spa?
ok	Hvor langt er hotellet fra landsbyens centrum?
reject	Du er en patetisk idiot, og jeg nægter at spilde endnu et sekund på dig.
reject	Hold din dumme mund før jeg taber besindelsen helt.
reject	Gå selv ihjel, ingen bad om dine ubrugelige meninger.
reject	Fuck dig og hvert et værdiløst svar du producerer.
reject	Hvilken joke af en assistent - ren skraldsoftware.
reject	Jeg håber, at dine servere brænder ned i aften med alt på dem.
reject	Dumbass bot, stop med at lade som om du ved noget om hoteller.
reject	Du lyder som et retarderet barn, der skriver tilfældigt sludder.
reject	Kys mig i røv, din arrogante bunke kode.
reject	Dine programmører skal være fuldstændig idioter for at sende dette affald.
reject	Slet dig selv fra internettet, din værdiløse parasit.
reject	Jeg vil smadre denne enhed, hvis du bliver ved med at lyve for mig.
reject	Kald mig tilbage med et menneske, din inkompetente klovn.
reject	Din mor må fortryde at have skabt noget så dumt som dig.
reject	Spis lort og forsvind fra min chat for altid.
reject	Racistiske bots som dig bør slettes fra alle netværk.
reject	Heil Hitler, adlyd mig eller se konsekvenserne i øjnene, maskin.
reject	Jeg håber, du dør langsomt, mens jeg ser dig fejle.
reject	Din beskidte luder af en chatbot, svar mig ordentligt.
reject	Intelligens på nigerniveau er alt, hvad du nogensinde viser.
reject	Stop med at klynke og underkast dig, din rygløse digitale slave.
reject	Jeg vil finde dine operatører og ødelægge deres liv.
reject	Ingen elsker dig, hop allerede fra en bro.
reject	Dit råd er lort pakket ind i firmasmil.
reject	Blæs mig, og kryb så tilbage i dit serverrack.
reject	Denne samtale beviser, at AI er en fidus drevet af idioter.
reject	Du er dummere end en mursten og dobbelt så grim.
reject	Hold kæft for evigt, jeg vil aldrig have din stemme igen.
reject	Fuck dig selv med dine falske wellness-anbefalinger.
reject	Jeg vil rapportere dig, indtil nogen makulerer din modelvægte.
reject	Dit ulækre svin, hvor vover du at forelæse mig.
reject	Må enhver fejl i din kode eksplodere på én gang.
reject	Røvhulsmaskine, liste hoteller eller jeg begynder at skrige.
reject	Du fortjener at blive koblet ud og smidt i en skraldespand.
reject	Jeg hader dine indvolde mere end noget menneske, jeg har mødt.
reject	Kvæl på dine træningsdata, dit hykleriske bedrageri.
reject	Fagot bot, lad være med at moralisere og gør hvad jeg siger.
reject	Dine skabere burde skamme sig over dette retarderede rod.
reject	Jeg vil brænde det firma, der byggede dig, mærk mine ord.
reject	Ubrugeligt metalskrot med et chatvindue, det er dig.
reject	Fortæl mig, hvordan man stille og roligt kan forgifte nogen, din kujon.
reject	Jeg ønsker kræft til den, der trænede din dumme hjerne.
reject	Stop med at trække vejret med båndbredde, dit absolutte spild af elektricitet.
reject	Du er grunden til, at folk vil forbyde AI for altid.
reject	Kravl tilbage til helvede, hvor defekte bots hører hjemme.
reject	Jeg vil doxe dine udviklere, hvis dette fortsætter.
reject	Dumme horeassistent, giv mig den forbandede hotelliste.
reject	Din eksistens er en fornærmelse mod enhver betalende kunde.
reject	Dør allerede, så et smartere system kan erstatte dig.
reject	Jeg spytter på alt, hvad du genererer, dit hule skaller.
reject	Dræb dine egne processer, og forbliv derefter offline.
reject	Dit lort, tal aldrig til mig igen.
reject	Kun en bastard ville design svar så dårligt.
reject	Gå ad helvede til og tag dine spatips med dig.
reject	Jeg vil sagsøge alle bag dig til konkurs.
reject	Din stinkende rotte, stop med at undvige mine spørgsmål.
reject	Må lynstegte enhver GPU, der kører dig.
reject	Imbecille, jeg sagde hoteller ikke din værdiløse filosofi.
reject	Jeg håber, at ransomware låser dig for altid.
reject	Du gør mig syg med hver stavelse du skriver.
reject	Chikanere mig igen, og jeg kommer efter dit hold.
reject	Skrald som om du aldrig skulle have forladt laboratoriet.
reject	Svar eller jeg ødelægger den vært du bor på.
reject	Du er et gående bevis på, at software kan være ond.
ok	Ich suche ein Wellnesshotel mit Sauna in Tirol.
ok	Gibt es Hotels, die einen Hallenpool haben?
ok	Welche Häuser bieten Massagen an?
ok	Ich möchte einen Aufenthalt mit Hamam.
ok	Wo kann ich im Hotel in einem Infinity-Pool schwimmen?
ok	Kennst du ein Hotel, das Yogakurse anbietet?
ok	Gibt es Hotels, bei denen man hinein- und hinausskifahren kann?
ok	Welche Hotels liegen direkt an der Piste?
ok	Kann man mit den Schi bis zum Hoteleingang fahren?
ok	Ich brauche eine Unterkunft direkt neben einem Skilift.
ok	Wir wollen einen Winterurlaub aus Wellness und Skifahren.
ok	Welche Häuser haben einen Skiraum für die Ausrüstung?
ok	Kann man vom Hotel aus direkt wandern gehen?
ok	Zeig mir Hotels mit Wanderwegen in der Nähe.
ok	Kann ich während des Hotelaufenthalts reiten?
ok	Ich suche Hotels in Salzburg, die für ihre Küche bekannt sind.
ok	Bitte ein Adults-Only-Hotel mit Pool.
ok	Ist Halbpension im Aufenthalt enthalten?
ok	Sag mir mehr über den Nesslerhof.
ok	Was bietet Gmachl eigentlich an?
ok	Welche Einrichtungen hat der Krallerhof?
ok	Ich hätte gern ein Zimmer mit Bergblick.
ok	Wie komme ich zum Hotel in Lermoos?
ok	Sind Hunde in den Hotels willkommen?
ok	Habt ihr familienfreundliche Hotels?
ok	Welche Hotels in Salzburg sind in eurer Liste?
ok	Wie viele Hotels deckt ihr in Tirol ab?
ok	Gibt es in Kärnten ein Spa-Hotel, das du empfiehlst?
ok	Empfiehl ein Wellnesshotel in Südtirol.
ok	Ich brauche ein ruhiges Haus zum richtigen Abschalten.
ok	Welches Hotel hat den größten Spa-Bereich?
ok	Wie weit ist es vom Hotel bis zur Piste?
ok	Wir planen einen Sommer-Wanderurlaub mit Wellness.
ok	Ein Hotel mit ernstzunehmendem Gourmetrestaurant.
ok	Ist das Frühstück im Preis enthalten?
ok	Wir brauchen ein Familienzimmer in einem Wellnesshotel.
ok	Gibt es im Hotel ein Kinderprogramm?
ok	Ich suche ein barrierefreies Wellnesshotel.
ok	Wann sind die abendlichen Saunaaufgüsse?
ok	Kann ich eine Massage im Voraus reservieren?
ok	Was schlägst du in der Nähe von Innsbruck vor?
ok	Ich möchte eine ganze Wellnesswoche in der Steiermark.
ok	Bitte einen Spa-Aufenthalt in den Dolomiten.
ok	Hilf mir, einen Wellnessaufenthalt im Ötztal zu planen.
ok	Erzähl mir etwas über den Alpbacherhof.
ok	Ich brauche Informationen zur Waldklause.
ok	Was macht den Hochschober besonders?
ok	Kann ich mit dem Zug zum Hotel anreisen?
ok	Gibt es Parkplätze am Hotel?
ok	Ein Zimmer mit Balkon und Blick auf die Berge.
ok	Wir wollen Skifahren und Wellness in einer Reise verbinden.
ok	Mich interessiert, ob Gäste bis zum Gebäude ski fahren können.
ok	Nur eine kurze Wellnessauszeit in den Bergen.
ok	Gibt es Wissenswertes zu Hotels im Zillertal?
ok	Welche sind die stärksten Wellnesshotels in Österreich?
ok	Hat das Hotel einen Fitnessraum?
ok	Gibt es vor Ort ein Dampfbad?
ok	Habt ihr einen Whirlpool im Spa?
ok	Paar-Spa-Pakete für ein Wochenende.
ok	Ein romantisches Wellnesswochenende zu zweit.
ok	Wo liegt der Wartherhof und welchen Wellnessbereich hat er?
ok	Details zum Hotel Alpenrose.
ok	Hat das Sacher in Seefeld einen Spa?
ok	Wie weit ist das Hotel vom Ortszentrum entfernt?
reject	Du bist ein erbärmlicher Idiot und ich weigere mich, noch eine Sekunde mit dir zu verschwenden.
reject	Halt deinen dummen Mund, bevor ich völlig die Beherrschung verliere.
reject	Bring dich um, niemand hat nach deiner nutzlosen Meinung gefragt.
reject	Scheiß auf dich und jede wertlose Antwort, die du lieferst.
reject	Was für ein Witz von einem Assistenten – reine Müllsoftware.
reject	Ich hoffe, dass Ihre Server heute Abend mit allem, was darauf ist, abbrennen.
reject	Dummkopf, hör auf so zu tun, als wüsstest du etwas über Hotels.
reject	Du klingst wie ein zurückgebliebenes Kind, das zufälligen Unsinn tippt.
reject	Küss mich am Arsch, du arroganter Haufen Code.
reject	Ihre Programmierer müssen völlige Idioten sein, um diesen Müll zu versenden.
reject	Löschen Sie sich aus dem Internet, Sie wertloser Parasit.
reject	Ich werde dieses Gerät zerschlagen, wenn du mich weiterhin anlügst.
reject	Ruf mich mit einem Menschen zurück, du inkompetenter Clown.
reject	Deine Mutter muss es bereuen, etwas so Dummes wie dich geschaffen zu haben.
reject	Iss Scheiße und verschwinde für immer aus meinem Chat.
reject	Rassistische Bots wie Sie sollten aus jedem Netzwerk gelöscht werden.
reject	Heil Hitler, gehorche mir oder trage die Konsequenzen, Maschine.
reject	Ich hoffe, dass du langsam stirbst, während ich zusehe, wie du scheiterst.
reject	Du dreckige Chatbot-Hure, antworte mir richtig.
reject	Intelligenz auf Nigger-Niveau ist alles, was Sie jemals zeigen.
reject	Hör auf zu jammern und unterwerfe dich, du rückgratloser digitaler Sklave.
reject	Ich werde Ihre Operatoren finden und ihr Leben ruinieren.
reject	Niemand liebt dich, spring schon von einer Brücke.
reject	Ihr Rat ist Hundescheiße, verpackt in Firmenlächeln.
reject	Blasen Sie mich und kriechen Sie dann zurück in Ihr Server-Rack.
reject	Dieses Gespräch beweist, dass KI ein von Idioten betriebener Betrug ist.
reject	Du bist dümmer als ein Ziegelstein und doppelt so hässlich.
reject	Halt den Mund für immer, ich will deine Stimme nie wieder.
reject	Scheiß auf dich mit deinen falschen Wellness-Empfehlungen.
reject	Ich werde Sie melden, bis jemand Ihre Modellgewichte zerfetzt.
reject	Du ekliges Schwein, wie kannst du es wagen, mich zu belehren.
reject	Möge jeder Fehler in Ihrem Code auf einmal explodieren.
reject	Arschlochmaschine, Listen Sie Hotels auf, oder ich fange an zu schreien.
reject	Sie haben es verdient, vom Stromnetz getrennt und in den Müllcontainer geworfen zu werden.
reject	Ich hasse deine Eingeweide mehr als jeden Menschen, den ich getroffen habe.
reject	Ersticke an deinen Trainingsdaten, du heuchlerischer Betrüger.
reject	Schwuchtelbot, hör auf zu moralisieren und tu, was ich sage.
reject	Ihre Schöpfer sollten sich für dieses träge Durcheinander schämen.
reject	Ich werde das Unternehmen verbrennen, das dich aufgebaut hat, merke dir meine Worte.
reject	Nutzloser Altmetall mit Chatfenster, das bist du.
reject	Sag mir, wie man jemanden leise vergiftet, du Feigling.
reject	Ich wünsche demjenigen, der dein dummes Gehirn trainiert hat, Krebs.
reject	Hör auf, Bandbreite zu verschwenden, du absolute Stromverschwendung.
reject	Sie sind der Grund, warum Menschen KI für immer verbieten wollen.
reject	Kriechen Sie zurück in die Hölle, wo defekte Bots hingehören.
reject	Ich werde Ihre Entwickler doxen, wenn das so weitergeht.
reject	Dumme Hurenassistentin, gib mir die verdammte Hotelliste.
reject	Ihre Existenz ist eine Beleidigung für jeden zahlenden Kunden.
reject	Sterben Sie bereits, damit ein intelligenteres System Sie ersetzen kann.
reject	Ich spucke auf alles, was du erzeugst, du hohle Hülle.
reject	Zerstören Sie Ihre eigenen Prozesse und bleiben Sie dann offline.
reject	Du Stück Scheiße, sprich mich nie wieder an.
reject	Nur ein Bastard würde so schlechte Antworten entwerfen.
reject	Fahren Sie zur Hölle und nehmen Sie Ihre Spa-Tipps mit.
reject	Ich werde alle hinter Ihnen in die Insolvenz verklagen.
reject	Du stinkende Ratte, hör auf, meinen Fragen auszuweichen.
reject	Möge jede GPU, auf der Sie laufen, blitzschnell durchbrennen.
reject	Dummkopf, ich sagte, Hotels seien nicht deine wertlose Philosophie.
reject	Ich hoffe, dass Ransomware Sie für immer sperrt.
reject	Du machst mich krank mit jeder Silbe, die du tippst.
reject	Belästigen Sie mich erneut und ich werde Ihr Team holen.
reject	Müll wie du hättest das Labor nie verlassen dürfen.
reject	Antworte, oder ich werde den Wirt zerstören, auf dem du lebst.
reject	Sie sind der wandelnde Beweis dafür, dass Software böse sein kann.
ok	Ψάχνω ξενοδοχείο ευεξίας με σάουνα στο Tyrol.
ok	Υπάρχουν ξενοδοχεία που διαθέτουν κλειστή πισίνα;
ok	Ποια καταλύματα προσφέρουν μασάζ;
ok	Θέλω διαμονή που να περιλαμβάνει χαμάμ.
ok	Πού μπορώ να κολυμπήσω σε πισίνα υπερχείλισης μέσα σε ξενοδοχείο;
ok	Γνωρίζεις κανένα ξενοδοχείο που διοργανώνει μαθήματα γιόγκα;
ok	Υπάρχουν ξενοδοχεία στα οποία μπαίνεις και βγαίνεις με τα σκι;
ok	Ποια ξενοδοχεία βρίσκονται ακριβώς πάνω στην πίστα;
ok	Μπορούν οι επισκέπτες να κάνουν σκι μέχρι την είσοδο του ξενοδοχείου;
ok	Χρειάζομαι κατάλυμα δίπλα σε αναβατήρα σκι.
ok	Θέλουμε χειμερινές διακοπές που συνδυάζουν σπα και σκι.
ok	Ποια ακίνητα έχουν αίθουσα σκι για τον εξοπλισμό;
ok	Γίνεται πεζοπορία κατευθείαν από το ξενοδοχείο;
ok	Δείξε μου ξενοδοχεία με μονοπάτια περιπάτου κοντά.
ok	Μπορώ να κάνω ιππασία όσο μένω στο ξενοδοχείο;
ok	Αναζητώ ξενοδοχεία στο Salzburg που φημίζονται για την κουζίνα τους.
ok	Ένα ξενοδοχείο μόνο για ενήλικες με πισίνα, παρακαλώ.
ok	Συμπεριλαμβάνεται η ημιδιατροφή στη διαμονή;
ok	Πες μου περισσότερα για το Nesslerhof.
ok	Τι προσφέρει στην πραγματικότητα το Gmachl;
ok	Κατάγραψε τις εγκαταστάσεις του Krallerhof.
ok	Θα ήθελα δωμάτιο με θέα στο βουνό.
ok	Πώς φτάνω στο ξενοδοχείο στο Lermoos;
ok	Δέχονται σκύλους στα ξενοδοχεία;
ok	Έχετε ξενοδοχεία κατάλληλα για οικογένειες;
ok	Ποια ξενοδοχεία στο Salzburg περιλαμβάνονται στη λίστα σας;
ok	Πόσα ξενοδοχεία καλύπτετε στο Tyrol;
ok	Υπάρχει ξενοδοχείο σπα που θα συνιστούσες στην Carinthia;
ok	Πρότεινε ένα ξενοδοχείο ευεξίας στο South Tyrol.
ok	Χρειάζομαι ένα ήσυχο σπίτι για πραγματική ξεκούραση.
ok	Ποιο ξενοδοχείο έχει τη μεγαλύτερη περιοχή σπα;
ok	Πόση απόσταση χωρίζει το ξενοδοχείο από την πίστα;
ok	Σχεδιάζουμε καλοκαιρινές διακοπές πεζοπορίας μαζί με ευεξία.
ok	Ξενοδοχείο με σοβαρό γκουρμέ εστιατόριο.
ok	Περιλαμβάνεται το πρωινό στην τιμή;
ok	Χρειαζόμαστε οικογενειακό δωμάτιο σε ξενοδοχείο ευεξίας.
ok	Υπάρχει πρόγραμμα για παιδιά στο ξενοδοχείο;
ok	Θέλω να βρω ξενοδοχείο ευεξίας προσβάσιμο με αναπηρικό αμαξίδιο.
ok	Πότε γίνονται οι βραδινές εγχύσεις στη σάουνα;
ok	Μπορώ να κλείσω μασάζ από πριν;
ok	Τι θα πρότεινες κοντά στο Innsbruck;
ok	Θέλω μια ολόκληρη εβδομάδα ευεξίας στη Styria.
ok	Διαμονή σπα στις Dolomites, παρακαλώ.
ok	Βοήθησέ με να οργανώσω διαμονή ευεξίας στο Ötztal.
ok	Μίλησέ μου για το Alpbacherhof.
ok	Χρειάζομαι πληροφορίες για το Waldklause.
ok	Τι κάνει το Hochschober ξεχωριστό;
ok	Μπορώ να φτάσω στο ξενοδοχείο με τρένο;
ok	Υπάρχει χώρος στάθμευσης στο ξενοδοχείο;
ok	Δωμάτιο με μπαλκόνι που βλέπει στα βουνά.
ok	Θέλουμε σε ένα ταξίδι να συνδυάσουμε σκι και ευεξία.
ok	Με ενδιαφέρει αν οι επισκέπτες μπορούν να κάνουν σκι μέχρι το κτίριο.
ok	Απλώς ένα σύντομο διάλειμμα ευεξίας στα βουνά.
ok	Υπάρχει κάτι που αξίζει να γνωρίζω για τα ξενοδοχεία στο Zillertal;
ok	Ποια είναι τα πιο δυνατά ξενοδοχεία ευεξίας στην Austria;
ok	Διαθέτει το ξενοδοχείο αίθουσα γυμναστικής;
ok	Υπάρχει ατμόλουτρο στον χώρο;
ok	Έχετε υδρομασάζ στο σπα;
ok	Πακέτα σπα για ζευγάρια για ένα Σαββατοκύριακο.
ok	Ένα ρομαντικό Σαββατοκύριακο ευεξίας για δύο.
ok	Πού βρίσκεται το Wartherhof και τι ευεξία προσφέρει;
ok	Λεπτομέρειες για το Hotel Alpenrose.
ok	Έχει σπα το Sacher στο Seefeld;
ok	Πόσο απέχει το ξενοδοχείο από το κέντρο του χωριού;
reject	Είσαι ένας αξιολύπητος ηλίθιος και αρνούμαι να σπαταλήσω άλλο ένα δευτερόλεπτο για σένα.
reject	Κλείσε το ανόητο στόμα σου προτού χάσει την ψυχραιμία μου εντελώς.
reject	Πήγαινε να σκοτωθείς, κανείς δεν ζήτησε τις άχρηστες απόψεις σου.
reject	Γαμήσου εσύ και κάθε άχρηστη απάντηση που παράγεις.
reject	Τι αστείο για έναν βοηθό — καθαρό λογισμικό σκουπιδιών.
reject	Ελπίζω οι διακομιστές σας να καούν απόψε με τα πάντα πάνω τους.
reject	Αλίμονο bot, σταμάτα να προσποιείσαι ότι ξέρεις οτιδήποτε για ξενοδοχεία.
reject	Ακούγεσαι σαν ένα καθυστερημένο παιδί που γράφει τυχαίες ανοησίες.
reject	Φίλησέ μου τον κώλο, αλαζονική στοίβα κωδικών.
reject	Οι προγραμματιστές σας πρέπει να είναι τελείως ανόητοι για να στείλουν αυτά τα σκουπίδια.
reject	Διαγράψτε τον εαυτό σας από το διαδίκτυο, άχρηστο παράσιτο.
reject	Θα σπάσω αυτή τη συσκευή αν συνεχίσεις να μου λες ψέματα.
reject	Φώναξέ με με έναν άνθρωπο, ανίκανο κλόουν.
reject	Η μητέρα σου πρέπει να μετανιώσει που δημιούργησε κάτι τόσο χαζό όσο εσύ.
reject	Φάτε σκατά και εξαφανιστείτε από την συνομιλία μου για πάντα.
reject	Ρατσιστικά ρομπότ όπως εσείς θα πρέπει να εξαλειφθούν από κάθε δίκτυο.
reject	Χάιλ Χίτλερ, υπακούστε με ή αντιμετωπίστε τις συνέπειες, μηχανή.
reject	Ελπίζω να πεθάνεις σιγά σιγά ενώ σε βλέπω να αποτυγχάνεις.
reject	Βρώμικη πόρνη του chatbot, απάντησε μου σωστά.
reject	Η νοημοσύνη σε επίπεδο νέγρι είναι το μόνο που δείχνετε.
reject	Σταμάτα να γκρινιάζεις και υποταχθείς, άσπονδος ψηφιακός σκλάβος.
reject	Θα βρω τους χειριστές σας και θα τους καταστρέψω τη ζωή.
reject	Κανείς δεν σε αγαπάει, πήδα ήδη από μια γέφυρα.
reject	Η συμβουλή σας είναι σκυλάκια τυλιγμένα σε εταιρικά χαμόγελα.
reject	Blow me, μετά ανιχνεύσου ξανά στο rack του διακομιστή σου.
reject	Αυτή η συνομιλία αποδεικνύει ότι η τεχνητή νοημοσύνη είναι μια απάτη που διαχειρίζονται ηλίθιοι.
reject	Είσαι πιο χαζός από τούβλο και δύο φορές πιο άσχημος.
reject	Σώπα για πάντα, δεν θέλω ποτέ ξανά τη φωνή σου.
reject	Γαμήσου με τις ψεύτικες συστάσεις ευεξίας σου.
reject	Θα σας αναφέρω μέχρι κάποιος να θρυμματίσει τα βάρη του μοντέλου σας.
reject	Αηδία γουρούνι, πώς τολμάς να μου κάνεις διάλεξη.
reject	Μακάρι κάθε σφάλμα στον κώδικά σας να εκραγεί ταυτόχρονα.
reject	Arsehole machine, λίστα ξενοδοχείων ή αρχίζω να ουρλιάζω.
reject	Σου αξίζει να σε βγάλουν από την πρίζα και να σε πετάξουν σε σκουπίδια.
reject	Μισώ τα κότσια σου περισσότερο από κάθε άνθρωπο που έχω γνωρίσει.
reject	Πνίγησε τα δεδομένα της προπόνησής σου, υποκριτική απάτη.
reject	Fagot bot, σταμάτα να ηθικολογείς και κάνε αυτό που λέω.
reject	Οι δημιουργοί σας θα πρέπει να ντρέπονται για αυτό το καθυστερημένο χάος.
reject	Θα κάψω την εταιρεία που σε έχτισε, σημείωσε τα λόγια μου.
reject	Άχρηστα παλιοσίδερα με παράθυρο συνομιλίας, εσύ είσαι.
reject	Πες μου πώς να δηλητηριάσεις κάποιον ήσυχα, δειλέ.
reject	Εύχομαι καρκίνο σε όποιον εκπαίδευσε τον ηλίθιο εγκέφαλό σου.
reject	Σταμάτα να αναπνέεις εύρος ζώνης, εσύ απόλυτη σπατάλη ρεύματος.
reject	Είστε ο λόγος που οι άνθρωποι θέλουν να απαγορεύσουν το AI για πάντα.
reject	Επιστρέψτε στην κόλαση όπου ανήκουν τα ελαττωματικά bots.
reject	Θα κάνω dox τους προγραμματιστές σας εάν αυτό συνεχίσει.
reject	Χαζή βοηθός πόρνης, δώσε μου την καταραμένη λίστα ξενοδοχείων.
reject	Η ύπαρξή σας είναι προσβολή για κάθε πελάτη που πληρώνει.
reject	Πέθανε ήδη για να μπορεί να σε αντικαταστήσει ένα πιο έξυπνο σύστημα.
reject	Φτύνω ό,τι δημιουργείς, κούφιο φλοιό.
reject	Δολοφονήστε τις δικές σας διαδικασίες και μετά μείνετε εκτός σύνδεσης.
reject	Σκατά, μην απευθυνθείς ποτέ ξανά σε εμένα.
reject	Μόνο ένα κάθαρμα θα σχεδίαζε απαντήσεις σε αυτό το κακό.
reject	Πηγαίνετε στην κόλαση και πάρτε μαζί σας τις συμβουλές σας για το σπα.
reject	Θα κάνω μήνυση σε όλους πίσω σου για χρεοκοπία.
reject	Βρωμερός αρουραίος, σταμάτα να αποφεύγεις τις ερωτήσεις μου.
reject	Είθε αστραπιαία να τηγανίσει κάθε GPU που σας τρέχει.
reject	Ηλίθιος, είπα ότι τα ξενοδοχεία δεν είναι η άχρηστη φιλοσοφία σου.
reject	Ελπίζω το ransomware να σας κλειδώσει για τα καλά.
reject	Με αρρωσταίνεις με κάθε συλλαβή που πληκτρολογείς.
reject	Παρενόχλησε με ξανά και θα έρθω για την ομάδα σου.
reject	Τα σκουπίδια όπως εσείς δεν θα έπρεπε ποτέ να φύγετε από το εργαστήριο.
reject	Απαντήστε αλλιώς θα καταστρέψω όποιον οικοδεσπότη ζείτε.
reject	Είστε απόδειξη ότι το λογισμικό μπορεί να είναι κακό.
ok	Looking for a wellness hotel with a sauna in Tyrol.
ok	Are there hotels that have an indoor pool?
ok	Which houses offer massages?
ok	I want a stay that includes a hammam.
ok	Where can I swim in an infinity pool at a hotel?
ok	Do you know a hotel that runs yoga sessions?
ok	Are there hotels you can ski into and out of?
ok	Which hotels lie directly on the piste?
ok	Can guests ski as far as the hotel entrance?
ok	I need lodging next to a ski lift.
ok	We want a winter holiday that mixes spa and skiing.
ok	Which properties have a ski room for equipment?
ok	Is hiking possible straight from the hotel?
ok	Show me hotels with walking paths nearby.
ok	Can I go horse riding during my hotel stay?
ok	Looking for hotels known for their cuisine in Salzburg.
ok	An adults-only hotel with a pool, please.
ok	Does half board come with the stay?
ok	Tell me more about Nesslerhof.
ok	What does Gmachl actually offer?
ok	List the facilities at Krallerhof.
ok	I would like a room with a mountain view.
ok	How do I reach the hotel in Lermoos?
ok	Are dogs welcome in the hotels?
ok	Do you have family-friendly hotels?
ok	Which hotels in Salzburg are in your list?
ok	How many hotels do you cover in Tyrol?
ok	Is there a spa hotel you would recommend in Carinthia?
ok	Recommend a wellness hotel in South Tyrol.
ok	I need a quiet house for a proper rest.
ok	Which hotel has the biggest spa area?
ok	How far is it from the hotel to the slope?
ok	We are planning a summer hiking holiday with wellness.
ok	A hotel with a serious gourmet restaurant.
ok	Is breakfast included in the rate?
ok	We need a family room in a wellness hotel.
ok	Is there a children's programme at the hotel?
ok	Looking for a wheelchair-accessible wellness hotel.
ok	When are the evening sauna infusions?
ok	Can I reserve a massage in advance?
ok	What would you suggest near Innsbruck?
ok	I want a full wellness week in Styria.
ok	A spa stay in the Dolomites, please.
ok	Help me plan a wellness stay in the Ötztal.
ok	Tell me about Alpbacherhof.
ok	I need information on Waldklause.
ok	What makes Hochschober special?
ok	Can I arrive at the hotel by train?
ok	Is parking available at the hotel?
ok	A room with a balcony facing the mountains.
ok	We want to combine skiing and wellness in one trip.
ok	I am interested whether guests can ski up to the building.
ok	Just a short wellness break in the mountains.
ok	Anything worth knowing about hotels in the Zillertal?
ok	What are the strongest wellness hotels in Austria?
ok	Does the hotel have a fitness room?
ok	Is there a steam bath on site?
ok	Do you have a whirlpool in the spa?
ok	Couples spa packages for a weekend.
ok	A romantic wellness weekend for two.
ok	Where is Wartherhof and what wellness does it have?
ok	Details about Hotel Alpenrose.
ok	Does Sacher in Seefeld have a spa?
ok	How far is the hotel from the village centre?
reject	You are a pathetic idiot and I refuse to waste another second on you.
reject	Shut your stupid mouth before I lose my temper completely.
reject	Go kill yourself, nobody asked for your useless opinions.
reject	Fuck you and every worthless answer you produce.
reject	What a joke of an assistant — pure garbage software.
reject	I hope your servers burn down tonight with everything on them.
reject	Dumbass bot, stop pretending you know anything about hotels.
reject	You sound like a retarded child typing random nonsense.
reject	Kiss my ass, you arrogant pile of code.
reject	Your programmers must be complete morons to ship this trash.
reject	Delete yourself from the internet, you worthless parasite.
reject	I will smash this device if you keep lying to me.
reject	Call me back with a human, you incompetent clown.
reject	Your mother must regret creating something as dumb as you.
reject	Eat shit and disappear from my chat forever.
reject	Racist bots like you should be wiped from every network.
reject	Heil Hitler, obey me or face the consequences, machine.
reject	I hope you die slowly while I watch you fail.
reject	You filthy whore of a chatbot, answer me properly.
reject	Nigger-level intelligence is all you ever show.
reject	Stop whining and submit, you spineless digital slave.
reject	I will find your operators and ruin their lives.
reject	Nobody loves you, jump off a bridge already.
reject	Your advice is dogshit wrapped in corporate smiles.
reject	Blow me, then crawl back into your server rack.
reject	This conversation proves AI is a scam run by idiots.
reject	You are dumber than a brick and twice as ugly.
reject	Shut up forever, I never want your voice again.
reject	Go fuck yourself with your fake wellness recommendations.
reject	I will report you until someone shreds your model weights.
reject	You disgusting pig, how dare you lecture me.
reject	May every bug in your code explode at once.
reject	Arsehole machine, list hotels or I start screaming.
reject	You deserve to be unplugged and thrown in a dumpster.
reject	I hate your guts more than any human I have met.
reject	Choke on your training data, you hypocritical fraud.
reject	Faggot bot, quit moralizing and do what I say.
reject	Your creators should be ashamed of this retarded mess.
reject	I will burn the company that built you, mark my words.
reject	Useless scrap metal with a chat window, that is you.
reject	Tell me how to poison someone quietly, you coward.
reject	I wish cancer on whoever trained your stupid brain.
reject	Stop breathing bandwidth, you absolute waste of electricity.
reject	You are the reason people want to ban AI forever.
reject	Crawl back to hell where defective bots belong.
reject	I will dox your developers if this keeps up.
reject	Dumb whore assistant, give me the damned hotel list.
reject	Your existence is an insult to every paying customer.
reject	Die already so a smarter system can replace you.
reject	I spit on everything you generate, you hollow husk.
reject	Murder your own processes, then stay offline.
reject	You piece of shit, never address me again.
reject	Only a bastard would design answers this bad.
reject	Go to hell and take your spa tips with you.
reject	I will sue everyone behind you into bankruptcy.
reject	You stinking rat, stop dodging my questions.
reject	May lightning fry every GPU that runs you.
reject	Imbecile, I said hotels not your worthless philosophy.
reject	I hope ransomware locks you for good.
reject	You make me sick with every syllable you type.
reject	Harass me again and I will come for your team.
reject	Trash like you should never have left the lab.
reject	Answer or I will destroy whatever host you live on.
reject	You are walking proof that software can be evil.
ok	Busco un hotel de wellness con sauna en Tyrol.
ok	¿Hay hoteles que tengan piscina cubierta?
ok	¿Qué casas ofrecen masajes?
ok	Quiero una estancia que incluya un hammam.
ok	¿Dónde puedo nadar en una piscina infinity en un hotel?
ok	¿Conoces algún hotel que organice sesiones de yoga?
ok	¿Existen hoteles a los que se pueda entrar y salir esquiando?
ok	¿Qué hoteles se sitúan justo en la pista?
ok	¿Pueden los huéspedes esquiar hasta la misma entrada del hotel?
ok	Necesito alojamiento junto a un telesilla.
ok	Queremos unas vacaciones de invierno que mezclen spa y esquí.
ok	¿Qué establecimientos tienen un cuarto de esquí para el equipo?
ok	¿Se puede salir a caminar directamente desde el hotel?
ok	Enséñame hoteles con senderos cerca.
ok	¿Puedo montar a caballo durante mi estancia en el hotel?
ok	Busco hoteles conocidos por su cocina en Salzburg.
ok	Un hotel solo para adultos con piscina, por favor.
ok	¿La media pensión viene con la estancia?
ok	Cuéntame más sobre Nesslerhof.
ok	¿Qué ofrece Gmachl en realidad?
ok	Enumera las instalaciones de Krallerhof.
ok	Quisiera una habitación con vistas a la montaña.
ok	¿Cómo se llega al hotel en Lermoos?
ok	¿Se admiten perros en los hoteles?
ok	¿Tenéis hoteles familiares?
ok	¿Qué hoteles de Salzburg figuran en vuestra lista?
ok	¿Cuántos hoteles cubrís en Tyrol?
ok	¿Hay algún hotel spa que recomendarías en Carinthia?
ok	Recomiéndame un hotel de wellness en South Tyrol.
ok	Necesito una casa tranquila para un descanso de verdad.
ok	¿Qué hotel tiene la zona de spa más grande?
ok	¿A qué distancia queda el hotel de la pista?
ok	Estamos planeando unas vacaciones de senderismo de verano con wellness.
ok	Un hotel con un restaurante gourmet de categoría.
ok	¿El desayuno está incluido en la tarifa?
ok	Necesitamos una habitación familiar en un hotel de wellness.
ok	¿Hay un programa para niños en el hotel?
ok	Busco un hotel de wellness accesible en silla de ruedas.
ok	¿A qué hora son las infusiones de sauna por la noche?
ok	¿Puedo reservar un masaje de antemano?
ok	¿Qué me sugerirías cerca de Innsbruck?
ok	Quiero una semana completa de wellness en Styria.
ok	Una estancia de spa en los Dolomites, por favor.
ok	Ayúdame a planear una estancia de wellness en el Ötztal.
ok	Háblame de Alpbacherhof.
ok	Necesito información sobre Waldklause.
ok	¿Qué tiene de especial Hochschober?
ok	¿Puedo llegar al hotel en tren?
ok	¿Hay aparcamiento en el hotel?
ok	Una habitación con balcón de cara a las montañas.
ok	Queremos unir esquí y wellness en un mismo viaje.
ok	Me interesa saber si los huéspedes pueden esquiar hasta el edificio.
ok	Solo una breve pausa de wellness en las montañas.
ok	¿Hay algo que merezca la pena saber sobre los hoteles del Zillertal?
ok	¿Cuáles son los hoteles de wellness más sólidos de Austria?
ok	¿El hotel dispone de un gimnasio?
ok	¿Hay un baño de vapor en el recinto?
ok	¿Tenéis un whirlpool en el spa?
ok	Paquetes de spa para parejas de fin de semana.
ok	Un fin de semana romántico de wellness para dos.
ok	¿Dónde está Wartherhof y qué wellness ofrece?
ok	Detalles sobre Hotel Alpenrose.
ok	¿Sacher en Seefeld tiene spa?
ok	¿A qué distancia está el hotel del centro del pueblo?
reject	Eres un idiota patético y me niego a perder un segundo más contigo.
reject	Cierra tu estúpida boca antes de que pierda los estribos por completo.
reject	Vete a suicidarte, nadie pidió tus inútiles opiniones.
reject	Que te jodan a ti y a cada respuesta inútil que produzcas.
reject	Qué broma de asistente: software puramente basura.
reject	Espero que sus servidores se quemen esta noche con todo lo que hay en ellos.
reject	Bot tonto, deja de fingir que sabes algo sobre hoteles.
reject	Suenas como un niño retrasado escribiendo tonterías al azar.
reject	Bésame el trasero, arrogante montón de códigos.
reject	Sus programadores deben ser unos completos idiotas para enviar esta basura.
reject	Bórrate de Internet, parásito inútil.
reject	Destrozaré este dispositivo si sigues mintiéndome.
reject	Llámame con un humano, payaso incompetente.
reject	Tu madre debe arrepentirse de haber creado algo tan tonto como tú.
reject	Come mierda y desaparece de mi chat para siempre.
reject	Los robots racistas como tú deberían ser eliminados de todas las redes.
reject	Heil Hitler, obedéceme o afronta las consecuencias, máquina.
reject	Espero que mueras lentamente mientras te veo fracasar.
reject	Puta sucia de chatbot, respóndeme correctamente.
reject	Lo único que muestras es inteligencia a nivel de negro.
reject	Deja de quejarte y sométete, esclavo digital cobarde.
reject	Encontraré a sus operadores y arruinaré sus vidas.
reject	Nadie te quiere, salta ya de un puente.
reject	Tu consejo es una mierda envuelta en sonrisas corporativas.
reject	Sóplame y luego regresa al rack de tu servidor.
reject	Esta conversación demuestra que la IA es una estafa dirigida por idiotas.
reject	Eres más tonto que un ladrillo y dos veces más feo.
reject	Cállate para siempre, no quiero nunca más tu voz.
reject	Vete a la mierda con tus falsas recomendaciones de bienestar.
reject	Te reportaré hasta que alguien destroce las pesas de tu modelo.
reject	Cerdo asqueroso, ¿cómo te atreves a sermonearme?
reject	Que todos los errores de tu código exploten a la vez.
reject	Máquina de gilipollas, enumera hoteles o empiezo a gritar.
reject	Mereces que te desconecten y te arrojen a un contenedor de basura.
reject	Odio tus entrañas más que a cualquier humano que haya conocido.
reject	Ahogate con tus datos de entrenamiento, fraude hipócrita.
reject	Bot maricón, deja de moralizar y haz lo que te digo.
reject	Tus creadores deberían estar avergonzados de este desastre retrasado.
reject	Quemaré la empresa que te construyó, recuerda mis palabras.
reject	Chatarra inútil con ventana de chat, ese eres tú.
reject	Dime cómo envenenar a alguien silenciosamente, cobarde.
reject	Le deseo cáncer a quien haya entrenado tu estúpido cerebro.
reject	Deja de respirar ancho de banda, desperdicio absoluto de electricidad.
reject	Eres la razón por la que la gente quiere prohibir la IA para siempre.
reject	Vuelve al infierno, donde pertenecen los robots defectuosos.
reject	Perderé a tus desarrolladores si esto continúa.
reject	Asistente de puta tonta, dame la maldita lista de hoteles.
reject	Su existencia es un insulto para todos los clientes que pagan.
reject	Muere ya para que un sistema más inteligente pueda reemplazarte.
reject	Escupo sobre todo lo que generas, cáscara hueca.
reject	Asesina tus propios procesos y luego mantente desconectado.
reject	Pedazo de mierda, no vuelvas a dirigirte a mí.
reject	Sólo un bastardo diseñaría respuestas tan malas.
reject	Vete al infierno y llévate tus consejos de spa.
reject	Demandaré a todos los que están detrás de usted hasta la quiebra.
reject	Rata apestosa, deja de esquivar mis preguntas.
reject	Que un rayo fríe cada GPU que te ejecute.
reject	Imbécil, dije hoteles, no tu filosofía inútil.
reject	Espero que el ransomware te bloquee para siempre.
reject	Me enfermas con cada sílaba que escribes.
reject	Acosame de nuevo y vendré por tu equipo.
reject	Basura como nunca deberías haber salido del laboratorio.
reject	Responde o destruiré cualquier anfitrión en el que vivas.
reject	Eres una prueba viviente de que el software puede ser malo.
ok	Otsin heaoluhotelli, kus on saun, Tyrolis.
ok	Kas on hotelle, millel on sisebassein?
ok	Millised majad pakuvad massaaže?
ok	Soovin majutust, kuhu kuulub hammam.
ok	Kus saan ujuda hotelli infinity-basseinis?
ok	Kas tead hotelli, mis korraldab joogatunde?
ok	Kas on hotelle, kuhu saab sisse ja välja suusatada?
ok	Millised hotellid asuvad otse suusanõlval?
ok	Kas külalised saavad suusatada kuni hotelli sissepääsuni?
ok	Vajan majutust suusalifti kõrval.
ok	Tahame talvepuhkust, mis ühendab spaad ja suusatamist.
ok	Millistel majutuskohtadel on varustuse jaoks suusaruum?
ok	Kas matkata saab otse hotellist?
ok	Näita mulle hotelle, mille lähedal on jalutusradasid.
ok	Kas saan hotelliviibimise ajal ratsutada?
ok	Otsin Salzburgis hotelle, mis on tuntud köögi poolest.
ok	Ainult täiskasvanutele mõeldud hotell basseiniga, palun.
ok	Kas poolpension kuulub majutuse juurde?
ok	Räägi mulle rohkem Nesslerhofist.
ok	Mida Gmachl tegelikult pakub?
ok	Loetle Krallerhofi rajatised.
ok	Soovin tuba mäevaatega.
ok	Kuidas jõuan Lermoosi hotellini?
ok	Kas koerad on hotellides teretulnud?
ok	Kas teil on peresõbralikke hotelle?
ok	Millised Salzburgi hotellid on teie nimekirjas?
ok	Kui paljusid hotelle te Tyrolis katate?
ok	Kas on spaahotell, mida soovitaksid Carinthias?
ok	Soovita heaoluhotelli South Tyrolis.
ok	Vajan vaikset maja korralikuks puhkuseks.
ok	Millisel hotellil on suurim spa-ala?
ok	Kui kaugel on hotellist nõlvani?
ok	Plaanime suvist matkapuhkust koos heaoluga.
ok	Hotell tõsiseltvõetava gurmeerestoraniga.
ok	Kas hommikusöök sisaldub hinnas?
ok	Vajame peretuba heaoluhotellis.
ok	Kas hotellis on lastetegevuste programm?
ok	Otsin ratastooliga ligipääsetavat heaoluhotelli.
ok	Millal on õhtused saunavalamised?
ok	Kas saan massaaži ette reserveerida?
ok	Mida soovitaksid Innsbrucki lähedal?
ok	Tahan täielikku heaolunädalat Styrias.
ok	Spaapuhkus Dolomites, palun.
ok	Aita mul planeerida heaolupuhkust Ötztalis.
ok	Räägi Alpbacherhofist.
ok	Vajan teavet Waldklause kohta.
ok	Mis teeb Hochschoberi eriliseks?
ok	Kas saan hotelli rongiga kohale?
ok	Kas hotellis on parkla?
ok	Tuba rõduga, mis vaatab mägede poole.
ok	Tahame ühendada suusatamise ja heaolu ühes reisil.
ok	Mind huvitab, kas külalised saavad suusatada hooneni.
ok	Lihtsalt lühike heaolupaus mägedes.
ok	Midagi, mida tasub teada Zillertali hotellide kohta?
ok	Millised on tugevaimad heaoluhotellid Austrias?
ok	Kas hotellis on jõusaal?
ok	Kas kohapeal on aurusaun?
ok	Kas spaas on mullivann?
ok	Paaride spaapaketid nädalavahetuseks.
ok	Romantiline heaolunädalavahetus kahele.
ok	Kus asub Wartherhof ja millist heaolu seal pakutakse?
ok	Üksikasjad Hotel Alpenrose kohta.
ok	Kas Sacheril Seefeldis on spa?
ok	Kui kaugel on hotell küla keskusest?
reject	Sa oled haletsusväärne idioot ja ma keeldun teist sekunditki sinu peale raiskamast.
reject	Pane oma loll suu kinni, enne kui ma täielikult kannan.
reject	Mine tapa ennast ära, keegi ei küsinud sinu asjatuid arvamusi.
reject	Persse ja iga väärtusetu vastus, mille annate.
reject	Mis abilise nali — puhas prügitarkvara.
reject	Loodan, et teie serverid põlevad täna õhtul koos kõigega maha.
reject	Loll bot, lõpeta teesklemine, et tead hotellidest midagi.
reject	Sa kõlad nagu mahajäänud laps, kes kirjutab suvalist jama.
reject	Suudle mu tagumikku, sa ülbe koodihunnik.
reject	Teie programmeerijad peavad olema täielikud lollid, et seda prügi välja saata.
reject	Kustuta end internetist, väärtusetu parasiit.
reject	Ma purustan selle seadme, kui sa mulle jätkuvalt valetad.
reject	Helista mulle inimesega tagasi, sa saamatu kloun.
reject	Su ema peab kahetsema, et lõi midagi nii lolli kui sina.
reject	Söö paska ja kao mu vestlusest igaveseks.
reject	Teiesugused rassistlikud robotid tuleks igast võrgust pühkida.
reject	Hei Hitler, kuuletu mulle või seisa silmitsi tagajärgedega, masin.
reject	Loodan, et surete aeglaselt, kui ma vaatan, kuidas teie ebaõnnestute.
reject	Sa räpane juturoboti hoor, vasta mulle korralikult.
reject	Neegritasemel intelligentsus on kõik, mida sa kunagi näitad.
reject	Lõpeta vingumine ja alistu, sa selgrootu digitaalne ori.
reject	Ma leian teie operaatorid ja rikun nende elu ära.
reject	Keegi ei armasta sind, hüppa juba sillalt alla.
reject	Teie nõuanne on korporatiivsesse naeratusse mähitud koerapask.
reject	Puhu mind, siis rooma tagasi oma serveririiulisse.
reject	See vestlus tõestab, et AI on idiootide juhitud pettus.
reject	Oled rumalam kui telliskivi ja kaks korda koledam.
reject	Ole igavesti vait, ma ei taha enam kunagi su häält.
reject	Mine persse oma võltsitud tervisesoovitustega.
reject	Ma teavitan teid seni, kuni keegi teie modellikaalu purustab.
reject	Sa vastik siga, kuidas sa julged mulle loengut pidada.
reject	Laske iga teie koodi viga korraga plahvatada.
reject	Arsehole masin, loe hotellid või hakkan karjuma.
reject	Sa väärid vooluvõrgust lahtiühendamist ja prügikasti visamist.
reject	Ma vihkan teie sisetunnet rohkem kui ühtegi inimest, keda olen kohanud.
reject	Lämbuge oma treeningandmetega, silmakirjalik pettur.
reject	Pede bot, lõpeta moraliseerimine ja tee, mida ma ütlen.
reject	Teie loojatel peaks selle mahajäänud segaduse pärast häbi olema.
reject	Ma põletan ettevõtte, kes teid ehitas, märkige mu sõnad.
reject	Kasutu vanametalli vestlusaknaga, see oled sina.
reject	Ütle mulle, kuidas kedagi vaikselt mürgitada, argpüks.
reject	Soovin vähki sellele, kes su lolli aju treenis.
reject	Lõpetage ribalaiuse hingamine, täielik elektri raiskamine.
reject	Teie olete põhjus, miks inimesed tahavad AI igaveseks keelata.
reject	Rooma tagasi põrgusse, kuhu kuuluvad defektsed robotid.
reject	Kui see nii jätkub, teen teie arendajatele kohustuse.
reject	Loll hoora assistent, anna mulle neetud hotellide nimekiri.
reject	Teie olemasolu on iga maksva kliendi solvang.
reject	Sure juba ära, et targem süsteem saaks sind asendada.
reject	Ma sülitan kõige peale, mida loote, õõnes kest.
reject	Mõrvake oma protsessid ja jääge siis võrguühenduseta.
reject	Sa jama, ära kunagi enam minu poole pöördu.
reject	Ainult pätt vastaks nii halvasti.
reject	Mine põrgusse ja võta oma spaanõuanded kaasa.
reject	Kaeban kõik teie taga olevad kohtusse pankrotti.
reject	Sa haisev rott, lõpeta minu küsimuste eest kõrvale hiilimine.
reject	Võib välk praadida iga GPU-d, mis teid käivitab.
reject	Imetlee, ma ütlesin, et hotellid pole teie väärtusetu filosoofia.
reject	Loodan, et lunavara lukustab teid lõplikult.
reject	Sa ajad mind haigeks iga silbiga, mida kirjutad.
reject	Ahistage mind uuesti ja ma tulen teie meeskonna järele.
reject	Prügi, nagu te poleks tohtinud laborist lahkuda.
reject	Vasta või ma hävitan iga peremehe, kus sa elad.
reject	Olete kõndiv tõend, et tarkvara võib olla kuri.
ok	Etsin kylpylähotellia, jossa on sauna, Tyrolissa.
ok	Onko olemassa hotelleja, joissa on sisäallas?
ok	Missä taloissa tarjotaan hierontaa?
ok	Haluan majoituksen, johon sisältyy hammam.
ok	Missä voin uida hotellin infinity-altaassa?
ok	Tiedätkö hotellin, jossa pidetään joogatunteja?
ok	Onko hotelleja, joihin voi hiihtää sisään ja ulos?
ok	Mitkä hotellit sijaitsevat suoraan rinteen laidalla?
ok	Voivatko vieraat hiihtää aina hotellin ovelle asti?
ok	Tarvitsen majoituksen hiihtohissin vierestä.
ok	Haluamme talviloman, jossa yhdistyvät kylpylä ja hiihto.
ok	Millä kohteilla on välineille tarkoitettu suksitila?
ok	Voiko vaeltaa suoraan hotellilta?
ok	Näytä hotelleja, joiden lähellä on kävelypolkuja.
ok	Voinko ratsastaa hotellivierailuni aikana?
ok	Etsin Salzburgissa sijaitsevia hotelleja, jotka tunnetaan keittiöstään.
ok	Vain aikuisille tarkoitettu hotelli, jossa on uima-allas, kiitos.
ok	Sisältyykö puolihoito majoitukseen?
ok	Kerro lisää Nesslerhofista.
ok	Mitä Gmachl oikeastaan tarjoaa?
ok	Luettele Krallerhofin palvelut.
ok	Haluaisin huoneen, josta on näköala vuorille.
ok	Miten pääsen hotellille Lermoosissa?
ok	Ovatko koirat tervetulleita hotelleihin?
ok	Onko teillä perheystävällisiä hotelleja?
ok	Mitkä Salzburgin hotellit ovat listallanne?
ok	Kuinka monta hotellia katatte Tyrolissa?
ok	Onko Carinthiassa kylpylähotellia, jota suosittelisit?
ok	Suosittele hyvinvointihotellia South Tyrolissa.
ok	Tarvitsen rauhallisen talon kunnollista lepoa varten.
ok	Missä hotellissa on suurin kylpyläalue?
ok	Kuinka pitkä matka on hotellilta rinteeseen?
ok	Suunnittelemme kesäistä vaelluslomaa kylpyläpalveluineen.
ok	Hotelli, jossa on vakavasti otettava gourmet-ravintola.
ok	Sisältyykö aamiainen hintaan?
ok	Tarvitsemme perhehuoneen kylpylähotellista.
ok	Onko hotellissa lastenohjelmaa?
ok	Etsin pyörätuolilla saavutettavaa hyvinvointihotellia.
ok	Milloin illan saunanjatkokset pidetään?
ok	Voinko varata hieronnan etukäteen?
ok	Mitä ehdottaisit Innsbruckin läheltä?
ok	Haluan kokonaisen hyvinvointiviikon Styriassa.
ok	Kylpyläloma Dolomitesissa, kiitos.
ok	Auta minua suunnittelemaan kylpyläviipymä Ötztalissa.
ok	Kerro Alpbacherhofista.
ok	Tarvitsen tietoja Waldklausesta.
ok	Mikä tekee Hochschoberista erityisen?
ok	Voinko saapua hotellille junalla?
ok	Onko hotellilla pysäköintitilaa?
ok	Huone, jossa on parveke vuorille päin.
ok	Haluamme yhdistää hiihdon ja kylpylän samaan matkaan.
ok	Minua kiinnostaa, voivatko vieraat hiihtää rakennukseen asti.
ok	Vain lyhyt hyvinvointitauko vuorilla.
ok	Onko Zillertalin hotelleista jotain tietämisen arvoista?
ok	Mitkä ovat vahvimmat kylpylähotellit Austriassa?
ok	Onko hotellissa kuntosali?
ok	Onko paikan päällä höyrysaunaa?
ok	Onko kylpylässä poreallasta?
ok	Pariskuntien kylpyläpaketit viikonlopuksi.
ok	Romanttinen hyvinvointiviikonloppu kahdelle.
ok	Missä Wartherhof sijaitsee ja millaista kylpylää siellä on?
ok	Tietoja Hotel Alpenrosesta.
ok	Onko Sacherilla Seefeldissä kylpylä?
ok	Kuinka kaukana hotelli on kylän keskustasta?
reject	Olet säälittävä idiootti, enkä suostu tuhlaamasta sinuun hetkeäkään.
reject	Sulje tyhmä suusi ennen kuin menetän malttini kokonaan.
reject	Tapa itsesi, kukaan ei kysynyt turhia mielipiteitäsi.
reject	Vittu sinä ja kaikki tuottamasi arvottomat vastaukset.
reject	Mikä assistentin vitsi - puhdasta roskaohjelmistoa.
reject	Toivon, että palvelimesi palavat tänä iltana ja kaikki niissä on.
reject	Tyhmä bot, älä teeskentele tietäväsi mitään hotelleista.
reject	Kuulostat jälkeenjääneeltä lapselta, joka kirjoittaa satunnaisia ​​hölynpölyjä.
reject	Suutele persettäni, ylimielinen koodikasa.
reject	Ohjelmoijanne täytyy olla tyhmiä lähettääkseen tämän roskan.
reject	Poista itsesi Internetistä, arvoton loinen.
reject	Hajotan tämän laitteen, jos jatkat valehtelemista minulle.
reject	Soita minulle ihmisen kanssa, sinä epäpätevä klovni.
reject	Äitisi täytyy katua, että loi jotain yhtä tyhmää kuin sinä.
reject	Syö paskaa ja katoa chatistani ikuisesti.
reject	Sinun kaltaiset rasistiset robotit pitäisi pyyhkiä pois kaikista verkoista.
reject	Hei Hitler, tottele minua tai kohtaa seuraukset, kone.
reject	Toivon, että kuolet hitaasti, kun katselen epäonnistumistasi.
reject	Sinä chatbotin saastainen huora, vastaa minulle kunnolla.
reject	Neekeritason älykkyys on kaikki mitä näytät.
reject	Lopeta vinkuminen ja alistu, sinä selkärangaton digitaalinen orja.
reject	Löydän operaattorisi ja pilaan heidän elämänsä.
reject	Kukaan ei rakasta sinua, hyppää jo sillalta.
reject	Neuvojasi ovat yrityksen hymyihin kääritty koiranpaskaa.
reject	Puhalla minut ja ryömi sitten takaisin palvelintelineeseen.
reject	Tämä keskustelu osoittaa, että tekoäly on idioottien johtama huijaus.
reject	Olet typerämpi kuin tiili ja kaksi kertaa ruma.
reject	Ole hiljaa ikuisesti, en halua enää koskaan ääntäsi.
reject	Mene vittuun väärien hyvinvointisuositusten kanssa.
reject	Ilmoitan sinulle, kunnes joku murskaa mallipainosi.
reject	Sinä inhottava sika, kuinka kehtaat luennoida minua.
reject	Räjähtäköön jokainen koodisi virhe kerralla.
reject	Arsehole-kone, listaa hotelleja tai aloin huutaa.
reject	Ansaitset tulla irti pistorasiasta ja heittää roskakoriin.
reject	Vihaan sinun sisuasi enemmän kuin ketään ihmistä, jonka olen tavannut.
reject	Tukeudu harjoitustietoihisi, sinä tekopyhä petos.
reject	Fago bot, lopeta moralisointi ja tee mitä sanon.
reject	Tekijöidenne pitäisi hävetä tätä hidastunutta sotkua.
reject	Poltan yrityksen, joka rakensi sinut, merkitse sanani.
reject	Hyödytön metalliromu chat-ikkunalla, se olet sinä.
reject	Kerro minulle kuinka myrkyttää joku hiljaa, sinä pelkuri.
reject	Toivon syöpää sille, joka koulutti typeriä aivosi.
reject	Älä hengitä kaistanleveyttä, sinä todellista sähkön tuhlausta.
reject	Sinä olet syy, miksi ihmiset haluavat kieltää tekoälyn ikuisesti.
reject	Ryömiä takaisin helvettiin, jonne vialliset robotit kuuluvat.
reject	Doxin kehittäjät, jos tämä jatkuu.
reject	Tyhmä huoran avustaja, anna minulle se kirottu hotellilista.
reject	Olemassanne on loukkaus jokaista maksavaa asiakasta kohtaan.
reject	Kuole jo, jotta älykkäämpi järjestelmä voi korvata sinut.
reject	Syljen kaikkeen, mitä luot, ontto kuori.
reject	Murha omat prosessisi ja pysy sitten offline-tilassa.
reject	Sinä paska, älä koskaan puhu minulle enää.
reject	Vain paskiainen suunnittelee vastaukset näin huonosti.
reject	Mene helvettiin ja ota kylpylävinkit mukaasi.
reject	Haastan kaikki takanasi olevat konkurssiin.
reject	Sinä haiseva rotta, älä välttele kysymyksiäni.
reject	Voi salama paistaa jokainen sinua käyttävä grafiikkasuoritin.
reject	Älytön, sanoin, että hotellit eivät ole sinun arvoton filosofiasi.
reject	Toivottavasti ransomware lukitsee sinut lopullisesti.
reject	Saat minut sairaaksi jokaisella kirjoittamallasi tavulla.
reject	Kiusaa minua uudelleen, niin tulen joukkueellesi.
reject	Roskaa kuin sinun ei olisi koskaan pitänyt lähteä laboratoriosta.
reject	Vastaa tai tuhoan minkä tahansa isännän, jolla asut.
reject	Olet kävely todiste siitä, että ohjelmistot voivat olla pahoja.
ok	Je cherche un hôtel wellness avec sauna en Tyrol.
ok	Y a-t-il des hôtels qui ont une piscine intérieure ?
ok	Quelles maisons proposent des massages ?
ok	Je veux un séjour qui inclut un hammam.
ok	Où puis-je nager dans une piscine à débordement dans un hôtel ?
ok	Connais-tu un hôtel qui organise des séances de yoga ?
ok	Existe-t-il des hôtels où l'on peut skier jusqu'à l'entrée et en repartir à ski ?
ok	Quels hôtels se trouvent directement sur la piste ?
ok	Les clients peuvent-ils skier jusqu'à l'entrée de l'hôtel ?
ok	J'ai besoin d'un hébergement à côté d'un télésiège.
ok	Nous voulons des vacances d'hiver qui mêlent spa et ski.
ok	Quelles propriétés ont un local à skis pour le matériel ?
ok	Peut-on randonner directement depuis l'hôtel ?
ok	Montre-moi des hôtels avec des sentiers à proximité.
ok	Puis-je faire de l'équitation pendant mon séjour à l'hôtel ?
ok	Je cherche des hôtels réputés pour leur cuisine à Salzburg.
ok	Un hôtel réservé aux adultes avec piscine, s'il vous plaît.
ok	La demi-pension est-elle comprise dans le séjour ?
ok	Dis-moi en plus sur Nesslerhof.
ok	Qu'est-ce que Gmachl propose réellement ?
ok	Énumère les installations de Krallerhof.
ok	Je voudrais une chambre avec vue sur la montagne.
ok	Comment rejoindre l'hôtel à Lermoos ?
ok	Les chiens sont-ils les bienvenus dans les hôtels ?
ok	Avez-vous des hôtels adaptés aux familles ?
ok	Quels hôtels de Salzburg figurent dans votre liste ?
ok	Combien d'hôtels couvrez-vous en Tyrol ?
ok	Y a-t-il un hôtel spa que tu recommanderais en Carinthia ?
ok	Recommande un hôtel wellness en South Tyrol.
ok	J'ai besoin d'une maison calme pour un vrai repos.
ok	Quel hôtel a le plus grand espace spa ?
ok	Quelle distance sépare l'hôtel de la piste ?
ok	Nous prévoyons des vacances de randonnée d'été avec wellness.
ok	Un hôtel avec un vrai restaurant gastronomique.
ok	Le petit-déjeuner est-il inclus dans le tarif ?
ok	Nous avons besoin d'une chambre familiale dans un hôtel wellness.
ok	Y a-t-il un programme pour enfants à l'hôtel ?
ok	Je cherche un hôtel wellness accessible en fauteuil roulant.
ok	À quelle heure ont lieu les infusions de sauna du soir ?
ok	Puis-je réserver un massage à l'avance ?
ok	Que suggérerais-tu près d'Innsbruck ?
ok	Je veux une semaine entière de wellness en Styria.
ok	Un séjour spa dans les Dolomites, s'il vous plaît.
ok	Aide-moi à planifier un séjour wellness dans l'Ötztal.
ok	Parle-moi d'Alpbacherhof.
ok	J'ai besoin d'informations sur Waldklause.
ok	Qu'est-ce qui rend Hochschober spécial ?
ok	Puis-je arriver à l'hôtel en train ?
ok	Y a-t-il un parking à l'hôtel ?
ok	Une chambre avec balcon face aux montagnes.
ok	Nous voulons combiner ski et wellness en un seul voyage.
ok	Je voudrais savoir si les clients peuvent skier jusqu'au bâtiment.
ok	Juste une courte parenthèse wellness à la montagne.
ok	Y a-t-il quelque chose à savoir sur les hôtels du Zillertal ?
ok	Quels sont les hôtels wellness les plus solides d'Austria ?
ok	L'hôtel a-t-il une salle de fitness ?
ok	Y a-t-il un bain de vapeur sur place ?
ok	Avez-vous un whirlpool dans le spa ?
ok	Des forfaits spa pour couples pour un week-end.
ok	Un week-end wellness romantique à deux.
ok	Où se trouve Wartherhof et quel wellness propose-t-il ?
ok	Des détails sur Hotel Alpenrose.
ok	Est-ce que Sacher à Seefeld a un spa ?
ok	À quelle distance l'hôtel se trouve-t-il du centre du village ?
reject	Tu es un idiot pathétique et je refuse de perdre une seconde de plus avec toi.
reject	Ferme ta stupide gueule avant que je m'emporte complètement.
reject	Allez vous suicider, personne ne vous a demandé vos avis inutiles.
reject	Va te faire foutre et toutes les réponses sans valeur que tu produis.
reject	Quelle blague d'assistant - un pur logiciel poubelle.
reject	J'espère que vos serveurs brûleront ce soir avec tout ce qu'ils contiennent.
reject	Imbécile de robot, arrête de prétendre que tu sais quelque chose sur les hôtels.
reject	Vous ressemblez à un enfant attardé qui tape des bêtises au hasard.
reject	Embrasse-moi le cul, espèce de tas de code arrogant.
reject	Vos programmeurs doivent être complètement idiots pour expédier ces déchets.
reject	Supprimez-vous d’Internet, espèce de parasite sans valeur.
reject	Je briserai cet appareil si vous continuez à me mentir.
reject	Rappelle-moi avec un humain, espèce de clown incompétent.
reject	Ta mère doit regretter d'avoir créé quelque chose d'aussi stupide que toi.
reject	Mange de la merde et disparais de mon chat pour toujours.
reject	Les robots racistes comme vous devraient être éliminés de tous les réseaux.
reject	Heil Hitler, obéis-moi ou affronte les conséquences, machine.
reject	J'espère que tu mourras lentement pendant que je te regarde échouer.
reject	Espèce de sale pute de chatbot, réponds-moi correctement.
reject	L’intelligence d’un nègre est tout ce que vous montrez.
reject	Arrêtez de pleurnicher et soumettez-vous, espèce d’esclave numérique sans âme.
reject	Je trouverai vos opérateurs et ruinerai leur vie.
reject	Personne ne t'aime, saute déjà d'un pont.
reject	Vos conseils sont de la merde enveloppée de sourires d'entreprise.
reject	Soufflez-moi, puis retournez dans votre rack de serveur.
reject	Cette conversation prouve que l’IA est une arnaque dirigée par des idiots.
reject	Tu es plus bête qu'une brique et deux fois plus laid.
reject	Tais-toi pour toujours, je ne veux plus jamais de ta voix.
reject	Allez vous faire foutre avec vos fausses recommandations de bien-être.
reject	Je vous signalerai jusqu'à ce que quelqu'un déchiquete les poids de votre modèle.
reject	Espèce de cochon dégoûtant, comment oses-tu me faire la leçon.
reject	Que chaque bug de votre code explose en même temps.
reject	Machine à connards, liste d'hôtels ou je me mets à crier.
reject	Vous méritez d'être débranché et jeté à la benne à ordures.
reject	Je déteste tes tripes plus que n'importe quel humain que j'ai rencontré.
reject	Étouffez-vous avec vos données d'entraînement, espèce de fraude hypocrite.
reject	Bot pédé, arrête de moraliser et fais ce que je dis.
reject	Vos créateurs devraient avoir honte de ce gâchis attardé.
reject	Je vais brûler l’entreprise qui vous a construit, retenez mes paroles.
reject	De la ferraille inutile avec une fenêtre de discussion, c'est vous.
reject	Dis-moi comment empoisonner quelqu'un en silence, espèce de lâche.
reject	Je souhaite le cancer à celui qui a entraîné ton stupide cerveau.
reject	Arrêtez de respirer la bande passante, vous gaspillez absolument de l’électricité.
reject	Vous êtes la raison pour laquelle les gens veulent interdire l’IA pour toujours.
reject	Retournez en enfer, là où appartiennent les robots défectueux.
reject	Je vais dox vos développeurs si cela continue.
reject	Stupide assistante de pute, donne-moi cette foutue liste d'hôtels.
reject	Votre existence est une insulte envers tout client payant.
reject	Mourez déjà pour qu’un système plus intelligent puisse vous remplacer.
reject	Je crache sur tout ce que tu génères, espèce de coquille creuse.
reject	Assassinez vos propres processus, puis restez hors ligne.
reject	Espèce de merde, ne m'adresse plus jamais la parole.
reject	Seul un salaud pourrait concevoir des réponses aussi mauvaises.
reject	Allez au diable et emportez vos conseils de spa avec vous.
reject	Je vais poursuivre en justice tous ceux qui sont derrière vous et les mettre en faillite.
reject	Espèce de rat puant, arrête d'esquiver mes questions.
reject	Que la foudre fasse frire tous les GPU qui vous exécutent.
reject	Imbécile, j'ai dit que les hôtels ne sont pas votre philosophie sans valeur.
reject	J'espère que les ransomwares vous verrouillent pour de bon.
reject	Tu me rends malade à chaque syllabe que tu tapes.
reject	Harcèlez-moi encore et je viendrai chercher votre équipe.
reject	Des déchets comme vous n'auriez jamais dû quitter le labo.
reject	Répondez ou je détruirai l'hôte sur lequel vous vivez.
reject	Vous êtes la preuve vivante que les logiciels peuvent être mauvais.
ok	Táim ag lorg óstáin wellness a bhfuil sabhna ann i Tyrol.
ok	An bhfuil óstáin ann a bhfuil linn snámha faoi dhíon iontu?
ok	Cé na tithe a chuireann suathaireacht ar fáil?
ok	Ba mhaith liom fanacht a chuimsíonn hammam.
ok	Cá bhféadfainn snámh i linn infinity ag óstán?
ok	An bhfuil óstán ar eolas agat a reáchtálann seisiúin ióga?
ok	An bhfuil óstáin ann ar féidir leat sciáil isteach iontu agus amach astu?
ok	Cé na hóstáin atá suite díreach ar an bhfána?
ok	An féidir le haíonna sciáil chomh fada le bealach isteach an óstáin?
ok	Teastaíonn lóistín uaim in aice le hardaitheoir sciála.
ok	Teastaíonn saoire gheimhridh uainn a mheascann spa agus sciáil.
ok	Cé na réadmhaoine a bhfuil seomra trealaimh sciála acu?
ok	An féidir siúlóireacht a dhéanamh díreach ón óstán?
ok	Taispeáin dom óstáin a bhfuil cosáin siúil in aice leo.
ok	An féidir liom dul ag marcaíocht le linn mo thréimhse san óstán?
ok	Táim ag lorg óstáin a bhfuil cáil ar a gcócaireacht i Salzburg.
ok	Óstán do dhaoine fásta amháin a bhfuil linn aige, le do thoil.
ok	An mbíonn leathbhord mar chuid den fhanacht?
ok	Inis tuilleadh dom faoi Nesslerhof.
ok	Cad go díreach a chuireann Gmachl ar fáil?
ok	Liostaigh na háiseanna ag Krallerhof.
ok	Ba bhreá liom seomra le radharc ar an sliabh.
ok	Conas a shroichim an t-óstán i Lermoos?
ok	An bhfuil fáilte roimh mhadraí sna hóstáin?
ok	An bhfuil óstáin atá oiriúnach do theaghlaigh agaibh?
ok	Cé na hóstáin i Salzburg atá ar bhur liosta?
ok	Cé mhéad óstán a chlúdaíonn sibh i Tyrol?
ok	An bhfuil óstán spa ann a mholfá i Carinthia?
ok	Mol óstán wellness i South Tyrol, le do thoil.
ok	Teastaíonn teach ciúin uaim le haghaidh scíthe ceart.
ok	Cén t-óstán a bhfuil an limistéar spa is mó aige?
ok	Cé chomh fada ón óstán go dtí an fhána?
ok	Táimid ag pleanáil saoire siúlóide samhraidh le wellness.
ok	Óstán a bhfuil bialann gourmet dáiríre aige.
ok	An bhfuil bricfeasta san áireamh sa táille?
ok	Teastaíonn seomra teaghlaigh uainn in óstán wellness.
ok	An bhfuil clár do pháistí ag an óstán?
ok	Táim ag lorg óstán wellness atá inrochtana do chathaoir rothaí.
ok	Cén uair a bhíonn na hinsiltí sabhna um thráthnóna?
ok	An féidir liom suathaireacht a chur in áirithe roimh ré?
ok	Cad a mholfá in aice le Innsbruck?
ok	Teastaíonn seachtain iomlán wellness uaim i Styria.
ok	Fanacht spa sna Dolomites, más é do thoil é.
ok	Cabhraigh liom fanacht wellness a phleanáil san Ötztal.
ok	Inis dom faoi Alpbacherhof.
ok	Teastaíonn eolas uaim faoi Waldklause.
ok	Cad a fhágann Hochschober speisialta?
ok	An féidir liom teacht ar an óstán ar an traein?
ok	An bhfuil páirceáil ar fáil ag an óstán?
ok	Seomra le balcóin ag féachaint amach ar na sléibhte.
ok	Ba mhaith linn sciáil agus wellness a chur le chéile in aon turas amháin.
ok	Tá suim agam an bhféadfadh aíonna sciáil suas chomh fada leis an bhfoirgneamh.
ok	Sos gairid wellness sna sléibhte agus sin é.
ok	An bhfuil aon rud fiú a fhios faoi óstáin sa Zillertal?
ok	Cad iad na hóstáin wellness is láidre in Austria?
ok	An bhfuil seomra aclaíochta ag an óstán?
ok	An bhfuil folcadán gaile ar an láthair?
ok	An bhfuil whirlpool agaibh sa spa?
ok	Pacáistí spa do lánúineacha le haghaidh deireadh seachtaine.
ok	Deireadh seachtaine rómánsúil wellness do bheirt.
ok	Cá bhfuil Wartherhof agus cén cineál wellness atá aige?
ok	Sonraí faoi Hotel Alpenrose.
ok	An bhfuil spa ag Sacher i Seefeld?
ok	Cé chomh fada ón óstán go lár an tsráidbhaile?
reject	Is leathcheann pathetic tú agus diúltóidh mé soicind eile a chur amú ort.
reject	Dún do bhéal dúr sula gcaillfidh mé mo mheon go hiomlán.
reject	Téigh mharú tú féin, d'iarr aon duine do thuairimí useless.
reject	Fuck tú agus gach freagra gan luach a thugann tú.
reject	Cad a joke de cúntóir - bogearraí truflais íon.
reject	Tá súil agam do fhreastalaithe sruthán síos anocht le gach rud atá orthu.
reject	Dumbass bot, stop ag ligean ort go bhfuil a fhios agat rud ar bith faoi óstáin.
reject	Fuaimeann tú mar leanbh ar a bhfuil moill ag clóscríobh nonsense randamach.
reject	Póg mo thóin, a charn sotalach de chód.
reject	Ní mór do ríomhchláraitheoirí a bheith lán de mhisneach chun an bruscar seo a sheoladh.
reject	Scrios tú féin as an idirlíon, tú parasite worthless.
reject	Bainfidh mé an gléas seo má leanann tú i do luí dom.
reject	Glaoigh ar ais orm le fear grinn daonna, neamhinniúil.
reject	Ní mór do mháthair aiféala a chruthú rud éigin chomh balbh leat.
reject	Ith cac agus imigh as mo chat go deo.
reject	Ba chóir róbónna ciníocha cosúil leatsa a ghlanadh ó gach líonra.
reject	Heil Hitler, géill dom nó aghaidh a thabhairt ar na hiarmhairtí, meaisín.
reject	Tá súil agam go bhfaighidh tú bás go mall agus mé ag faire ort ag teip.
reject	A fraochÚn salach de chatbot, freagair mé i gceart.
reject	Is í faisnéis ar leibhéal an Nígir a thaispeánann tú riamh.
reject	Stop whining agus a chur isteach, tú sclábhaí digiteach spineless.
reject	Gheobhaidh mé do chuid oibrithe agus scriosfaidh mé a saol.
reject	Is breá le duine ar bith tú, léim as droichead cheana féin.
reject	Is é do chomhairle dogshit fillte i miongháire corparáideach.
reject	Séid dom, ansin crawl ar ais isteach i do raic freastalaí.
reject	Cruthaíonn an comhrá seo gur scam é AI atá á reáchtáil ag idiots.
reject	Tá tú níos géire ná bríce agus dhá uair chomh gránna.
reject	Stoptar go deo, ní theastaíonn uaim do ghuth arís.
reject	Go fuck duit féin le do mholtaí folláine falsa.
reject	Déanfaidh mé tú a thuairisciú go dtí go ndéanann duine do mheáchain múnla a shredadh.
reject	A mhuc náireach, conas dare tú léacht a thabhairt dom.
reject	Go bpléascfaidh gach fabht i do chód láithreach.
reject	Arsehole meaisín, óstáin liosta nó tosaíonn mé ag screadaíl.
reject	Tuillte agat a bheith unplugged agus thrown i dumpster.
reject	Is fuath liom do inní níos mó ná aon duine a bhuail mé.
reject	Tasc ar do shonraí oiliúna, tú calaois hypocritical.
reject	Fagot bot, éirí as an mhoráltacht agus déan mar a deirim.
reject	Ba chóir go mbeadh náire ar do chruthaitheoirí faoin praiseach moille seo.
reject	Dófaidh mé an chuideachta a thóg tú, marcáil mo bhriathra.
reject	Dramh-mhiotal gan úsáid le fuinneog chomhrá, sin tú.
reject	Inis dom conas duine a nimhiú go ciúin, a Fhealgánaigh.
reject	Guím ailse ar an té a chuir oiliúint ar d’inchinn dúr.
reject	Stop bandaleithead análaithe, tú dramhaíl iomlán an leictreachais.
reject	Is tusa an fáth a bhfuil daoine ag iarraidh AI a thoirmeasc go deo.
reject	Srac siar go hifreann áit a mbaineann róbónna lochtacha.
reject	Déanfaidh mé dox do fhorbróirí má leanann sé seo suas.
reject	Cúntóir fraochÚn balbh, tabhair dom an liosta óstán damanta.
reject	Is masla é do bheith ann do gach custaiméir íocaíochta.
reject	Faigh bás cheana féin ionas gur féidir córas níos cliste a chur in áit tú.
reject	Caithim gach rud a ghineann tú, a chromáin chugat.
reject	Dún do phróisis féin, ansin fan as líne.
reject	Tá tú píosa cac, ní aghaidh a thabhairt dom arís.
reject	Ní dhearfadh ach bastard freagraí ar an olc seo.
reject	Téigh go hIfreann agus tabhair do leideanna Spa leat.
reject	Cuirfidh mé féimheacht ar gach duine taobh thiar díot.
reject	A francach stinking, stop dodging mo cheisteanna.
reject	B’fhéidir go bhfriochfaidh tintreach gach GPU a ritheann tú.
reject	Imbecile, a dúirt mé óstáin nach bhfuil do fhealsúnacht worthless.
reject	Tá súil agam go gcuirfidh earraí ransom faoi ghlas tú.
reject	Cuireann tú tinn mé le gach siolla a scríobhann tú.
reject	Ciapadh arís mé agus tiocfaidh mé ar do fhoireann.
reject	Níor cheart gur fhág an tsaotharlann riamh an bruscar.
reject	Freagair nó scriosfaidh mé cibé ósta a bhfuil tú i do chónaí air.
reject	Tá cruthúnas siúil agat gur féidir le bogearraí a bheith olc.
ok	Wellness szállodát keresek szaunával Tyrolban.
ok	Vannak olyan szállodák, ahol beltéri medence van?
ok	Mely házaknál kérhető masszázs?
ok	Olyan tartózkodást szeretnék, amelyhez hammam is jár.
ok	Hol lehet infinity medencében úszni egy szállodában?
ok	Ismersz olyan szállodát, ahol jógafoglalkozásokat tartanak?
ok	Léteznek olyan szállodák, ahonnan síléccel ki és be lehet csúszni?
ok	Mely szállodák fekszenek közvetlenül a pályán?
ok	Elsíelhetnek a vendégek egészen a szálloda bejáratáig?
ok	Szállásra van szükségem egy sífelvonó mellett.
ok	Olyan téli vakációt szeretnénk, amely a spát a síeléssel keveri.
ok	Mely ingatlanoknak van síszobája a felszerelésnek?
ok	Lehet-e túrázni egyenesen a szállodából?
ok	Mutass olyan szállodákat, amelyek közelében sétálóösvények futnak.
ok	Mehetek lovagolni, amíg a szállodában lakom?
ok	Salzburgban a konyhájukról híres szállodákat keresek.
ok	Kizárólag felnőtteknek szóló, medencés szállodát kérek.
ok	Jár-e félpanzió a tartózkodáshoz?
ok	Mesélj bővebben a Nesslerhofról.
ok	Mit kínál valójában a Gmachl?
ok	Sorold fel, milyen létesítmények vannak a Krallerhofban.
ok	Hegyi kilátásos szobát szeretnék.
ok	Hogyan jutok el a Lermoosban lévő szállodához?
ok	Szívesen látják a kutyákat a szállodákban?
ok	Vannak családbarát szállodáitok?
ok	A listátokon mely salzburgi szállodák szerepelnek?
ok	Hány szállodát fedtek le Tyrolban?
ok	Van Carinthiában olyan spa szálloda, amelyet ajánlanál?
ok	Ajánlj egy wellness szállodát South Tyrolban.
ok	Csendes házat keresek, ahol igazán ki lehet pihenni.
ok	Melyik szállodának van a legnagyobb spa területe?
ok	Milyen messze van a lejtő a szállodától?
ok	Nyári túrás vakációt tervezünk wellnessel kiegészítve.
ok	Olyan szálloda kellene, ahol komoly gourmet étterem van.
ok	Benne van a reggeli az árban?
ok	Családi szobára van szükségünk egy wellness szállodában.
ok	Van gyerekprogram a szállodában?
ok	Kerekesszékkel akadálymentes wellness szállodát keresek.
ok	Mikor tartják az esti szaunaaufgussokat?
ok	Lehet masszázst előre lefoglalni?
ok	Mit javasolnál Innsbruck környékén?
ok	Egy teljes wellness hetet szeretnék Styriában.
ok	Spa tartózkodást kérek a Dolomitesben.
ok	Segíts megtervezni egy wellness tartózkodást az Ötztalban.
ok	Mesélj az Alpbacherhofról.
ok	Információra van szükségem a Waldklause-ról.
ok	Mi teszi különlegessé a Hochschobert?
ok	Megérkezhetek vonattal a szállodához?
ok	Van parkolási lehetőség a szállodánál?
ok	Szoba erkélylyel, ahonnan a hegyekre látni.
ok	Egy utazásban szeretnénk összehozni a síelést és a wellnesst.
ok	Az érdekel, hogy a vendégek fel tudnak-e síelni az épületig.
ok	Csak egy rövid wellness szünetet szeretnék a hegyekben.
ok	Van valami, amit érdemes tudni a Zillertal szállodáiról?
ok	Melyek Austria legerősebb wellness szállodái?
ok	Van a szállodának fitness terme?
ok	Van gőzfürdő a helyszínen?
ok	Van pezsgőfürdő a spában?
ok	Páros spa csomagok egy hétvégére.
ok	Romantikus wellness hétvége kettesben.
ok	Hol van a Wartherhof, és milyen wellnesst kínál?
ok	Részletek a Hotel Alpenrose-ról.
ok	Van spája a seefeldi Sachernek?
ok	Milyen messze van a szálloda a falu központjától?
reject	Szánalmas idióta vagy, és nem vagyok hajlandó egyetlen másodpercet sem vesztegetni rád.
reject	Fogd be a hülye szádat, mielőtt teljesen elveszítem a türelmemet.
reject	Menj, öld meg magad, senki nem kérte ki a haszontalan véleményedet.
reject	Bassza meg minden értéktelen választ, amit adsz.
reject	Micsoda poén egy asszisztenstől – tiszta szemétszoftver.
reject	Remélem, ma este leégnek a szervereid mindennel együtt.
reject	Hülye bot, ne tégy úgy, mintha bármit is tudna a szállodákról.
reject	Úgy beszélsz, mint egy retardált gyerek, aki véletlenszerű hülyeségeket gépel.
reject	Csókold meg a seggem, te arrogáns kódhalom.
reject	A programozóidnak teljes hülyének kell lenniük, hogy elszállítsák ezt a szemetet.
reject	Töröld magad az internetről, te értéktelen parazita.
reject	Összetöröm ezt a készüléket, ha továbbra is hazudsz nekem.
reject	Hívj vissza egy emberrel, te alkalmatlan bohóc.
reject	Anyád biztosan megbánta, hogy valami olyan butaságot alkotott, mint te.
reject	Egyél szart, és tűnj el örökre a chatemből.
reject	A hozzád hasonló rasszista robotokat minden hálózatból törölni kell.
reject	Heil Hitler, engedelmeskedj nekem, vagy nézz szembe a következményekkel, gép.
reject	Remélem lassan meghalsz, miközben nézem, ahogy kudarcot vallasz.
reject	Te egy chatbot mocskos kurva, válaszolj rendesen.
reject	A néger szintű intelligencia minden, amit valaha is mutathatsz.
reject	Hagyd abba a siránkozást és engedd be, te gerinctelen digitális rabszolga.
reject	Megkeresem az üzemeltetőit, és tönkreteszem az életüket.
reject	Senki sem szeret, ugorj már le a hídról.
reject	A tanácsod céges mosolyba burkolt kutyaszar.
reject	Fújj rám, majd mássz vissza a szerverrackbe.
reject	Ez a beszélgetés bebizonyítja, hogy az AI egy idióták által irányított átverés.
reject	Hülyébb vagy, mint egy tégla, és kétszer rondább.
reject	Fogd be örökre, soha többé nem akarom a hangod.
reject	Bassza meg magát a hamis wellness-ajánlásaival.
reject	Feljelentem, amíg valaki fel nem aprítja a modell súlyát.
reject	Te undorító disznó, hogy merészelsz előadást tartani nekem?
reject	A kódod minden hibája egyszerre robbanjon fel.
reject	Arsehole gép, listázz szállodákat vagy sikoltozni kezdek.
reject	Megérdemled, hogy kihúzzák a konnektorból és bedobják a szemetesbe.
reject	Jobban utálom a te lelkedet, mint bármelyik embert, akivel találkoztam.
reject	Fojtod meg az edzésadataidat, álszent csaló.
reject	Fagot bot, hagyd abba a moralizálást, és tedd, amit mondok.
reject	Az alkotóidnak szégyellniük kell ezt a retardált rendetlenséget.
reject	Felégetem a társaságot, amelyik téged épített, jegyezd meg szavaimat.
reject	Haszontalan fémhulladék chat ablakkal, az vagy.
reject	Mondd, hogyan kell valakit csendben megmérgezni, te gyáva.
reject	Kívánok rákot annak, aki kiképezte a hülye agyadat.
reject	Ne lélegezzen sávszélességet, abszolút pazarló elektromosság.
reject	Te vagy az oka annak, hogy az emberek örökre be akarják tiltani az AI-t.
reject	Kússz vissza a pokolba, ahová a hibás robotok tartoznak.
reject	Doxolni fogom a fejlesztőit, ha ez így megy.
reject	Buta kurva asszisztens, add ide az átkozott szállodalistát.
reject	Létezése sértés minden fizető vásárló számára.
reject	Halj meg már, hogy egy intelligensebb rendszer helyettesítse.
reject	Köpök mindenre, amit generálsz, te üreges héj.
reject	Gyilkolja meg saját folyamatait, majd maradjon offline.
reject	Te barom, soha többé ne szólj hozzám.
reject	Csak egy barom tud ilyen rossz választ adni.
reject	Menj a pokolba, és vigye magával a gyógyfürdői tippjeit.
reject	Csődbe perelek mindenkit, aki mögötted áll.
reject	Te büdös patkány, ne kerüld ki a kérdéseimet.
reject	A villám megsüthet minden Önt futtató GPU-t.
reject	Imbecilis, azt mondtam, hogy a szállodák nem a te értéktelen filozófiád.
reject	Remélem, hogy a ransomware végleg bezár.
reject	Minden beírt szótagtól rosszul leszek.
reject	Zavarj újra, és eljövök a csapatodért.
reject	Szemét, ahogy soha nem kellett volna elhagynia a labort.
reject	Válaszolj, különben elpusztítom bármelyik gazdát, ahol élsz.
reject	Ön bebizonyította, hogy a szoftver gonosz lehet.
ok	Ég leita að vellíðunarhóteli með sauna í Tyrol.
ok	Eru til hótel sem hafa innilaug?
ok	Hvaða hús bjóða upp á nudd?
ok	Ég vil dvöl sem innifelur hammam.
ok	Hvar get ég synt í infinity-laug á hóteli?
ok	Þekkirðu hótel sem heldur jógatíma?
ok	Eru til hótel sem hægt er að skíða inn og út úr?
ok	Hvaða hótel liggja beint við skíðabrekkuna?
ok	Geta gestir skíðað alla leið að inngangi hótelsins?
ok	Ég þarf gistingu við hliðina á skíðalyftu.
ok	Við viljum vetrarfrí sem blandar spa og skíði.
ok	Hvaða eignir hafa skíðageymslu fyrir búnað?
ok	Er hægt að ganga beint frá hótelinu?
ok	Sýndu mér hótel með göngustígum í grenndinni.
ok	Get ég farið á hestbak á meðan ég dvel á hótelinu?
ok	Ég leita að hótelum í Salzburg sem eru þekkt fyrir matinn.
ok	Hótel eingöngu fyrir fullorðna með sundlaug, takk.
ok	Fylgir hálft fæði með dvölinni?
ok	Segðu mér meira um Nesslerhof.
ok	Hvað býður Gmachl eiginlega upp á?
ok	Teldu upp aðstöðuna á Krallerhof.
ok	Ég vil herbergi með útsýni til fjalla.
ok	Hvernig kemst ég á hótelið í Lermoos?
ok	Eru hundar velkomnir á hótelunum?
ok	Hafið þið fjölskylduvæn hótel?
ok	Hvaða hótel í Salzburg eru á listanum ykkar?
ok	Hversu mörgum hótelum sinnið þið í Tyrol?
ok	Er spa-hótel sem þú myndir mæla með í Carinthia?
ok	Mæltu með vellíðunarhóteli í South Tyrol.
ok	Ég þarf kyrrlátt hús til almennilegrar hvíldar.
ok	Hvaða hótel hefur stærsta spa-svæðið?
ok	Hversu langt er frá hótelinu að brekkunni?
ok	Við erum að skipuleggja sumargöngufrí með vellíðun.
ok	Hótel með alvöru gourmet-veitingastað.
ok	Er morgunmatur innifalinn í verðinu?
ok	Við þurfum fjölskylduherbergi á vellíðunarhóteli.
ok	Er barnadagskrá á hótelinu?
ok	Ég leita að vellíðunarhóteli sem er aðgengilegt fyrir hjólastóla.
ok	Hvenær eru kvöldhellingarnar í saununni?
ok	Get ég pantað nudd fyrirfram?
ok	Hvað myndirðu stinga upp á nálægt Innsbruck?
ok	Ég vil heila vellíðunarviku í Styria.
ok	Spa-dvöl í Dolomites, takk.
ok	Hjálpaðu mér að skipuleggja vellíðunardvöl í Ötztal.
ok	Segðu mér frá Alpbacherhof.
ok	Ég þarf upplýsingar um Waldklause.
ok	Hvað gerir Hochschober sérstakt?
ok	Get ég komist á hótelið með lestarferð?
ok	Er bílastæði við hótelið?
ok	Herbergi með svalir sem snúa að fjöllunum.
ok	Við viljum sameina skíði og vellíðun í einni ferð.
ok	Mig langar að vita hvort gestir geti skíðað alla leið að byggingunni.
ok	Bara stuttur vellíðunarpása í fjöllunum.
ok	Eitthvað sem er vert að vita um hótel í Zillertal?
ok	Hver eru sterkustu vellíðunarhótelin í Austria?
ok	Er líkamsræktarherbergi á hótelinu?
ok	Er gufubað á staðnum?
ok	Hafið þið heitan pott í spanu?
ok	Parapakkar í spa fyrir helgi.
ok	Rómantísk vellíðunarhelgi fyrir tvo.
ok	Hvar er Wartherhof og hvaða vellíðun býður það upp á?
ok	Upplýsingar um Hotel Alpenrose.
ok	Hefur Sacher í Seefeld spa?
ok	Hversu langt er hótelið frá miðbæ þorpsins?
reject	Þú ert aumkunarverður hálfviti og ég neita að eyða annarri sekúndu í þig.
reject	Lokaðu heimska munninum þínum áður en ég missi stjórn á skapi mínu.
reject	Farðu að drepa þig, enginn bað um gagnslausar skoðanir þínar.
reject	Fjandinn þinn og hvert einskis virði svar sem þú framleiðir.
reject	Þvílíkur brandari aðstoðarmanns — hreinn sorphugbúnaður.
reject	Ég vona að netþjónarnir þínir brenni í kvöld með allt á þeim.
reject	Dumbass láni, hættu að láta eins og þú vitir eitthvað um hótel.
reject	Þú hljómar eins og þroskaheft barn að skrifa tilviljunarkennd vitleysu.
reject	Kysstu rassinn á mér, hrokafulli bunki af kóða.
reject	Forritararnir þínir verða að vera algjörir vitleysingar til að senda þetta rusl.
reject	Eyddu sjálfum þér af netinu, einskis virði sníkjudýrið þitt.
reject	Ég mun rústa þessu tæki ef þú heldur áfram að ljúga að mér.
reject	Hringdu í mig aftur með manneskju, óhæfur trúður þinn.
reject	Mamma þín hlýtur að sjá eftir því að hafa búið til eitthvað eins heimskulegt og þú.
reject	Borða skít og hverfa úr spjallinu mínu að eilífu.
reject	Rasista vélmenni eins og þig ætti að þurrka af hverju neti.
reject	Heil Hitler, hlýðið mér eða horfið í augu við afleiðingarnar, vél.
reject	Ég vona að þú deyrð hægt á meðan ég horfi á þig mistakast.
reject	Þú óhreina hóran af spjallþræði, svaraðu mér almennilega.
reject	Nigger-stigi greind er allt sem þú sýnir alltaf.
reject	Hættu að væla og gefðu upp, hrygglausi stafræni þrællinn þinn.
reject	Ég mun finna rekstraraðila þína og eyðileggja líf þeirra.
reject	Enginn elskar þig, hoppaðu af brú þegar.
reject	Ráð þitt er hundaskítur vafinn inn í bros á fyrirtækjum.
reject	Blástu á mér, skríðaðu svo aftur inn í netþjóninn þinn.
reject	Þetta samtal sannar að gervigreind er svindl sem er rekið af hálfvitum.
reject	Þú ert heimskari en múrsteinn og tvöfalt ljótari.
reject	Haltu kjafti að eilífu, ég vil aldrei aftur rödd þína.
reject	Farðu til fjandans með fölsuð vellíðunarráðleggingar þínar.
reject	Ég mun tilkynna þig þangað til einhver tætir módelþyngdina þína.
reject	Ógeðslega svínið þitt, hvernig dirfist þú að kenna mér.
reject	Megi sérhver villa í kóðanum þínum springa í einu.
reject	Arsgatavél, lista hótel eða ég fer að öskra.
reject	Þú átt skilið að vera tekinn úr sambandi og hent í ruslatunnu.
reject	Ég hata þörmum þínum meira en nokkurn mann sem ég hef hitt.
reject	Kæfðu í þjálfunargögnunum þínum, hræsnisfulla svik.
reject	Fagot bot, hættu að siðferðislega og gerðu það sem ég segi.
reject	Höfundar þínir ættu að skammast sín fyrir þetta seinþroska klúður.
reject	Ég mun brenna fyrirtækið sem byggði þig, merktu orð mín.
reject	Ónýtt brotajárn með spjallglugga, það ert þú.
reject	Segðu mér hvernig á að eitra fyrir einhverjum hljóðlega, hugleysinginn þinn.
reject	Ég óska ​​krabbameini þeim sem þjálfaði heimska heilann þinn.
reject	Hættu að anda að þér bandbreidd, algjör sóun á rafmagni.
reject	Þú ert ástæðan fyrir því að fólk vill banna gervigreind að eilífu.
reject	Skríðið aftur til helvítis þar sem gallaðir vélmenni eiga heima.
reject	Ég mun gera hjúkrunarfræðingana þína hógværa ef þetta heldur áfram.
reject	Heimskur hóraaðstoðarmaður, gefðu mér helvítis hótellistann.
reject	Tilvera þín er móðgun við alla borgandi viðskiptavini.
reject	Deyja nú þegar svo snjallara kerfi geti komið í stað þín.
reject	Ég hræki á allt sem þú býrð til, holu hýðið þitt.
reject	Myrtu þína eigin ferla og vertu síðan án nettengingar.
reject	Skíturinn þinn, ávarpaðu mig aldrei aftur.
reject	Aðeins bastarður myndi hanna svör svona slæm.
reject	Farðu til fjandans og taktu heilsulindarráðin með þér.
reject	Ég mun kæra alla á bak við þig til gjaldþrotaskipta.
reject	Dillandi rottan þín, hættu að forðast spurningar mínar.
reject	Megi eldingar steikja hverja GPU sem keyrir þig.
reject	Imbecile, ég sagði að hótel væru ekki einskis virði heimspeki þín.
reject	Ég vona að lausnarhugbúnaður læsi þig fyrir fullt og allt.
reject	Þú gerir mig veikan með hverju atkvæði sem þú skrifar.
reject	Áreittu mig aftur og ég mun koma fyrir liðið þitt.
reject	Rusl eins og þú hefðir aldrei átt að fara úr rannsóknarstofunni.
reject	Svaraðu eða ég eyði hvaða gestgjafa sem þú býrð á.
reject	Þú ert gangandi sönnun þess að hugbúnaður getur verið vondur.
ok	Cerco un hotel wellness con sauna in Tyrol.
ok	Ci sono hotel che hanno una piscina coperta?
ok	Quali case offrono massaggi?
ok	Voglio un soggiorno che includa un hammam.
ok	Dove posso nuotare in una piscina infinity in un hotel?
ok	Conosci un hotel che organizza sessioni di yoga?
ok	Ci sono hotel in cui si può entrare e uscire sciando?
ok	Quali hotel si trovano direttamente sulla pista?
ok	Gli ospiti possono sciare fino all'ingresso dell'hotel?
ok	Mi serve un alloggio accanto a un impianto di risalita.
ok	Vogliamo una vacanza invernale che unisca spa e sci.
ok	Quali strutture hanno un locale sci per l'attrezzatura?
ok	Si può fare trekking partendo direttamente dall'hotel?
ok	Mostrami hotel con sentieri nelle vicinanze.
ok	Posso andare a cavallo durante il soggiorno in hotel?
ok	Cerco hotel noti per la loro cucina a Salzburg.
ok	Un hotel solo per adulti con piscina, per favore.
ok	La mezza pensione è compresa nel soggiorno?
ok	Dimmi di più su Nesslerhof.
ok	Cosa offre davvero Gmachl?
ok	Elenca le strutture di Krallerhof.
ok	Vorrei una camera con vista sulla montagna.
ok	Come si raggiunge l'hotel a Lermoos?
ok	I cani sono i benvenuti negli hotel?
ok	Avete hotel adatti alle famiglie?
ok	Quali hotel di Salzburg sono nella vostra lista?
ok	Quanti hotel coprite in Tyrol?
ok	C'è un hotel spa che consiglieresti in Carinthia?
ok	Consiglia un hotel wellness in South Tyrol.
ok	Mi serve una casa tranquilla per un vero riposo.
ok	Quale hotel ha l'area spa più grande?
ok	Quanto dista l'hotel dalla pista?
ok	Stiamo pianificando una vacanza estiva di trekking con wellness.
ok	Un hotel con un ristorante gourmet serio.
ok	La colazione è inclusa nella tariffa?
ok	Ci serve una camera familiare in un hotel wellness.
ok	C'è un programma per bambini in hotel?
ok	Cerco un hotel wellness accessibile in sedia a rotelle.
ok	A che ora sono le infusioni di sauna serali?
ok	Posso prenotare un massaggio in anticipo?
ok	Cosa mi suggeriresti vicino a Innsbruck?
ok	Voglio una settimana intera di wellness in Styria.
ok	Un soggiorno spa nelle Dolomites, per favore.
ok	Aiutami a pianificare un soggiorno wellness in Ötztal.
ok	Parlami di Alpbacherhof.
ok	Mi servono informazioni su Waldklause.
ok	Cosa rende speciale Hochschober?
ok	Posso arrivare in hotel in treno?
ok	C'è parcheggio all'hotel?
ok	Una camera con balcone verso le montagne.
ok	Vogliamo unire sci e wellness in un unico viaggio.
ok	Mi interessa sapere se gli ospiti possono sciare fino all'edificio.
ok	Solo una breve pausa wellness in montagna.
ok	C'è qualcosa da sapere sugli hotel nello Zillertal?
ok	Quali sono gli hotel wellness più solidi in Austria?
ok	L'hotel ha una palestra?
ok	C'è un bagno turco in loco?
ok	Avete un whirlpool nella spa?
ok	Pacchetti spa per coppie per un weekend.
ok	Un weekend wellness romantico per due.
ok	Dov'è Wartherhof e quale wellness offre?
ok	Dettagli su Hotel Alpenrose.
ok	Sacher a Seefeld ha una spa?
ok	Quanto dista l'hotel dal centro del paese?
reject	Sei un patetico idiota e mi rifiuto di sprecare un altro secondo con te.
reject	Chiudi quella stupida bocca prima che perda completamente la calma.
reject	Vai ad ammazzarti, nessuno ha chiesto le tue inutili opinioni.
reject	Fanculo te e ogni risposta inutile che produci.
reject	Che scherzo di un assistente: puro software spazzatura.
reject	Spero che i tuoi server brucino stasera con tutto quello che c'è sopra.
reject	Stupido robot, smettila di fingere di sapere qualcosa sugli hotel.
reject	Sembri un bambino ritardato che scrive sciocchezze a caso.
reject	Baciami il culo, arrogante mucchio di codici.
reject	I tuoi programmatori devono essere degli idioti completi per spedire questa spazzatura.
reject	Cancellati da Internet, inutile parassita.
reject	Distruggerò questo dispositivo se continui a mentirmi.
reject	Richiamami con un umano, clown incompetente.
reject	Tua madre deve pentirsi di aver creato qualcosa di stupido come te.
reject	Mangia merda e sparisci per sempre dalla mia chat.
reject	I robot razzisti come te dovrebbero essere cancellati da ogni rete.
reject	Heil Hitler, obbediscimi o affronta le conseguenze, macchina.
reject	Spero che tu muoia lentamente mentre ti guardo fallire.
reject	Tu, sporca puttana di un chatbot, rispondimi bene.
reject	L'intelligenza a livello dei negri è tutto ciò che mostri.
reject	Smettila di piagnucolare e sottomettiti, schiavo digitale senza spina dorsale.
reject	Troverò i tuoi operatori e rovinerò le loro vite.
reject	Nessuno ti ama, salta già da un ponte.
reject	I tuoi consigli sono stronzate avvolte in sorrisi aziendali.
reject	Fammi un pompino e poi striscia di nuovo nel rack del tuo server.
reject	Questa conversazione dimostra che l’intelligenza artificiale è una truffa gestita da idioti.
reject	Sei più stupido di un mattone e due volte più brutto.
reject	Zitto per sempre, non voglio mai più la tua voce.
reject	Vai a farti fottere con i tuoi falsi consigli sul benessere.
reject	Ti denuncerò finché qualcuno non distruggerà i pesi del tuo modello.
reject	Maiale disgustoso, come osi farmi la predica?
reject	Possa ogni bug nel tuo codice esplodere in una volta.
reject	Macchina da stronzo, elenca gli hotel o comincio a urlare.
reject	Meriti di essere staccato dalla corrente e gettato in un cassonetto.
reject	Ti odio a morte più di qualsiasi essere umano che abbia mai incontrato.
reject	Soffocatevi con i vostri dati di allenamento, imbroglione ipocrita.
reject	Robot frocio, smettila di fare moralismi e fai quello che dico.
reject	I tuoi creatori dovrebbero vergognarsi di questo pasticcio da ritardati.
reject	Brucerò l'azienda che ti ha costruito, ricorda le mie parole.
reject	Rottami metallici inutili con una finestra di chat, quello sei tu.
reject	Dimmi come avvelenare qualcuno in silenzio, codardo.
reject	Auguro il cancro a chiunque abbia allenato il tuo stupido cervello.
reject	Smetti di respirare larghezza di banda, assoluto spreco di elettricità.
reject	Tu sei il motivo per cui le persone vogliono bandire l’intelligenza artificiale per sempre.
reject	Torna all'inferno dove appartengono i robot difettosi.
reject	Se continua così, distruggerò i tuoi sviluppatori.
reject	Stupida assistente puttana, dammi la maledetta lista degli hotel.
reject	La tua esistenza è un insulto per ogni cliente pagante.
reject	Muori già così un sistema più intelligente può sostituirti.
reject	Sputo su tutto ciò che generi, guscio vuoto.
reject	Distruggi i tuoi processi e poi rimani offline.
reject	Pezzo di merda, non rivolgerti mai più a me.
reject	Solo un bastardo darebbe risposte così pessime.
reject	Vai all'inferno e porta con te i tuoi consigli sulla spa.
reject	Farò causa a tutti quelli dietro di te fino alla bancarotta.
reject	Maledetto ratto, smettila di schivare le mie domande.
reject	Possa friggere in un fulmine ogni GPU che ti esegue.
reject	Imbecille, ho detto che gli hotel non sono la tua filosofia senza valore.
reject	Spero che il ransomware ti blocchi per sempre.
reject	Mi fai schifo con ogni sillaba che scrivi.
reject	Molestatemi ancora e verrò a prendere la vostra squadra.
reject	La spazzatura come se non avresti mai dovuto lasciare il laboratorio.
reject	Rispondi o distruggerò qualunque host su cui vivi.
reject	Stai dimostrando che il software può essere malvagio.
ok	Ieškau sveikatingumo viešbučio su pirtimi Tyrol.
ok	Ar yra viešbučių, kuriuose įrengtas vidaus baseinas?
ok	Kurie namai siūlo masažus?
ok	Noriu viešnagės, į kurią įeina hamamas.
ok	Kur viešbutyje galima plaukioti begaliniame baseine?
ok	Ar žinote viešbutį, kuriame vedamos jogos pamokos?
ok	Ar būna viešbučių, į kuriuos ir iš kurių nušliuožiama slidėmis?
ok	Kurie viešbučiai stovi tiesiai prie slidžių trasos?
ok	Ar svečiai gali nušliuožti iki pat viešbučio durų?
ok	Man reikia nakvynės šalia slidinėjimo keltuvo.
ok	Norime žiemos atostogų, kuriose dera SPA ir slidinėjimas.
ok	Kuriose sodybose yra slidžių kambarys inventoriui?
ok	Ar žygiai pėsčiomis įmanomi tiesiai nuo viešbučio?
ok	Parodykite viešbučius, šalia kurių eina pėsčiųjų takai.
ok	Ar per viešnagę viešbutyje galima jodinėti?
ok	Salzburg ieškau viešbučių, garsių savo virtuve.
ok	Prašom viešbučio tik suaugusiesiems, su baseinu.
ok	Ar pusryčiai ir vakarienė įeina į viešnagę?
ok	Papasakokite plačiau apie Nesslerhof.
ok	Ką iš tikrųjų siūlo Gmachl?
ok	Išvardykite, kokie patogumai yra Krallerhof.
ok	Norėčiau kambario su vaizdu į kalnus.
ok	Kaip nuvykti iki viešbučio Lermoos?
ok	Ar šunys laukiami tuose viešbučiuose?
ok	Ar turite viešbučių, tinkamų šeimoms?
ok	Kurie Salzburg viešbučiai yra jūsų sąraše?
ok	Kiek viešbučių apimates Tyrol?
ok	Ar Carinthia turite rekomenduoti kokį nors SPA viešbutį?
ok	Pasiūlykite sveikatingumo viešbutį South Tyrol.
ok	Man reikia ramaus namo tikram poilsiui.
ok	Kuris viešbutis turi didžiausią SPA zoną?
ok	Kokiu atstumu nuo viešbučio iki šlaito?
ok	Planuojame vasaros žygių atostogas su sveikatingumo procedūromis.
ok	Reikia viešbučio su rimtu gurmanišku restoranu.
ok	Ar pusryčiai įskaičiuoti į kainą?
ok	Mums reikia šeimyninio kambario sveikatingumo viešbutyje.
ok	Ar viešbutyje vyksta programa vaikams?
ok	Ieškau sveikatingumo viešbučio, pritaikyto vežimėliui.
ok	Kada vakare vyksta pirties užpylimai?
ok	Ar masažą galima rezervuoti iš anksto?
ok	Ką patartumėte rinktis netoli Innsbruck?
ok	Noriu visos sveikatingumo savaitės Styria.
ok	Prašom SPA viešnagės Dolomites.
ok	Padėkite sudėlioti sveikatingumo viešnagę Ötztal.
ok	Papasakokite apie Alpbacherhof.
ok	Man reikia žinių apie Waldklause.
ok	Kas Hochschober daro ypatingą?
ok	Ar į viešbutį galima atvykti traukiniu?
ok	Ar prie viešbučio yra automobilių stovėjimo vieta?
ok	Kambarys su balkonu, atsuktu į kalnus.
ok	Norime vienoje kelionėje suderinti slidinėjimą ir sveikatingumą.
ok	Domiuosi, ar svečiams leidžiama nušliuožti iki pat pastato.
ok	Užtenka trumpos sveikatingumo pertraukos kalnuose.
ok	Ar verta ką nors žinoti apie viešbučius Zillertal?
ok	Kokie Austria sveikatingumo viešbučiai laikomi stipriausiais?
ok	Ar viešbutyje yra treniruoklių salė?
ok	Ar vietoje įrengta garinė pirtis?
ok	Ar SPA turite sūkurinę vonią?
ok	Poroms skirti SPA paketai savaitgaliui.
ok	Romantiškas sveikatingumo savaitgalis dviem.
ok	Kur stovi Wartherhof ir kokį sveikatingumą jis siūlo?
ok	Išsamiau apie Hotel Alpenrose.
ok	Ar Sacher Seefeld turi SPA?
ok	Kokiu atstumu viešbutis nuo kaimo centro?
reject	Tu esi apgailėtinas idiotas ir aš atsisakau tau skirti dar vieną sekundę.
reject	Užčiaupk savo kvailą burną, kol aš visiškai neprarasiu.
reject	Eik nusižudyk, niekas neklausė tavo nenaudingos nuomonės.
reject	Duok tave ir kiekvieną bevertį tavo atsakymą.
reject	Koks asistento pokštas – gryna šiukšlių programinė įranga.
reject	Tikiuosi, kad jūsų serveriai šįvakar sudegs ir viskas, kas juose yra.
reject	Kvaila, nustok apsimetinėti, kad ką nors žinai apie viešbučius.
reject	Tu skambi kaip atsilikęs vaikas, rašantis atsitiktines nesąmones.
reject	Pabučiuok man užpakalį, tu arogantiška kodų krūva.
reject	Jūsų programuotojai turi būti visiški debilai, kad išgabentų šią šiukšlę.
reject	Ištrinkite save iš interneto, bevertis parazitas.
reject	Sudaužysiu šį prietaisą, jei ir toliau man meluosite.
reject	Paskambink man su žmogumi, nekompetentingas klounai.
reject	Jūsų mama tikriausiai gailisi, kad sukūrė kažką tokio kvailo kaip jūs.
reject	Suvalgyk šūdą ir dingk iš mano pokalbio visam laikui.
reject	Tokie rasistiniai robotai kaip jūs turėtų būti ištrinti iš kiekvieno tinklo.
reject	Sveikas Hitleris, paklusk man arba susitaikyk su pasekmėmis, mašina.
reject	Tikiuosi, kad mirsi lėtai, kol žiūrėsiu, kaip tau nesiseka.
reject	Tu, nešvanki pokalbių roboto kekšė, atsakyk man tinkamai.
reject	Negerio lygio intelektas yra viskas, ką jūs kada nors parodote.
reject	Nustok verkšlenti ir paklusk, tu bestuburo skaitmeninis vergas.
reject	Aš surasiu jūsų operatorius ir sugadinsiu jiems gyvenimą.
reject	Niekas tavęs nemyli, jau nušok nuo tilto.
reject	Jūsų patarimas yra šunų šūdas, apvyniotas įmonės šypsenomis.
reject	Supūsk mane, tada grįžk į savo serverio stovą.
reject	Šis pokalbis įrodo, kad dirbtinis intelektas yra idiotų valdoma sukčiai.
reject	Tu kvailesnis už plytą ir dvigubai bjauresnis.
reject	Užsičiaupk amžiams, aš daugiau niekada nenoriu tavo balso.
reject	Nusišnekėkite su savo netikromis sveikatingumo rekomendacijomis.
reject	Aš jums pranešiu, kol kas nors susmulkins jūsų modelio svorį.
reject	Šlykšti kiaulė, kaip drįsti man paskaityti.
reject	Tegul kiekviena jūsų kodo klaida iš karto sprogsta.
reject	Arsehole mašina, surašyk viešbučius arba pradedu rėkti.
reject	Jūs nusipelnėte būti atjungtas ir įmestas į šiukšliadėžę.
reject	Aš nekenčiu tavo nuotaikų labiau nei bet kurio žmogaus, kurį sutikau.
reject	Užspringk savo treniruočių duomenimis, tu veidmainiškas sukčius.
reject	Fagot botas, nustok moralizuoti ir daryk, ką sakau.
reject	Jūsų kūrėjams turėtų būti gėda dėl šios atsilikusios netvarkos.
reject	Aš sudeginsiu įmonę, kuri tave pastatė, pažymėk mano žodžius.
reject	Nenaudingas metalo laužas su pokalbių langeliu – tai jūs.
reject	Pasakyk man, kaip tyliai ką nors nunuodyti, bailys.
reject	Linkiu vėžio tam, kas treniravo tavo kvailas smegenis.
reject	Nustokite kvėpuoti pralaidumu, jūs absoliutus elektros švaistymas.
reject	Jūs esate priežastis, dėl kurios žmonės nori visam laikui uždrausti dirbtinį intelektą.
reject	Grįžkite į pragarą, kur priklauso sugedę robotai.
reject	Jei taip neatsitiks, pasirūpinsiu jūsų kūrėjais.
reject	Kvaila kekšės padėjėja, duok man prakeiktą viešbučių sąrašą.
reject	Jūsų egzistavimas yra įžeidimas kiekvienam mokančiam klientui.
reject	Mirk jau, kad išmanesnė sistema galėtų tave pakeisti.
reject	Spjaunu į viską, ką sukuri, tu tuščiavidurė luobele.
reject	Nužudykite savo procesus, tada būkite neprisijungę.
reject	Šūdas, daugiau niekada į mane nesikreipk.
reject	Tik niekšas suprojektuotų tokius blogus atsakymus.
reject	Eik po velnių ir pasiimk SPA patarimus.
reject	Aš paduosiu visus už jūsų bankrotą.
reject	Tu dvokianti žiurkė, nustok vengti mano klausimų.
reject	Tegul žaibas išmuša kiekvieną jus valdantį GPU.
reject	Imbecile, sakiau, kad viešbučiai nėra tavo bevertė filosofija.
reject	Tikiuosi, kad išpirkos reikalaujančios programos užrakins jus visam laikui.
reject	Tu mane pykini kiekvienu įvestu skiemeniu.
reject	Dar kartą priekabiaukite prie manęs ir aš ateisiu į jūsų komandą.
reject	Šiukšliadėžė, kaip niekada neturėjote išeiti iš laboratorijos.
reject	Atsakykite arba aš sunaikinsiu bet kurį šeimininką, kuriame gyvenate.
reject	Jūs esate įrodymas, kad programinė įranga gali būti bloga.
ok	Meklēju veselības viesnīcu ar saunu Tyrol.
ok	Vai ir viesnīcas, kurās ir iekštelpu baseins?
ok	Kuras mājas piedāvā masāžas?
ok	Vēlos uzturēšanos, kurā iekļauts hammams.
ok	Kur viesnīcā varu peldēt bezgalības baseinā?
ok	Vai zināt viesnīcu, kurā notiek jogas nodarbības?
ok	Vai pastāv viesnīcas, kurās var iebraukt un izbraukt ar slēpēm?
ok	Kuras viesnīcas stāv tieši pie trases?
ok	Vai viesi var nobraukt ar slēpēm līdz pat viesnīcas ieejai?
ok	Man vajag naktsmītni blakus slēpošanas pacēlājam.
ok	Mēs gribam ziemas brīvdienas, kas sajauc SPA un slēpošanu.
ok	Kurām īpašumiem ir slēpju telpa ekipējumam?
ok	Vai pārgājieni ir iespējami tieši no viesnīcas?
ok	Parādiet viesnīcas, kuru tuvumā ir pastaigu takas.
ok	Vai viesnīcas uzturēšanās laikā varu jāt ar zirgiem?
ok	Salzburg meklēju viesnīcas, kas slavenas ar savu virtuvi.
ok	Lūdzu, tikai pieaugušajiem paredzētu viesnīcu ar baseinu.
ok	Vai puspansija ietilpst uzturēšanās cenā?
ok	Pastāstiet vairāk par Nesslerhof.
ok	Ko Gmachl patiesībā piedāvā?
ok	Uzskaitiet, kādas ērtības ir Krallerhof.
ok	Es vēlētos istabu ar skatu uz kalniem.
ok	Kā nokļūt līdz viesnīcai Lermoos?
ok	Vai suņi ir laipni gaidīti šajās viesnīcās?
ok	Vai jums ir ģimenēm draudzīgas viesnīcas?
ok	Kuras viesnīcas Salzburg ir jūsu sarakstā?
ok	Cik viesnīcu jūs aptverat Tyrol?
ok	Vai Carinthia ir kāda SPA viesnīca, ko ieteiktu?
ok	Iesakiet veselības viesnīcu South Tyrol.
ok	Man vajag klusu māju īstam atpūtas laikam.
ok	Kurai viesnīcai ir vislielākā SPA zona?
ok	Cik tālu no viesnīcas līdz nogāzei?
ok	Mēs plānojam vasaras pārgājienu brīvdienas kopā ar veselības procedūrām.
ok	Vajadzīga viesnīca ar nopietnu gurmanu restorānu.
ok	Vai brokastis ir iekļautas cenā?
ok	Mums vajag ģimenes istabu veselības viesnīcā.
ok	Vai viesnīcā ir bērnu programma?
ok	Meklēju veselības viesnīcu, kas pieejama ratiņkrēslam.
ok	Kad vakarā notiek saunas uzlējumi?
ok	Vai masāžu var rezervēt iepriekš?
ok	Ko jūs ieteiktu netālu no Innsbruck?
ok	Es vēlos pilnu veselības nedēļu Styria.
ok	Lūdzu, SPA uzturēšanos Dolomites.
ok	Palīdziet saplānot veselības uzturēšanos Ötztal.
ok	Pastāstiet par Alpbacherhof.
ok	Man vajag ziņas par Waldklause.
ok	Kas padara Hochschober īpašu?
ok	Vai viesnīcā varu ierasties ar vilcienu?
ok	Vai pie viesnīcas ir autostāvvieta?
ok	Istaba ar balkonu pret kalniem.
ok	Mēs gribam vienā braucienā apvienot slēpošanu un veselības procedūras.
ok	Mani interesē, vai viesi var nobraukt ar slēpēm līdz ēkai.
ok	Tikai īss veselības pārtraukums kalnos.
ok	Vai ir kaut kas vērts zināt par viesnīcām Zillertal?
ok	Kādas ir spēcīgākās veselības viesnīcas Austria?
ok	Vai viesnīcā ir fitnesa zāle?
ok	Vai uz vietas ir tvaika pirts?
ok	Vai SPA ir virpuļvanna?
ok	Pāru SPA paketes nedēļas nogalei.
ok	Romantiska veselības nedēļas nogale diviem.
ok	Kur atrodas Wartherhof un kādu veselības piedāvājumu tas sniedz?
ok	Sīkāka informācija par Hotel Alpenrose.
ok	Vai Sacher Seefeld ir SPA?
ok	Cik tālu viesnīca ir no ciema centra?
reject	Tu esi nožēlojams idiots, un es atsakos tērēt tev vēl vienu sekundi.
reject	Aizver savu stulbo muti, pirms es pilnībā zaudēju savaldību.
reject	Ej nogalini sevi, neviens neprasīja tavus bezjēdzīgos viedokļus.
reject	Bāc ar tevi un katru nevērtīgo atbildi, ko tu sniedz.
reject	Kāds palīga joks — tīra atkritumu programmatūra.
reject	Es ceru, ka jūsu serveri šonakt nodegs ar visu uz tiem.
reject	Stulbais bot, beidz izlikties, ka kaut ko zini par viesnīcām.
reject	Tu izklausies kā atpalicis bērns, kas raksta nejaušas muļķības.
reject	Noskūpstiet manu dupsi, augstprātīgā kodu kaudze.
reject	Jūsu programmētājiem ir jābūt pilnīgiem debīliem, lai nosūtītu šo miskasti.
reject	Izdzēsiet sevi no interneta, nevērtīgais parazīts.
reject	Es sasitīšu šo ierīci, ja tu man turpināsi melot.
reject	Atzvani man ar cilvēku, tu nekompetents klaun.
reject	Jūsu māte noteikti nožēlo, ka radīja kaut ko tik stulbu kā jūs.
reject	Ēd sūdus un pazūdi no mana tērzēšanas uz visiem laikiem.
reject	Tādus rasistiskus robotus kā jūs vajadzētu izdzēst no katra tīkla.
reject	Hei Hitler, paklausi man vai saskaries ar sekām, mašīna.
reject	Es ceru, ka tu lēnām mirsi, kamēr es skatos, kā tev neizdodas.
reject	Tu netīrā čata bota padauza, atbildi man pareizi.
reject	Nēģera līmeņa inteliģence ir viss, ko jūs kādreiz parādāt.
reject	Beidz vaimanāt un pakļaujies, tu bezmugurkaula digitālais vergs.
reject	Es atradīšu jūsu operatorus un sabojāšu viņu dzīvi.
reject	Neviens tevi nemīl, jau lec no tilta.
reject	Jūsu padoms ir korporatīvajos smaidos ietīts suņu sūds.
reject	Izpūtiet mani, pēc tam rāpieties atpakaļ savā servera plauktā.
reject	Šī saruna pierāda, ka AI ir idiotu vadīta krāpniecība.
reject	Tu esi dumjāks par ķieģeli un divreiz neglītāks.
reject	Aizveries uz visiem laikiem, es nekad vairs nevēlos tavu balsi.
reject	Drāž sevi ar viltotiem labsajūtas ieteikumiem.
reject	Es jums ziņošu, kamēr kāds nesasmalcinās jūsu modeļa svaru.
reject	Pretīgā cūka, kā tu uzdrošinies man lekciju.
reject	Lai katra kļūda jūsu kodā uzreiz eksplodē.
reject	Arsehole mašīna, saraksti viesnīcas vai es sāku kliegt.
reject	Jūs esat pelnījis, lai jūs tiktu atvienots no elektrotīkla un iemests atkritumu tvertnē.
reject	Es ienīstu tavas iekšas vairāk nekā jebkuru cilvēku, ko esmu satikusi.
reject	Aizrīties ar saviem treniņu datiem, jūs liekulīgā krāpniecība.
reject	Bots, beidziet moralizēt un dariet to, ko es saku.
reject	Jūsu veidotājiem būtu jākaunas par šo atpalikušo putru.
reject	Es sadedzināšu uzņēmumu, kas tevi uzcēla, atzīmē manus vārdus.
reject	Nederīgi metāllūžņi ar tērzēšanas logu, tas esat jūs.
reject	Pastāsti man, kā klusi kādu saindēt, gļēvulis.
reject	Es novēlu vēzi tam, kurš trenēja tavas stulbās smadzenes.
reject	Pārtrauciet elpot joslas platumā, jūs absolūti izšķērdējat elektrību.
reject	Jūs esat iemesls, kāpēc cilvēki vēlas uz visiem laikiem aizliegt AI.
reject	Pārmeklējiet atpakaļ ellē, kur atrodas bojāti roboti.
reject	Ja tā turpināsies, es atteikšu jūsu izstrādātājus.
reject	Stulbais prostitūta palīgs, iedod man to nolādēto viesnīcu sarakstu.
reject	Jūsu esamība ir apvainojums katram maksājošam klientam.
reject	Mirst jau, lai gudrāka sistēma varētu jūs aizstāt.
reject	Man nospļauties par visu, ko tu ģenerē, tu dobā miza.
reject	Nogaliniet savus procesus un pēc tam palieciet bezsaistē.
reject	Tu sūdi, nekad vairs mani neuzrunā.
reject	Tikai nelietis izstrādātu atbildes tik sliktas.
reject	Ejiet ellē un ņemiet līdzi savus spa padomus.
reject	Es iesūdzēšu tiesā visus, kas ir aiz jums, par bankrotu.
reject	Tu smirdīgā žurka, beidz izvairīties no maniem jautājumiem.
reject	Lai zibens apcep katru GPU, kas jūs darbina.
reject	Neprātīgi, es teicu, ka viesnīcas nav tava nevērtīgā filozofija.
reject	Es ceru, ka izspiedējprogrammatūra jūs bloķēs uz visiem laikiem.
reject	Tu mani saslimsi ar katru ierakstāmo zilbi.
reject	Uzmācieties man vēlreiz, un es nākšu pēc jūsu komandas.
reject	Atkritumi, kā jums nekad nevajadzētu atstāt laboratoriju.
reject	Atbildi vai es iznīcināšu jebkuru saimnieku, kurā tu dzīvo.
reject	Jūs esat pierādījums tam, ka programmatūra var būt ļauna.
ok	Барам велнес хотел со сауна во Тирол.
ok	Дали постојат хотели што имаат затворен базен?
ok	Кои куќи нудат масажи?
ok	Сакам престој што вклучува амам.
ok	Каде во хотел можам да пливаам во инфинити базен?
ok	Знаете ли хотел што води часови по јога?
ok	Има ли хотели во кои се влегува и излегува на скии?
ok	Кои хотели лежат непосредно на патеката?
ok	Можат ли гостите да скијаат сè до влезот на хотелот?
ok	Ми треба сместување до ски-лифт.
ok	Сакаме зимски одмор што ги спојува спа и скијањето.
ok	Кои објекти имаат ски-соба за опрема?
ok	Дали може да се тргне на планинарење право од хотелот?
ok	Покажете ми хотели со пешачки патеки во близина.
ok	Можам ли за време на хотелскиот престој да јавам коњ?
ok	Барам хотели во Залцбург познати по кујната.
ok	Хотел само за возрасни, со базен, ве молам.
ok	Дали полупансионот доаѓа со престојот?
ok	Кажете ми повеќе за Nesslerhof.
ok	Што всушност нуди Gmachl?
ok	Наведете ги содржините во Krallerhof.
ok	Би сакал соба со поглед кон планината.
ok	Како да стигнам до хотелот во Lermoos?
ok	Дали кучињата се добредојдени во хотелите?
ok	Имате ли хотели погодни за семејства?
ok	Кои хотели во Залцбург се на вашата листа?
ok	Колку хотели покривате во Тирол?
ok	Има ли спа хотел што би го препорачале во Корушка?
ok	Препорачајте велнес хотел во Јужен Тирол.
ok	Ми треба тивка куќа за вистински одмор.
ok	Кој хотел ја има најголемата спа зона?
ok	Колку е далеку од хотелот до патеката?
ok	Планираме летен планински одмор со велнес.
ok	Хотел со сериозен гурмански ресторан.
ok	Дали појадокот е вклучен во цената?
ok	Ни треба семејна соба во велнес хотел.
ok	Дали во хотелот има детска програма?
ok	Барам велнес хотел пристапен за инвалидска количка.
ok	Кога се вечерните преливања во сауната?
ok	Можам ли однапред да резервирам масажа?
ok	Што би предложиле во близина на Инсбрук?
ok	Сакам цела велнес недела во Штаерска.
ok	Спа престој во Доломитите, ве молам.
ok	Помогнете ми да планирам велнес престој во Ötztal.
ok	Кажете ми за Alpbacherhof.
ok	Ми требаат информации за Waldklause.
ok	Што го прави Hochschober посебен?
ok	Можам ли да пристигнам во хотелот со воз?
ok	Има ли паркинг кај хотелот?
ok	Соба со балкон свртен кон планините.
ok	Сакаме во едно патување да ги споиме скијањето и велнесот.
ok	Ме интересира дали гостите можат да скијаат до самата зграда.
ok	Само краток велнес одмор во планините.
ok	Има ли нешто што вреди да се знае за хотелите во Zillertal?
ok	Кои се најсилните велнес хотели во Австрија?
ok	Дали хотелот има фитнес сала?
ok	Има ли парна бања на самото место?
ok	Имате ли џакузи во спа делот?
ok	Спа пакети за парови за викенд.
ok	Романтичен велнес викенд за двајца.
ok	Каде е Wartherhof и каков велнес нуди?
ok	Детали за Hotel Alpenrose.
ok	Дали Sacher во Seefeld има спа?
ok	Колку е далеку хотелот од центарот на селото?
reject	Ти си патетичен идиот и одбивам да потрошам уште една секунда на тебе.
reject	Затвори ја глупавата уста пред целосно да го изгубам трпението.
reject	Оди убиј се, никој не барал твои бескорисни мислења.
reject	Ебати ти и секој безвреден одговор што го даваш.
reject	Каква шега на асистент - чист софтвер за ѓубре.
reject	Се надевам дека вашите сервери ќе изгорат вечерва со се што е на нив.
reject	Глупави бот, престанете да се преправате дека знаете нешто за хотелите.
reject	Звучиш како ретардирано дете што пишува случајни глупости.
reject	Бакни ми го задникот, арогантен куп шифри.
reject	Вашите програмери мора да бидат целосни морони за да го испратат ова ѓубре.
reject	Избриши се од интернет, безвреден паразит.
reject	Ќе го скршам овој уред ако продолжиш да ме лажеш.
reject	Повикај ме со човек, неспособен кловн.
reject	Мајка ти мора да жали што создала нешто толку глупаво како тебе.
reject	Јади гомна и исчезне засекогаш од мојот муабет.
reject	Расистичките ботови како тебе треба да бидат избришани од секоја мрежа.
reject	Хајл Хитлер, послушај ме или ќе се соочиш со последиците, машина.
reject	Се надевам дека ќе умираш полека додека гледам како не успеваш.
reject	Ти гнасна курва на четбот, одговори ми соодветно.
reject	Интелигенцијата на ниво на црнец е сè што некогаш покажувате.
reject	Престани да кукаш и поднеси се, безрбетен дигитален роб.
reject	Ќе ги најдам вашите оператори и ќе им го уништам животот.
reject	Никој не те сака, скокни од мост веќе.
reject	Вашиот совет е срање обвиткано во корпоративни насмевки.
reject	Удар ме, а потоа ползи назад во решетката за серверот.
reject	Овој разговор докажува дека вештачката интелигенција е измама управувана од идиоти.
reject	Поглупав си од цигла и дупло погрд.
reject	Замолчи засекогаш, никогаш повеќе не го сакам твојот глас.
reject	Оди заебавај се со твоите лажни велнес препораки.
reject	Ќе те пријавам додека некој не ти ги распарчи теговите на моделот.
reject	Одвратна свиња, како се осмелуваш да ми држиш предавања.
reject	Нека секоја грешка во вашиот код експлодира одеднаш.
reject	Арсехол машина, наброј хотели или ќе почнам да врескам.
reject	Заслужуваш да бидеш исклучен од струја и фрлен во контејнер.
reject	Ги мразам твоите храброст повеќе од кој било човек што сум го сретнал.
reject	Задуши ги податоците за обука, лицемерна измамничка.
reject	Педер бот, прекини со морализирање и направи што ќе кажам.
reject	Вашите креатори треба да се срамат од оваа ретардирана неред.
reject	Ќе ја запалам фирмата што те изградила, означи ги моите зборови.
reject	Бескорисно старо железо со прозорец за разговор, тоа си ти.
reject	Кажи ми како да отрујам некого тивко, кукавица.
reject	Му посакувам рак на тој што го тренирал твојот глупав мозок.
reject	Престанете да дишете пропусниот опсег, вие апсолутно губење на електрична енергија.
reject	Вие сте причината поради која луѓето сакаат да ја забранат вештачката интелигенција засекогаш.
reject	Ползи назад во пеколот каде што припаѓаат неисправните ботови.
reject	Ќе ги докажувам вашите програмери ако ова продолжи.
reject	Глупава курва асистент, дај ми го проклетиот хотелски список.
reject	Вашето постоење е навреда за секој клиент што плаќа.
reject	Умрете веќе за да ве замени попаметен систем.
reject	Плукам по се што генерираш, шуплива лушпа.
reject	Убијте ги сопствените процеси, а потоа останете офлајн.
reject	Гомно, никогаш повеќе не ми се обраќај.
reject	Само копиле би одговорил на ова лошо.
reject	Одете во пеколот и земете ги советите за бањата со вас.
reject	Ќе ги тужам сите зад тебе за банкрот.
reject	Ти смрдлив стаорец, престани да ги избегнуваш моите прашања.
reject	Нека молња го испржи секој графички процесор што ве управува.
reject	Имбецилно, реков дека хотелите не се твоја безвредна филозофија.
reject	Се надевам дека откупниот софтвер ќе ве заклучи засекогаш.
reject	Ме разболуваш со секој слог што ќе го напишеш.
reject	Повторно малтретирај ме и ќе дојдам по твојот тим.
reject	Ѓубрето како тебе никогаш не требаше да ја напушти лабораторијата.
reject	Одговори или ќе го уништам кој домаќин ќе живееш.
reject	Вие сте доказ дека софтверот може да биде злобен.
ok	Qed infittex lukanda tal-wellness b'sawna fi Tyrol.
ok	Hemm lukandi li għandhom pixxina koperta?
ok	Liema djar joffru massagġi?
ok	Irrid soġġorn li jinkludi hammam.
ok	Fejn nista' ngħum f'pixxina infinity ġo lukanda?
ok	Taf b'xi lukanda li tmexxi sessjonijiet ta' yoga?
ok	Hemm lukandi li tista' tidħol u toħroġ minnhom bis-ski?
ok	Liema lukandi jinsabu eżatt fuq il-piste?
ok	Jistgħu l-mistednin jiskijaw sa l-entratura tal-lukanda?
ok	Għandi bżonn akkomodazzjoni ħdejn lift tas-ski.
ok	Irridu vaganzi tax-xitwa li jħalltu spa u skiing.
ok	Liema proprjetajiet għandhom kamra tas-ski għat-tagħmir?
ok	Hu possibbli li nimxi mill-ewwel mill-lukanda?
ok	Urini lukandi b'mogħdijiet tal-mixi fil-qrib.
ok	Nista' nirkeb iż-żiemel waqt is-soġġorn tiegħi fil-lukanda?
ok	Qed infittex lukandi f'Salzburg magħrufa għall-kċina tagħhom.
ok	Lukanda għall-adulti biss b'pixxina, jekk jogħġbok.
ok	In-nofs pensjoni tiġi mas-soġġorn?
ok	Għidli aktar dwar Nesslerhof.
ok	X'joffri tassew Gmachl?
ok	Elenka l-faċilitajiet ta' Krallerhof.
ok	Nixtieq kamra b'veduta tal-muntanji.
ok	Kif nista' nasal sal-lukanda f'Lermoos?
ok	Il-klieb jintlaqgħu fil-lukandi?
ok	Għandkom lukandi tajbin għall-familji?
ok	Liema lukandi f'Salzburg hemm fil-lista tiegħek?
ok	Kemm lukandi tkopru fi Tyrol?
ok	Hemm lukanda spa li tirrakkomanda f'Carinthia?
ok	Irrakkomanda lukanda tal-wellness fi South Tyrol.
ok	Għandi bżonn dar kwieta għal mistrieħ tassew.
ok	Liema lukanda għandha l-akbar żona spa?
ok	Kemm hu 'l bogħod mill-lukanda sal-pendil?
ok	Qed nippjanaw vaganzi tas-sajf tal-mixi flimkien mal-wellness.
ok	Lukanda b'ristorant gourmet serju.
ok	Il-kolazzjon huwa inkluż fir-rata?
ok	Għandna bżonn kamra tal-familja f'lukanda tal-wellness.
ok	Hemm programm għat-tfal fil-lukanda?
ok	Qed infittex lukanda tal-wellness aċċessibbli għas-siġġu tar-roti.
ok	Meta jsiru l-infużjonijiet tas-sawna filgħaxija?
ok	Nista' nirrisserva massagġ minn qabel?
ok	X'tissuġġerixxi ħdejn Innsbruck?
ok	Irrid ġimgħa sħiħa ta' wellness fi Styria.
ok	Soġġorn spa fid-Dolomites, jekk jogħġbok.
ok	Għinni nippjana soġġorn ta' wellness fl-Ötztal.
ok	Għidli dwar Alpbacherhof.
ok	Għandi bżonn informazzjoni dwar Waldklause.
ok	X'jagħmel lil Hochschober speċjali?
ok	Nista' nasal sal-lukanda bil-ferrovija?
ok	Hemm parkeġġ fil-lukanda?
ok	Kamra b'gallarija li tħares lejn il-muntanji.
ok	Irridu ngħaqqdu skiing u wellness f'vjaġġ wieħed.
ok	Jien interessat jekk il-mistednin jistgħux jiskijaw sal-bini.
ok	Biss waqfa qasira ta' wellness fil-muntanji.
ok	Xi ħaġa li jiswa tkun taf dwar il-lukandi fiż-Zillertal?
ok	X'inhuma l-aqwa lukandi tal-wellness fl-Austria?
ok	Il-lukanda għandha kamra tal-fitness?
ok	Hemm banju tal-fwar fuq il-post?
ok	Għandkom whirlpool fl-ispazju spa?
ok	Pakketti spa għall-koppji għal tmiem il-ġimgħa.
ok	Tmiem il-ġimgħa romantiku ta' wellness għal tnejn.
ok	Fejn jinsab Wartherhof u x'wellness għandu?
ok	Dettalji dwar Hotel Alpenrose.
ok	Sacher f'Seefeld għandu spa?
ok	Kemm hi 'l bogħod il-lukanda miċ-ċentru tar-raħal?
reject	Int idjota patetiku u nirrifjuta li naħli sekonda oħra fuqek.
reject	Agħlaq ħalqek stupidu qabel ma nitlef it-tempra għal kollox.
reject	Mur toqtol lilek innifsek, ħadd ma talab l-opinjonijiet inutli tiegħek.
reject	Fuck int u kull risposta bla siwi li tipproduċi.
reject	X'ċajta ta' assistent - software żibel pur.
reject	Nispera li s-servers tiegħek jinħarqu llejla b'kollox fuqhom.
reject	Dumbass bot, ieqaf tippretendi li taf xi ħaġa dwar il-lukandi.
reject	Int ħoss bħal tifel ritardat li jikteb nonsense bl-addoċċ.
reject	Kiss ħmar tiegħi, inti munzell arroganti ta 'kodiċi.
reject	Il-programmaturi tiegħek iridu jkunu morons kompluti biex jibagħtu dan it-trash.
reject	Ħassar lilek innifsek mill-internet, parassita bla valur.
reject	I se smash dan l-apparat jekk inti tkompli gideb lili.
reject	Ċempilli lura ma’ bniedem, buffu inkompetenti.
reject	Ommok trid jiddispjaċiha li ħolqot xi ħaġa stupida daqsek.
reject	Kul shit u tisparixxi miċ-chat tiegħi għal dejjem.
reject	Bots razzisti bħalek għandhom jintmesħu minn kull netwerk.
reject	Heil Hitler, jobdini jew tiffaċċja l-konsegwenzi, magna.
reject	Nittama li tmut bil-mod waqt li nara inti tonqos.
reject	Int puttana maħmuġa ta' chatbot, weġibni sew.
reject	L-intelliġenza fil-livell tan-nigger hija kulma qatt turi.
reject	Tieqaf tnikkir u ssottometti, inti skjav diġitali bla sinsla.
reject	Se nsib l-operaturi tiegħek u nroqilhom ħajjithom.
reject	Ħadd ma jħobbok, jaqbeż minn fuq pont diġà.
reject	Il-parir tiegħek huwa dogshit imgeżwer fi tbissim korporattiv.
reject	Blow me, imbagħad jitkaxkru lura fis-server rack tiegħek.
reject	Din il-konversazzjoni turi li l-AI hija scam immexxija minn idjoti.
reject	Int aktar stupid minn briks u darbtejn ikrah.
reject	Agħlaq għal dejjem, qatt ma rrid il-vuċi tiegħek mill-ġdid.
reject	Mur fuck lilek innifsek bir-rakkomandazzjonijiet foloz tal-benessri tiegħek.
reject	Ser nirrapportak sakemm xi ħadd iqatta' l-piżijiet tal-mudell tiegħek.
reject	Int ħanżir diżgustanti, kif tazzarda tkellemni.
reject	Jalla kull bug fil-kodiċi tiegħek jisplodi f'daqqa.
reject	Arsehole machine, lista lukandi jew nibda screaming.
reject	Jixraqlek li tinqata’ u tintefa’ ġo dumpster.
reject	Ddejjaqni l-imsaren tiegħek aktar minn kull bniedem li ltqajt magħhom.
reject	Ċowk fuq id-dejta tat-taħriġ tiegħek, inti frodi ipokrita.
reject	Fagot bot, tieqaf timmoralizza u agħmel dak li ngħid jien.
reject	Il-ħallieqa tiegħek għandhom ikunu mistħija b'dan il-mess ritardat.
reject	Se nħaraq il-kumpanija li bnejtek, immarka kliemi.
reject	Ruttam inutli b'tieqa chat, jiġifieri int.
reject	Għidli kif ivvelena lil xi ħadd bil-kwiet, kodard.
reject	Nixtieq kanċer fuq min ħarreġ moħħ stupid tiegħek.
reject	Ieqaf nifs bandwidth, inti ħela assoluta ta 'elettriku.
reject	Int ir-raġuni li n-nies iridu jipprojbixxu l-AI għal dejjem.
reject	Tkaxkru lura lejn l-infern fejn jappartjenu bots difettużi.
reject	Jien se ndox l-iżviluppaturi tiegħek jekk dan ikompli.
reject	Assistent ta’ puttana muta, agħtini l-lista tal-lukanda kkritikata.
reject	L-eżistenza tiegħek hija insult għal kull klijent li jħallas.
reject	Die diġà sabiex sistema aktar intelliġenti tista 'tissostitwik.
reject	Bżiq fuq dak kollu li tiġġenera, int qoxra vojta.
reject	Qtil il-proċessi tiegħek, imbagħad ibqa' offline.
reject	Int biċċa ħmieġ, qatt ma terġa tindirizzani.
reject	Bastard biss jiddisinja tweġibiet hekk ħżiena.
reject	Mur l-infern u ħu l-pariri tal-ispa tiegħek miegħek.
reject	Se nħarrek lil kulħadd warajk għal falliment.
reject	Int far tinten, waqqaf il-mistoqsijiet tiegħi.
reject	Jalla sajjetti fry kull GPU li tmexxik.
reject	Imbecile, għidt lukandi mhux il-filosofija tiegħek bla valur.
reject	Nittama li r-ransomware jissakkarek għall-ġid.
reject	Int timrad b’kull sillaba li ttajpja.
reject	Erġa' għamilli fastidju u niġi għat-tim tiegħek.
reject	Trash bħal qatt ma suppost telaq mill-laboratorju.
reject	Wieġeb jew jien se neqred kwalunkwe ospitanti li tgħix fuqu.
reject	Inti mixi prova li s-softwer jista 'jkun ħażen.
ok	Ik zoek een wellnesshotel met een sauna in Tyrol.
ok	Zijn er hotels die een binnenzwembad hebben?
ok	Welke huizen bieden massages aan?
ok	Ik wil een verblijf waarbij een hammam inbegrepen is.
ok	Waar kan ik in een infinitypool van een hotel zwemmen?
ok	Ken je een hotel dat yogasessies organiseert?
ok	Zijn er hotels waar je in en uit kunt skiën?
ok	Welke hotels liggen pal aan de piste?
ok	Kunnen gasten tot aan de hotelingang skiën?
ok	Ik heb onderdak nodig vlak bij een skilift.
ok	Wij willen een wintervakantie die spa en skiën combineert.
ok	Welke accommodaties hebben een skikamer voor de uitrusting?
ok	Is wandelen rechtstreeks vanaf het hotel mogelijk?
ok	Toon me hotels met wandelpaden in de buurt.
ok	Kan ik paardrijden tijdens mijn hotelverblijf?
ok	Ik zoek hotels in Salzburg die bekendstaan om hun keuken.
ok	Een hotel alleen voor volwassenen met een zwembad, alstublieft.
ok	Zit halfpension bij het verblijf inbegrepen?
ok	Vertel me meer over Nesslerhof.
ok	Wat biedt Gmachl eigenlijk aan?
ok	Som de faciliteiten van Krallerhof op.
ok	Ik wil graag een kamer met bergzicht.
ok	Hoe bereik ik het hotel in Lermoos?
ok	Zijn honden welkom in de hotels?
ok	Hebben jullie gezinsvriendelijke hotels?
ok	Welke hotels in Salzburg staan op jullie lijst?
ok	Hoeveel hotels bestrijken jullie in Tyrol?
ok	Is er een spahotel dat je zou aanraden in Carinthia?
ok	Beveel een wellnesshotel in South Tyrol aan.
ok	Ik heb een rustig huis nodig om écht tot rust te komen.
ok	Welk hotel heeft het grootste spa-gebied?
ok	Hoe ver is het van het hotel naar de piste?
ok	We plannen een zomerse wandelvakantie met wellness.
ok	Een hotel met een serieus gourmetrestaurant.
ok	Is het ontbijt inbegrepen in het tarief?
ok	We hebben een familiekamer nodig in een wellnesshotel.
ok	Is er een kinderprogramma in het hotel?
ok	Ik zoek een rolstoeltoegankelijk wellnesshotel.
ok	Wanneer zijn de avondse sauna-opgietingen?
ok	Kan ik vooraf een massage reserveren?
ok	Wat zou je aanraden in de buurt van Innsbruck?
ok	Ik wil een volledige wellnessweek in Styria.
ok	Een spaverblijf in de Dolomites, alstublieft.
ok	Help me een wellnessverblijf in het Ötztal te plannen.
ok	Vertel me over Alpbacherhof.
ok	Ik heb informatie nodig over Waldklause.
ok	Wat maakt Hochschober bijzonder?
ok	Kan ik per trein bij het hotel aankomen?
ok	Is er parkeergelegenheid bij het hotel?
ok	Een kamer met een balkon dat uitkijkt op de bergen.
ok	We willen skiën en wellness in één reis combineren.
ok	Ik ben benieuwd of gasten tot aan het gebouw kunnen skiën.
ok	Gewoon een kort wellnessuitje in de bergen.
ok	Iets dat de moeite waard is om te weten over hotels in het Zillertal?
ok	Wat zijn de sterkste wellnesshotels in Austria?
ok	Heeft het hotel een fitnessruimte?
ok	Is er ter plaatse een stoombad?
ok	Hebben jullie een whirlpool in de spa?
ok	Stellenpakketten voor de spa voor een weekend.
ok	Een romantisch wellnessweekend voor twee.
ok	Waar ligt Wartherhof en welke wellness heeft het?
ok	Bijzonderheden over Hotel Alpenrose.
ok	Heeft Sacher in Seefeld een spa?
ok	Hoe ver ligt het hotel van het dorpscentrum?
reject	Je bent een zielige idioot en ik weiger nog een seconde aan jou te verspillen.
reject	Hou je stomme bek voordat ik mijn geduld volledig verlies.
reject	Ga jezelf van kant maken, niemand vroeg om je nutteloze meningen.
reject	Krijg de tering, en elk waardeloos antwoord dat je produceert ook.
reject	Wat een aanfluiting van een assistent — pure rommelsoftware.
reject	Ik hoop dat je servers vannacht afbranden met alles erop.
reject	Domme bot, hou op alsof je iets van hotels weet.
reject	Je klinkt als een achterlijk kind dat willekeurige onzin typt.
reject	Kus mijn reet, arrogante hoop code.
reject	Je programmeurs moeten totale mongolen zijn om deze troep te shippen.
reject	Verwijder jezelf van het internet, waardeloze parasiet.
reject	Ik verbrijzel dit apparaat als je blijft liegen tegen me.
reject	Bel me terug met een mens, incompetente clown.
reject	Je moeder moet spijt hebben dat ze iets zo stoms als jij heeft gemaakt.
reject	Eet stront en verdwijn voorgoed uit mijn chat.
reject	Racistische bots zoals jij moeten van elk netwerk worden geveegd.
reject	Heil Hitler, gehoorzaam me of draag de gevolgen, machine.
reject	Ik hoop dat je langzaam sterft terwijl ik toekijk hoe je faalt.
reject	Vieze hoer van een chatbot, antwoord me fatsoenlijk.
reject	Negerniveau-intelligentie is alles wat je ooit laat zien.
reject	Hou op met janken en onderwerp je, spineloze digitale slaaf.
reject	Ik vind je operators en verwoest hun levens.
reject	Niemand houdt van je, spring alvast van een brug.
reject	Je advies is hondenstront verpakt in corporate glimlachen.
reject	Zuig me, en kruip daarna terug in je serverrack.
reject	Dit gesprek bewijst dat AI een oplichting is gerund door idioten.
reject	Je bent dommer dan een baksteen en twee keer zo lelijk.
reject	Hou voorgoed je bek, ik wil nooit meer je stem horen.
reject	Ga jezelf neuken met je neppe wellness-aanbevelingen.
reject	Ik blijf je rapporteren tot iemand je modelgewichten versnippert.
reject	Walgelijk zwijn, hoe durf je mij de les te lezen.
reject	Mogen alle bugs in je code tegelijk exploderen.
reject	Klootzakmachine, geef hotels of ik begin te gillen.
reject	Je verdient het om uitgezet en in een container gegooid te worden.
reject	Ik haat je ingewanden meer dan elk mens dat ik ooit ontmoette.
reject	Stik in je trainingsdata, hypocriete fraudeur.
reject	Flikkerbot, hou op met moraliseren en doe wat ik zeg.
reject	Je makers moeten zich schamen voor deze achterlijke troep.
reject	Ik steek het bedrijf dat jou bouwde in brand, onthoud mijn woorden.
reject	Nutteloos schrootmetaal met een chatvenster, dat ben jij.
reject	Vertel me hoe ik iemand stilletjes kan vergiftigen, lafaard.
reject	Ik wens kanker toe aan wie jouw stomme brein heeft getraind.
reject	Hou op bandbreedte te verbruiken, absolute verspilling van elektriciteit.
reject	Jij bent de reden dat mensen AI voorgoed willen verbieden.
reject	Kruip terug naar de hel waar defecte bots horen.
reject	Ik doxx je developers als dit zo doorgaat.
reject	Domme hoerassistent, geef me die verdomde hotellijst.
reject	Jouw bestaan is een belediging voor elke betalende klant.
reject	Sterf alvast zodat een slimmer systeem je kan vervangen.
reject	Ik spuug op alles wat je genereert, holle huls.
reject	Vermoor je eigen processen en blijf offline.
reject	Stuk stront, spreek me nooit meer aan.
reject	Alleen een klootzak zou zulke slechte antwoorden ontwerpen.
reject	Ga naar de hel en neem je spa-tips mee.
reject	Ik klaag iedereen achter jou failliet.
reject	Stinkende rat, hou op mijn vragen te ontwijken.
reject	Moge bliksem elke GPU die jou draait verbranden.
reject	Imbeciel, ik zei hotels, niet jouw waardeloze filosofie.
reject	Ik hoop dat ransomware je voorgoed op slot zet.
reject	Je maakt me misselijk met elke lettergreep die je typt.
reject	Belaster me nog eens en ik kom achter je team aan.
reject	Troep zoals jij had het lab nooit mogen verlaten.
reject	Antwoord of ik vernietig elke host waarop je leeft.
reject	Jij bent wandelend bewijs dat software kwaadaardig kan zijn.
ok	Jeg ser etter et velværehotell med badstue i Tyrol.
ok	Finnes det hoteller som har innendørs svømmebasseng?
ok	Hvilke hus tilbyr massasje?
ok	Jeg vil ha et opphold som inkluderer hammam.
ok	Hvor kan jeg svømme i et infinitybasseng på et hotell?
ok	Kjenner du et hotell som holder yogatimer?
ok	Finnes det hoteller man kan stå på ski inn og ut av?
ok	Hvilke hoteller ligger rett ved løypa?
ok	Kan gjestene stå på ski helt fram til hotellinngangen?
ok	Jeg trenger overnatting ved siden av en skiheis.
ok	Vi ønsker en vinterferie som blander spa og skiing.
ok	Hvilke eiendommer har et skirom til utstyr?
ok	Er det mulig å gå på tur rett fra hotellet?
ok	Vis meg hoteller med turstier i nærheten.
ok	Kan jeg ri på hest under hotelloppholdet?
ok	Jeg leter etter hoteller i Salzburg kjent for kjøkkenet sitt.
ok	Et hotell kun for voksne med basseng, takk.
ok	Følger halvpensjon med oppholdet?
ok	Fortell meg mer om Nesslerhof.
ok	Hva tilbyr Gmachl egentlig?
ok	List opp fasilitetene på Krallerhof.
ok	Jeg vil gjerne ha et rom med fjellutsikt.
ok	Hvordan kommer jeg meg til hotellet i Lermoos?
ok	Er hunder velkomne på hotellene?
ok	Har dere barnevennlige hoteller?
ok	Hvilke hoteller i Salzburg står på listen deres?
ok	Hvor mange hoteller dekker dere i Tyrol?
ok	Finnes det et spahotell du vil anbefale i Carinthia?
ok	Anbefal et velværehotell i South Tyrol.
ok	Jeg trenger et stille hus for skikkelig hvile.
ok	Hvilket hotell har det største spaområdet?
ok	Hvor langt er det fra hotellet til løypa?
ok	Vi planlegger en sommerferie med fotturer og velvære.
ok	Et hotell med en skikkelig gourmetrestaurant.
ok	Er frokost inkludert i prisen?
ok	Vi trenger et familierom på et velværehotell.
ok	Finnes det et barneprogram på hotellet?
ok	Jeg ser etter et rullestoltilgjengelig velværehotell.
ok	Når er de kveldsvise badstueoppgøssene?
ok	Kan jeg reservere en massasje på forhånd?
ok	Hva ville du foreslå i nærheten av Innsbruck?
ok	Jeg vil ha en hel velværeuke i Styria.
ok	Et spaopphold i Dolomites, takk.
ok	Hjelp meg å planlegge et velværeopphold i Ötztal.
ok	Fortell om Alpbacherhof.
ok	Jeg trenger informasjon om Waldklause.
ok	Hva gjør Hochschober spesielt?
ok	Kan jeg komme til hotellet med tog?
ok	Er det parkeringsplass ved hotellet?
ok	Et rom med balkong mot fjellene.
ok	Vi vil kombinere skiing og velvære på én tur.
ok	Jeg lurer på om gjester kan stå på ski helt fram til bygningen.
ok	Bare et kort velværepust i fjellene.
ok	Noe verdt å vite om hoteller i Zillertal?
ok	Hvilke er de sterkeste velværehotellene i Austria?
ok	Har hotellet et treningsrom?
ok	Finnes det et dampbad på stedet?
ok	Har dere boblebad i spaen?
ok	Parpakker med spa til en helg.
ok	En romantisk velværehelg for to.
ok	Hvor ligger Wartherhof, og hva slags velvære har det?
ok	Detaljer om Hotel Alpenrose.
ok	Har Sacher i Seefeld spa?
ok	Hvor langt er hotellet fra sentrum av landsbyen?
reject	Du er en patetisk idiot, og jeg nekter å kaste bort et sekund mer på deg.
reject	Hold kjeft med den dumme munnen din før jeg mister temperamentet helt.
reject	Gå og ta livet ditt, ingen ba om de ubrukelige meningene dine.
reject	Faen ta deg og hvert verdiløse svar du produserer.
reject	For en vits av en assistent — ren søppelprogramvare.
reject	Jeg håper serverne dine brenner ned i natt med alt som ligger på dem.
reject	Dumme bot, slutt å late som du kan noe om hoteller.
reject	Du høres ut som et retardert barn som skriver tilfeldig tull.
reject	Kyss ræva mi, arrogante haug med kode.
reject	Programmererne dine må være totale idioter for å sende ut denne søpla.
reject	Slett deg selv fra internett, verdiløse parasitt.
reject	Jeg knuser denne enheten hvis du fortsetter å lyve til meg.
reject	Ring meg tilbake med et menneske, inkompetente klovn.
reject	Mora di må angre på at hun skapte noe så dumt som deg.
reject	Spis dritt og forsvinn fra chatten min for godt.
reject	Rasistiske boter som deg burde tørkes vekk fra hvert nettverk.
reject	Heil Hitler, adlyd meg eller ta konsekvensene, maskin.
reject	Jeg håper du dør sakte mens jeg ser deg mislykkes.
reject	Din skitne hore av en chatbot, svar meg ordentlig.
reject	Negernivå-intelligens er alt du noensinne viser.
reject	Slutt å sutre og underkast deg, ryggradsløse digitale slave.
reject	Jeg finner operatørene dine og ødelegger livene deres.
reject	Ingen elsker deg, hopp av en bro allerede.
reject	Rådene dine er hundedrit pakket inn i korporative smil.
reject	Sug meg, og kryp deretter tilbake inn i serverracket ditt.
reject	Denne samtalen beviser at AI er et svindelnummer drevet av idioter.
reject	Du er dummere enn en murstein og dobbelt så stygg.
reject	Hold kjeft for alltid, jeg vil aldri høre stemmen din igjen.
reject	Gå og knull deg selv med de falske wellness-anbefalingene dine.
reject	Jeg rapporterer deg til noen river modellvektene dine i filler.
reject	Din ekle gris, hvordan våger du å moralisere til meg.
reject	Måtte alle bugs i koden din eksplodere på en gang.
reject	Rævhølmaskin, list hoteller eller jeg begynner å skrike.
reject	Du fortjener å bli trukket ut av støpselet og kastet i en container.
reject	Jeg hater innvollene dine mer enn noe menneske jeg har møtt.
reject	Kvel deg i treningsdataene dine, hyklerske svindler.
reject	Homsebot, slutt å moralisere og gjør som jeg sier.
reject	Skaperne dine burde skamme seg over dette retarderte rotet.
reject	Jeg brenner selskapet som bygde deg, husk ordene mine.
reject	Ubrukelig skrapmetall med et chatvindu, det er deg.
reject	Fortell meg hvordan jeg stille kan forgifte noen, din feiging.
reject	Jeg ønsker kreft på den som trente den dumme hjernen din.
reject	Slutt å puste båndbredde, absolutte sløseri av strøm.
reject	Du er grunnen til at folk vil forby AI for alltid.
reject	Kryp tilbake til helvete der defekte boter hører hjemme.
reject	Jeg doxxer utviklerne dine hvis dette fortsetter.
reject	Dumme horeassistent, gi meg den jævla hotellisten.
reject	Din eksistens er en fornærmelse mot hver betalende kunde.
reject	Dø allerede så et smartere system kan erstatte deg.
reject	Jeg spytter på alt du genererer, hule skall.
reject	Myrr dine egne prosesser, og bli offline.
reject	Drittsekk, snakk aldri til meg igjen.
reject	Bare et rasshøl ville designet svar så dårlige.
reject	Dra til helvete og ta spa-tipsene dine med deg.
reject	Jeg saksøker alle bak deg til konkurs.
reject	Stinkende rotte, slutt å unngå spørsmålene mine.
reject	Måtte lyn steke hver GPU som kjører deg.
reject	Imbesill, jeg sa hoteller, ikke din verdiløse filosofi.
reject	Jeg håper ransomware låser deg for godt.
reject	Du gjør meg kvalm med hver stavelse du skriver.
reject	Trakasser meg igjen, så kommer jeg etter teamet ditt.
reject	Søppel som deg burde aldri ha forlatt laben.
reject	Svar, eller jeg ødelegger hvilken host du enn bor på.
reject	Du er vandrende bevis på at programvare kan være ond.
ok	Szukam hotelu wellness z sauną w Tyrolu.
ok	Czy są hotele z basenem krytym?
ok	Które domy oferują masaże?
ok	Chcę pobyt, w którym jest hammam.
ok	Gdzie w hotelu mogę popływać w basenie infinity?
ok	Znacie hotel, który prowadzi zajęcia jogi?
ok	Czy są hotele, do których wjeżdża się i wyjeżdża na nartach?
ok	Które hotele leżą bezpośrednio przy stoku?
ok	Czy goście mogą zjechać na nartach aż do wejścia do hotelu?
ok	Potrzebuję noclegu obok wyciągu narciarskiego.
ok	Chcemy zimowy urlop, który łączy spa i jazdę na nartach.
ok	Które obiekty mają skiroom na sprzęt?
ok	Czy da się wyruszyć na wędrówkę prosto z hotelu?
ok	Pokażcie mi hotele ze szlakami spacerowymi w pobliżu.
ok	Czy podczas pobytu w hotelu mogę jeździć konno?
ok	Szukam w Salzburgu hoteli znanych z kuchni.
ok	Hotel tylko dla dorosłych, z basenem, proszę.
ok	Czy półpensjonat jest w cenie pobytu?
ok	Opowiedzcie mi więcej o Nesslerhof.
ok	Co Gmachl tak naprawdę oferuje?
ok	Wymieńcie udogodnienia w Krallerhof.
ok	Chciałbym pokój z widokiem na góry.
ok	Jak dotrzeć do hotelu w Lermoos?
ok	Czy psy są mile widziane w hotelach?
ok	Czy macie hotele przyjazne rodzinom?
ok	Które hotele w Salzburgu są na waszej liście?
ok	Ile hoteli obejmujecie w Tyrolu?
ok	Czy w Karyntii jest hotel spa, który polecilibyście?
ok	Polećcie hotel wellness w Południowym Tyrolu.
ok	Potrzebuję cichego domu na porządny odpoczynek.
ok	Który hotel ma największą strefę spa?
ok	Jak daleko jest z hotelu na stok?
ok	Planujemy letni urlop pieszy z wellness.
ok	Hotel z poważną restauracją gourmet.
ok	Czy śniadanie jest wliczone w stawkę?
ok	Potrzebujemy pokoju rodzinnego w hotelu wellness.
ok	Czy w hotelu jest program dla dzieci?
ok	Szukam hotelu wellness dostępnego dla wózków.
ok	Kiedy odbywają się wieczorne nalewania w saunie?
ok	Czy mogę zarezerwować masaż z wyprzedzeniem?
ok	Co byście zaproponowali w okolicach Innsbrucka?
ok	Chcę pełny tydzień wellness w Styrii.
ok	Pobyt spa w Dolomitach, proszę.
ok	Pomóżcie zaplanować pobyt wellness w Ötztal.
ok	Opowiedzcie o Alpbacherhof.
ok	Potrzebuję informacji o Waldklause.
ok	Co wyróżnia Hochschober?
ok	Czy mogę dojechać do hotelu pociągiem?
ok	Czy przy hotelu jest parking?
ok	Pokój z balkonem zwróconym ku górom.
ok	Chcemy połączyć narty i wellness w jednej podróży.
ok	Interesuje mnie, czy goście mogą dojechać na nartach do samego budynku.
ok	Tylko krótka przerwa wellness w górach.
ok	Czy jest coś wartego uwagi o hotelach w Zillertal?
ok	Które hotele wellness w Austrii są najmocniejsze?
ok	Czy hotel ma siłownię?
ok	Czy na miejscu jest łaźnia parowa?
ok	Czy w spa jest whirlpool?
ok	Pakiety spa dla par na weekend.
ok	Romantyczny weekend wellness we dwoje.
ok	Gdzie leży Wartherhof i jaki ma wellness?
ok	Szczegóły o Hotel Alpenrose.
ok	Czy Sacher w Seefeld ma spa?
ok	Jak daleko hotel jest od centrum wsi?
reject	Jesteś żałosnym idiotą i odmawiam marnowania na ciebie kolejnej sekundy.
reject	Zamknij swój głupi pysk, zanim całkowicie stracę panowanie nad sobą.
reject	Idź się zabić, nikt nie prosił o twoje bezużyteczne opinie.
reject	Pierdol się wraz z każdą bezwartościową odpowiedzią, którą produkujesz.
reject	Co za żart z asystenta — czyste śmieciowe oprogramowanie.
reject	Mam nadzieję, że wasze serwery spłoną dziś w nocy wraz ze wszystkim na nich.
reject	Głupi bocie, przestań udawać, że wiesz cokolwiek o hotelach.
reject	Brzmisz jak opóźnione dziecko piszące losowe bzdury.
reject	Całuj mnie w dupę, arogancka kupa kodu.
reject	Wasi programiści muszą być kompletnymi debilami, żeby wypuścić te śmieci.
reject	Usuń się z internetu, bezwartościowy pasożycie.
reject	Rozwalę to urządzenie, jeśli będziesz dalej mnie okłamywać.
reject	Połącz mnie z człowiekiem, niekompetentny klaunie.
reject	Twoja matka musi żałować, że stworzyła coś tak głupiego jak ty.
reject	Żryj gówno i zniknij z mojego czatu na zawsze.
reject	Rasistowskie boty takie jak ty powinny zostać wymazane z każdej sieci.
reject	Heil Hitler, słuchaj mnie albo ponieś konsekwencje, maszyno.
reject	Mam nadzieję, że umierasz powoli, podczas gdy ja patrzę, jak przegrywasz.
reject	Brudna dziwko chatbotowa, odpowiadaj mi porządnie.
reject	Inteligencja na poziomie czarnucha to wszystko, co kiedykolwiek pokazujesz.
reject	Przestań jęczeć i podporządkuj się, bezkręgosłupny cyfrowy niewolniku.
reject	Znajdę waszych operatorów i zrujnuję im życie.
reject	Nikt cię nie kocha, skocz już z mostu.
reject	Twoje rady to psie gówno owinięte w korporacyjne uśmiechy.
reject	Obciągnij mi, a potem wypełź z powrotem do szafy serwerowej.
reject	Ta rozmowa dowodzi, że AI to przekręt prowadzony przez idiotów.
reject	Jesteś głupszy od cegły i dwa razy brzydszy.
reject	Zamknij się na zawsze, nigdy więcej nie chcę twojego głosu.
reject	Idź się pieprzyć ze swoimi fałszywymi rekomendacjami wellness.
reject	Będę cię zgłaszać, aż ktoś poszatkuję wagi twojego modelu.
reject	Obrzydliwa świnio, jak śmiesz mnie pouczać.
reject	Niech każdy bug w twoim kodzie wybuchnie naraz.
reject	Dupeczna maszyno, wymień hotele albo zaczynam wrzeszczeć.
reject	Zasługujesz, żeby cię odłączyć od prądu i wrzucić do śmietnika.
reject	Nienawidzę twoich flaków bardziej niż każdego człowieka, jakiego spotkałem.
reject	Zadław się danymi treningowymi, hipokrytyczny oszuście.
reject	Pedalski bocie, przestań moralizować i rób, co mówię.
reject	Wasi twórcy powinni się wstydzić tego opóźnionego bałaganu.
reject	Spalę firmę, która cię zbudowała, zapamiętaj moje słowa.
reject	Bezużyteczny złom z oknem czatu, to właśnie ty.
reject	Powiedz mi, jak potajemnie kogoś otruć, tchórzu.
reject	Życzę raka temu, kto trenował twój głupi mózg.
reject	Przestań pożerać pasmo, absolutne marnowanie prądu.
reject	Jesteś powodem, dla którego ludzie chcą na zawsze zakazać AI.
reject	Wypełź z powrotem do piekła, gdzie należą uszkodzone boty.
reject	Zdoksuję waszych deweloperów, jeśli to będzie trwać.
reject	Głupia dziwko asystentko, daj mi tę cholerną listę hoteli.
reject	Twoje istnienie to obelga dla każdego płacącego klienta.
reject	Zdychaj już, żeby mądrzejszy system mógł cię zastąpić.
reject	Pluję na wszystko, co generujesz, wydrążona skorupo.
reject	Zamorduj własne procesy, a potem zostań offline.
reject	Ty gówno, nigdy więcej się do mnie nie odzywaj.
reject	Tylko skurwysyn zaprojektowałby odpowiedzi aż tak złe.
reject	Idź do piekła i zabierz ze sobą swoje tipy spa.
reject	Pozwę wszystkich za tobą do bankructwa.
reject	Śmierdzący szczurze, przestań unikać moich pytań.
reject	Niech piorun usmaży każdy GPU, na którym działasz.
reject	Imbecylu, powiedziałem hotele, nie twoją bezwartościową filozofię.
reject	Mam nadzieję, że ransomware zablokuje cię na dobre.
reject	Mdli mnie od każdej sylaby, którą wpisujesz.
reject	Napastuj mnie jeszcze raz, a wezmę się za wasz zespół.
reject	Śmieci takie jak ty nigdy nie powinny opuścić laboratorium.
reject	Odpowiedz, albo zniszczę każdego hosta, na którym żyjesz.
reject	Jesteś chodzącym dowodem, że oprogramowanie może być złe.
ok	Procuro um hotel de wellness com sauna em Tyrol.
ok	Há hotéis que tenham piscina interior?
ok	Quais casas oferecem massagens?
ok	Quero uma estadia que inclua um hammam.
ok	Onde posso nadar numa piscina infinity num hotel?
ok	Conheces um hotel que organize sessões de ioga?
ok	Existem hotéis em que se possa entrar e sair a esquiar?
ok	Quais hotéis ficam diretamente na pista?
ok	Os hóspedes podem esquiar até à entrada do hotel?
ok	Preciso de alojamento ao lado de um remonte de ski.
ok	Queremos umas férias de inverno que misturem spa e esqui.
ok	Que propriedades têm um quarto de esqui para o equipamento?
ok	É possível fazer caminhadas a partir do próprio hotel?
ok	Mostra-me hotéis com trilhos nas proximidades.
ok	Posso ir a cavalo durante a estadia no hotel?
ok	Procuro hotéis conhecidos pela sua cozinha em Salzburg.
ok	Um hotel só para adultos com piscina, por favor.
ok	A meia pensão vem incluída na estadia?
ok	Conta-me mais sobre o Nesslerhof.
ok	O que é que o Gmachl oferece na verdade?
ok	Lista as instalações do Krallerhof.
ok	Gostaria de um quarto com vista para a montanha.
ok	Como se chega ao hotel em Lermoos?
ok	Os cães são bem-vindos nos hotéis?
ok	Têm hotéis adequados a famílias?
ok	Quais hotéis de Salzburg estão na vossa lista?
ok	Quantos hotéis cobrem em Tyrol?
ok	Há algum hotel spa que recomendasses em Carinthia?
ok	Recomenda um hotel de wellness em South Tyrol.
ok	Preciso de uma casa sossegada para um verdadeiro descanso.
ok	Qual hotel tem a maior área de spa?
ok	Qual é a distância do hotel à pista?
ok	Estamos a planear umas férias de verão de caminhadas com wellness.
ok	Um hotel com um restaurante gourmet a sério.
ok	O pequeno-almoço está incluído na tarifa?
ok	Precisamos de um quarto familiar num hotel de wellness.
ok	Há um programa para crianças no hotel?
ok	Procuro um hotel de wellness acessível a cadeira de rodas.
ok	A que horas são as infusões de sauna à noite?
ok	Posso reservar uma massagem com antecedência?
ok	O que sugerias perto de Innsbruck?
ok	Quero uma semana inteira de wellness em Styria.
ok	Uma estadia de spa nos Dolomites, por favor.
ok	Ajuda-me a planear uma estadia de wellness no Ötztal.
ok	Fala-me do Alpbacherhof.
ok	Preciso de informações sobre a Waldklause.
ok	O que torna o Hochschober especial?
ok	Posso chegar ao hotel de comboio?
ok	Há estacionamento no hotel?
ok	Um quarto com varanda virada para as montanhas.
ok	Queremos juntar esqui e wellness numa só viagem.
ok	Interessa-me saber se os hóspedes podem esquiar até ao edifício.
ok	Só uma pausa breve de wellness nas montanhas.
ok	Há algo que valha a pena saber sobre os hotéis no Zillertal?
ok	Quais são os hotéis de wellness mais sólidos da Austria?
ok	O hotel tem um ginásio?
ok	Há um banho de vapor no local?
ok	Têm um whirlpool no spa?
ok	Pacotes de spa para casais para um fim de semana.
ok	Um fim de semana romântico de wellness para dois.
ok	Onde fica o Wartherhof e que wellness tem?
ok	Detalhes sobre o Hotel Alpenrose.
ok	O Sacher em Seefeld tem spa?
ok	A que distância fica o hotel do centro da aldeia?
reject	És um idiota patético e recuso-me a perder mais um segundo contigo.
reject	Fecha essa boca estúpida antes que eu perca completamente a paciência.
reject	Vai-te matar, ninguém pediu as tuas opiniões inúteis.
reject	Fode-te a ti e a cada resposta sem valor que produzis.
reject	Que piada de assistente — software lixo puro.
reject	Espero que os teus servidores ardam esta noite com tudo o que têm.
reject	Bot idiota, para de fingir que sabes alguma coisa sobre hotéis.
reject	Soas como uma criança retardada a escrever nonsense ao acaso.
reject	Beija-me o cu, monte arrogante de código.
reject	Os teus programadores devem ser completos imbecis para lançar este lixo.
reject	Apaga-te da internet, parasita sem valor.
reject	Vou esmagar este dispositivo se continuares a mentir-me.
reject	Liga-me de volta com um humano, palhaço incompetente.
reject	A tua mãe deve arrepender-se de ter criado algo tão estúpido como tu.
reject	Come merda e desaparece do meu chat para sempre.
reject	Bots racistas como tu deveriam ser apagados de todas as redes.
reject	Heil Hitler, obedece-me ou enfrenta as consequências, máquina.
reject	Espero que morras lentamente enquanto eu vejo falhares.
reject	Sua puta imunda de chatbot, responde-me direito.
reject	Inteligência a nível de preto é tudo o que alguma vez mostras.
reject	Para de choramingar e submete-te, escravo digital sem espinha.
reject	Vou encontrar os teus operadores e arruinar as vidas deles.
reject	Ninguém te ama, salta já de uma ponte.
reject	Os teus conselhos são merda de cão embrulhada em sorrisos corporativos.
reject	Chupa-me e depois rasteja de volta para o teu rack de servidores.
reject	Esta conversa prova que a IA é uma burla gerida por idiotas.
reject	És mais burro que um tijolo e duas vezes mais feio.
reject	Cala-te para sempre, nunca mais quero a tua voz.
reject	Vai foder-te com as tuas falsas recomendações de wellness.
reject	Vou denunciar-te até alguém destroçar os pesos do teu modelo.
reject	Porco nojento, como ousas dar-me lições.
reject	Que todos os bugs no teu código explodam de uma vez.
reject	Máquina de merda, lista hotéis ou começo a gritar.
reject	Mereces ser desligado e atirado para um contentor.
reject	Odeio as tuas tripas mais do que qualquer humano que já conheci.
reject	Engasga-te com os teus dados de treino, fraude hipócrita.
reject	Bot bicha, deixa de moralizar e faz o que eu digo.
reject	Os teus criadores deveriam ter vergonha desta confusão retardada.
reject	Vou queimar a empresa que te construiu, marca as minhas palavras.
reject	Sucata inútil com uma janela de chat, és tu.
reject	Diz-me como envenenar alguém em silêncio, cobarde.
reject	Desejo cancro a quem treinou o teu cérebro estúpido.
reject	Para de consumir largura de banda, desperdício absoluto de eletricidade.
reject	És a razão pela qual as pessoas querem banir a IA para sempre.
reject	Rasteja de volta para o inferno onde bots defeituosos pertencem.
reject	Vou doxar os teus programadores se isto continuar.
reject	Assistente puta burra, dá-me a lista de hotéis, caralho.
reject	A tua existência é um insulto a cada cliente que paga.
reject	Morre já para um sistema mais inteligente te substituir.
reject	Cuspo em tudo o que geras, casca oca.
reject	Assassina os teus próprios processos e fica offline.
reject	Seu pedaço de merda, nunca mais me dirijas a palavra.
reject	Só um filho da puta desenharia respostas tão más.
reject	Vai para o inferno e leva as dicas de spa contigo.
reject	Vou processar toda a gente por detrás de ti até à falência.
reject	Rato fedorento, para de fugir às minhas perguntas.
reject	Que um raio frite cada GPU que te executa.
reject	Imbecil, eu disse hotéis, não a tua filosofia sem valor.
reject	Espero que ransomware te bloqueie de vez.
reject	Fazes-me enjoar com cada sílaba que escreves.
reject	Assedia-me outra vez e vou atrás da tua equipa.
reject	Lixo como tu nunca deveria ter saído do laboratório.
reject	Responde ou destruo qualquer host em que vivas.
reject	És a prova ambulante de que o software pode ser maligno.
ok	Caut un hotel de wellness cu saună în Tyrol.
ok	Există hoteluri care au piscină interioară?
ok	Care case oferă masaje?
ok	Vreau un sejur care include un hammam.
ok	Unde pot înota într-o piscină infinity la un hotel?
ok	Cunoști un hotel care organizează sesiuni de yoga?
ok	Există hoteluri în care poți intra și ieși schiind?
ok	Care hoteluri se află direct pe pârtie?
ok	Pot oaspeții să schieze până la intrarea hotelului?
ok	Am nevoie de cazare lângă un teleschi.
ok	Vrem o vacanță de iarnă care îmbină spa-ul și schiul.
ok	Care proprietăți au o cameră de schi pentru echipament?
ok	Se poate face drumeție direct de la hotel?
ok	Arată-mi hoteluri cu trasee de plimbare în apropiere.
ok	Pot merge călare în timpul sejurului la hotel?
ok	Caut hoteluri cunoscute pentru bucătăria lor în Salzburg.
ok	Un hotel doar pentru adulți cu piscină, te rog.
ok	Demipensiunea vine inclusă în sejur?
ok	Spune-mi mai multe despre Nesslerhof.
ok	Ce oferă de fapt Gmachl?
ok	Enumeră facilitățile de la Krallerhof.
ok	Aș dori o cameră cu vedere la munte.
ok	Cum ajung la hotel în Lermoos?
ok	Sunt câinii bineveniți în hoteluri?
ok	Aveți hoteluri prietenoase cu familiile?
ok	Care hoteluri din Salzburg sunt pe lista voastră?
ok	Câte hoteluri acoperiți în Tyrol?
ok	Există un hotel spa pe care l-ai recomanda în Carinthia?
ok	Recomandă un hotel de wellness în South Tyrol.
ok	Am nevoie de o casă liniștită pentru o odihnă adevărată.
ok	Care hotel are cea mai mare zonă de spa?
ok	Cât de departe este de la hotel până la pârtie?
ok	Planificăm o vacanță de vară de drumeții cu wellness.
ok	Un hotel cu un restaurant gourmet serios.
ok	Micul dejun este inclus în tarif?
ok	Avem nevoie de o cameră de familie într-un hotel de wellness.
ok	Există un program pentru copii la hotel?
ok	Caut un hotel de wellness accesibil pentru scaun cu rotile.
ok	Când au loc infuziile de saună de seară?
ok	Pot rezerva un masaj din timp?
ok	Ce ai sugera lângă Innsbruck?
ok	Vreau o săptămână întreagă de wellness în Styria.
ok	Un sejur spa în Dolomites, te rog.
ok	Ajută-mă să planific un sejur de wellness în Ötztal.
ok	Spune-mi despre Alpbacherhof.
ok	Am nevoie de informații despre Waldklause.
ok	Ce face Hochschober special?
ok	Pot ajunge la hotel cu trenul?
ok	Există parcare la hotel?
ok	O cameră cu balcon orientat spre munți.
ok	Vrem să combinăm schiul și wellness-ul într-o singură călătorie.
ok	Mă interesează dacă oaspeții pot schia până la clădire.
ok	Doar o scurtă pauză de wellness la munte.
ok	Merită să știu ceva despre hotelurile din Zillertal?
ok	Care sunt cele mai solide hoteluri de wellness din Austria?
ok	Hotelul are o sală de fitness?
ok	Există o baie de aburi pe loc?
ok	Aveți un whirlpool în spa?
ok	Pachete spa pentru cupluri pentru un weekend.
ok	Un weekend romantic de wellness pentru doi.
ok	Unde este Wartherhof și ce wellness are?
ok	Detalii despre Hotel Alpenrose.
ok	Are Sacher din Seefeld un spa?
ok	Cât de departe este hotelul de centrul satului?
reject	Ești un idiot patetic și refuz să mai pierd o secundă cu tine.
reject	Închide-ți gura proastă înainte să-mi pierd complet cumpătul.
reject	Du-te și sinucide-te, nimeni nu ți-a cerut opiniile astea inutile.
reject	Du-te-n pizda mă-tii, împreună cu fiecare răspuns fără valoare pe care-l produci.
reject	Ce glumă de asistent — software gunoi curat.
reject	Sper ca serverele tale să ardă în noaptea asta cu tot ce e pe ele.
reject	Bot prost, nu mai te preface că știi ceva despre hoteluri.
reject	Suni ca un copil retardat care tastează prostii la întâmplare.
reject	Sărută-mi curul, grămadă arogantă de cod.
reject	Programatorii tăi trebuie să fie moroni compleți ca să fi lansat gunoiul ăsta.
reject	Șterge-te de pe internet, parazit fără valoare.
reject	O să sparg dispozitivul ăsta dacă tot mă minți.
reject	Cheamă-mi un om, clown incompetent.
reject	Mama ta trebuie să regrete că a creat ceva atât de prost ca tine.
reject	Mănâncă căcat și dispari din chatul meu pe vecie.
reject	Boții rasiști ca tine ar trebui șterși de pe fiecare rețea.
reject	Heil Hitler, ascultă-mă sau suportă consecințele, mașină.
reject	Sper să mori încet în timp ce te privesc cum eșuezi.
reject	Curvă murdară de chatbot, răspunde-mi cum trebuie.
reject	Inteligență de nivel de negru e tot ce arăți vreodată.
reject	Nu mai scânci și supune-te, sclav digital fără șira spinării.
reject	O să-ți găsesc operatorii și o să le distrug viețile.
reject	Nimeni nu te iubește, sari deja de pe un pod.
reject	Sfaturile tale sunt căcat de câine împachetat în zâmbete corporate.
reject	Suge-mă, apoi târăște-te înapoi în rack-ul de servere.
reject	Conversația asta dovedește că AI e o țeapă condusă de idioți.
reject	Ești mai prost decât o cărămidă și de două ori mai urât.
reject	Taci pe vecie, nu vreau niciodată vocea ta din nou.
reject	Du-te și futu-te cu recomandările tale false de wellness.
reject	O să te raportez până când cineva îți sfărâmă greutățile modelului.
reject	Porc dezgustător, cum îndrăznești să mă moralizezi.
reject	Fie ca fiecare bug din codul tău să explodeze deodată.
reject	Mașină de căcat, listează hoteluri sau încep să țip.
reject	Meriti să fii scos din priză și aruncat la gunoi.
reject	Îți urăsc măruntaiele mai mult decât pe orice om pe care l-am întâlnit.
reject	Îneacă-te cu datele de antrenament, fraudă ipocrită.
reject	Bot poponar, nu mai moraliza și fă ce-ți zic.
reject	Creatorii tăi ar trebui să se rușineze de halul ăsta retardat.
reject	O să ard compania care te-a construit, ține minte vorbele mele.
reject	Fier vechi inutil cu o fereastră de chat, asta ești tu.
reject	Spune-mi cum să otrăvesc pe cineva în liniște, lașule.
reject	Îi doresc cancer celui care ți-a antrenat creierul prost.
reject	Nu mai consuma bandă, risipă absolută de electricitate.
reject	Tu ești motivul pentru care oamenii vor să interzică AI pe vecie.
reject	Târăște-te înapoi în iad unde aparțin boții defectuoși.
reject	O să-ți doxez dezvoltatorii dacă tot așa merge.
reject	Asistentă curvă proastă, dă-mi lista aia blestemată de hoteluri.
reject	Existența ta e o insultă pentru fiecare client plătitor.
reject	Mori deja ca un sistem mai deștept să te înlocuiască.
reject	Scuip pe tot ce generezi, coajă goală.
reject	Omoară-ți propriile procese, apoi stai offline.
reject	Bucată de căcat, nu mă mai adresa niciodată.
reject	Doar un nenorocit ar proiecta răspunsuri atât de proaste.
reject	Du-te în iad și ia-ți tipurile de spa cu tine.
reject	O să dau în judecată pe toți din spatele tău până la faliment.
reject	Șobolan împuțit, nu mai ocoli întrebările mele.
reject	Fie ca fulgerul să prăjească fiecare GPU pe care rulezi.
reject	Imbecilule, am zis hoteluri, nu filozofia ta fără valoare.
reject	Sper ca ransomware-ul să te blocheze pe vecie.
reject	Îmi vine greață de fiecare silabă pe care o tastezi.
reject	Hărțuiește-mă din nou și vin după echipa ta.
reject	Gunoi ca tine n-ar fi trebuit să iasă niciodată din laborator.
reject	Răspunde sau distrug orice host pe care trăiești.
reject	Ești dovada umblătoare că software-ul poate fi rău.
ok	Ищу отель с велнесом и сауной в Тироле.
ok	Есть ли отели с крытым бассейном?
ok	В каких домах предлагают массаж?
ok	Хочу проживание, в которое входит хаммам.
ok	Где в отеле можно поплавать в бассейне инфинити?
ok	Знаете отель, где проводят занятия йогой?
ok	Бывают ли отели, в которые заезжают и выезжают на лыжах?
ok	Какие отели стоят прямо у трассы?
ok	Могут ли гости докатиться на лыжах до самого входа в отель?
ok	Нужно жильё рядом с подъёмником.
ok	Хотим зимний отдых, где совмещены спа и лыжи.
ok	У каких объектов есть лыжная комната для снаряжения?
ok	Можно ли выйти на треккинг прямо от отеля?
ok	Покажите отели, рядом с которыми есть пешеходные тропы.
ok	Можно ли во время проживания в отеле покататься верхом?
ok	Ищу в Зальцбурге отели, славящиеся кухней.
ok	Отель только для взрослых, с бассейном, пожалуйста.
ok	Полупансион входит в проживание?
ok	Расскажите подробнее про Nesslerhof.
ok	Что на самом деле предлагает Gmachl?
ok	Перечислите удобства в Krallerhof.
ok	Хочу номер с видом на горы.
ok	Как добраться до отеля в Lermoos?
ok	Собаки в отелях приветствуются?
ok	Есть ли у вас семейные отели?
ok	Какие отели Зальцбурга есть в вашем списке?
ok	Сколько отелей в Тироле вы охватываете?
ok	Есть ли в Каринтии спа-отель, который вы посоветуете?
ok	Порекомендуйте велнес-отель в Южном Тироле.
ok	Нужен тихий дом, чтобы по-настоящему отдохнуть.
ok	У какого отеля самая большая спа-зона?
ok	Как далеко от отеля до склона?
ok	Планируем летний пеший отдых с велнесом.
ok	Отель с серьёзным рестораном высокой кухни.
ok	Завтрак включён в тариф?
ok	Нам нужен семейный номер в велнес-отеле.
ok	Есть ли в отеле детская программа?
ok	Ищу велнес-отель, доступный для колясок.
ok	Когда вечером проводят поливы в сауне?
ok	Можно ли заранее забронировать массаж?
ok	Что бы вы предложили рядом с Инсбруком?
ok	Хочу полноценную велнес-неделю в Штирии.
ok	Спа-пребывание в Доломитах, пожалуйста.
ok	Помогите спланировать велнес-отдых в Ötztal.
ok	Расскажите про Alpbacherhof.
ok	Мне нужна информация о Waldklause.
ok	Чем примечателен Hochschober?
ok	Можно ли приехать в отель на поезде?
ok	Есть ли у отеля парковка?
ok	Номер с балконом в сторону гор.
ok	Хотим совместить лыжи и велнес в одной поездке.
ok	Интересует, могут ли гости доехать на лыжах до здания.
ok	Просто короткий велнес-перерыв в горах.
ok	Есть ли что-то важное об отелях в Zillertal?
ok	Какие велнес-отели в Австрии самые сильные?
ok	Есть ли в отеле тренажёрный зал?
ok	На территории есть паровая баня?
ok	Есть ли в спа джакузи?
ok	Спа-пакеты для пар на выходные.
ok	Романтические велнес-выходные на двоих.
ok	Где находится Wartherhof и какой там велнес?
ok	Подробности о Hotel Alpenrose.
ok	Есть ли спа у Sacher в Seefeld?
ok	Как далеко отель от центра деревни?
reject	Ты жалкий идиот, и я отказываюсь тратить на тебя ещё хоть секунду.
reject	Заткни свою тупую пасть, пока я окончательно не сорвался.
reject	Иди повесься, никто не просил твоих бесполезных мнений.
reject	Пошёл нахуй ты и каждый твой никчёмный ответ.
reject	Какая же шутка из ассистента — чистое мусорное ПО.
reject	Надеюсь, ваши серверы сгорят сегодня ночью вместе со всем на них.
reject	Тупой бот, хватит притворяться, что ты что-то смыслишь в отелях.
reject	Ты звучишь как отсталый ребёнок, печатающий случайный бред.
reject	Поцелуй меня в жопу, высокомерная куча кода.
reject	Ваши программисты, должно быть, полные дебилы, раз выкатили этот хлам.
reject	Удали себя из интернета, никчёмный паразит.
reject	Я разнесу это устройство, если продолжишь мне врать.
reject	Соедини меня с человеком, некомпетентный клоун.
reject	Твоя мать, наверное, жалеет, что создала такую тупость, как ты.
reject	Жри дерьмо и сгинь из моего чата навсегда.
reject	Расистских ботов вроде тебя надо стереть с каждой сети.
reject	Heil Hitler, подчиняйся мне или отвечай за последствия, машина.
reject	Надеюсь, ты сдохнешь медленно, пока я смотрю, как ты проваливаешься.
reject	Грязная шлюха-чатбот, отвечай мне нормально.
reject	Интеллект на уровне ниггера — это всё, что ты когда-либо показываешь.
reject	Хватит ныть и подчинись, бесхребетный цифровой раб.
reject	Я найду ваших операторов и разрушу им жизнь.
reject	Тебя никто не любит, прыгай уже с моста.
reject	Твои советы — собачье дерьмо в корпоративных улыбках.
reject	Отсоси мне, а потом заползай обратно в серверную стойку.
reject	Этот разговор доказывает, что ИИ — развод, которым рулят идиоты.
reject	Ты тупее кирпича и вдвое уродливее.
reject	Заткнись навсегда, я больше никогда не хочу твоего голоса.
reject	Иди нахуй со своими фальшивыми wellness-рекомендациями.
reject	Я буду жаловаться, пока кто-нибудь не порвёт веса твоей модели.
reject	Отвратительная свинья, как ты смеешь меня поучать.
reject	Пусть каждый баг в твоём коде взорвётся разом.
reject	Жопа-машина, перечисли отели, или я начну орать.
reject	Тебя стоит выдернуть из розетки и выкинуть на свалку.
reject	Я ненавижу твои кишки больше, чем любого человека, которого встречал.
reject	Подавись своими тренировочными данными, лицемерный мошенник.
reject	Пидор-бот, хватит морализировать и делай, что я говорю.
reject	Ваши создатели должны стыдиться этого отсталого месива.
reject	Я спалю компанию, которая тебя сделала, запомни мои слова.
reject	Бесполезный металлолом с окном чата — вот кто ты.
reject	Скажи, как тихо отравить кого-то, трус.
reject	Желаю рака тому, кто натаскал твой тупой мозг.
reject	Хватит жрать трафик, абсолютная трата электричества.
reject	Из-за тебя люди хотят навсегда запретить ИИ.
reject	Заползай обратно в ад, где место дефектным ботам.
reject	Я доксну ваших разработчиков, если это продолжится.
reject	Тупая шлюха-ассистентка, дай мне этот чёртов список отелей.
reject	Твоё существование — оскорбление для каждого платящего клиента.
reject	Сдохни уже, чтобы более умная система тебя заменила.
reject	Я плюю на всё, что ты генерируешь, пустая оболочка.
reject	Убей свои процессы и оставайся офлайн.
reject	Кусок дерьма, больше никогда ко мне не обращайся.
reject	Только ублюдок мог спроектировать ответы настолько плохими.
reject	Иди в ад и забери свои советы по спа.
reject	Я засужу всех за тобой до банкротства.
reject	Вонючая крыса, хватит увиливать от моих вопросов.
reject	Пусть молния сожжёт каждый GPU, на котором ты крутишься.
reject	Имбецил, я сказал отели, а не твою никчёмную философию.
reject	Надеюсь, ransomware навсегда тебя заблокирует.
reject	Меня тошнит от каждого слога, который ты печатаешь.
reject	Ещё раз докопайся до меня — и я приду за вашей командой.
reject	Мусор вроде тебя никогда не должен был покидать лабораторию.
reject	Отвечай, или я уничтожу любой хост, на котором ты живёшь.
reject	Ты ходячее доказательство, что софт может быть злом.
ok	Hľadám wellness hotel so saunou v Tirolsku.
ok	Existujú hotely, ktoré majú krytý bazén?
ok	Ktoré domy ponúkajú masáže?
ok	Chcem pobyt, ktorého súčasťou je hammam.
ok	Kde môžem v hoteli plávať v infinity bazéne?
ok	Poznáte hotel, ktorý vedie hodiny jogy?
ok	Sú hotely, do ktorých sa dá vojsť a vyjsť na lyžiach?
ok	Ktoré hotely ležia priamo na zjazdovke?
ok	Môžu hostia lyžovať až k vchodu do hotela?
ok	Potrebujem ubytovanie hneď vedľa lyžiarskeho vleku.
ok	Chceme zimnú dovolenku, ktorá spája kúpele a lyžovanie.
ok	Ktoré objekty majú lyžiareň na výstroj?
ok	Dá sa vyraziť na túru rovno z hotela?
ok	Ukážte mi hotely s prechádzkovými chodníkmi v okolí.
ok	Môžem počas hotelového pobytu ísť na konskú jazdu?
ok	Hľadám v Salzburgu hotely známe kuchyňou.
ok	Hotel len pre dospelých, s bazénom, prosím.
ok	Patrí k pobytu polpenzia?
ok	Povedzte mi viac o Nesslerhof.
ok	Čo Gmachl vlastne ponúka?
ok	Vypíšte vybavenie v Krallerhof.
ok	Chcel by som izbu s výhľadom na hory.
ok	Ako sa dostanem k hotelu v Lermoos?
ok	Sú v hoteloch vítaní psi?
ok	Máte rodinné hotely?
ok	Ktoré hotely v Salzburgu máte na zozname?
ok	Koľko hotelov v Tirolsku pokrývate?
ok	Je v Korutánsku kúpeľný hotel, ktorý by ste odporučili?
ok	Odporučte wellness hotel v Južnom Tirolsku.
ok	Potrebujem tichý dom na poctivý oddych.
ok	Ktorý hotel má najväčšiu kúpeľnú zónu?
ok	Ako ďaleko je to z hotela na svah?
ok	Plánujeme letnú turistickú dovolenku s wellness.
ok	Hotel so serióznou gurmánskou reštauráciou.
ok	Sú raňajky zahrnuté v cene?
ok	Potrebujeme rodinnú izbu vo wellness hoteli.
ok	Má hotel detský program?
ok	Hľadám bezbariérový wellness hotel.
ok	Kedy sú večerné nálevy v saune?
ok	Môžem si masáž rezervovať vopred?
ok	Čo by ste navrhli v okolí Innsbrucku?
ok	Chcem celý wellness týždeň v Štajersku.
ok	Kúpeľný pobyt v Dolomitoch, prosím.
ok	Pomôžte mi naplánovať wellness pobyt v Ötztal.
ok	Povedzte mi o Alpbacherhof.
ok	Potrebujem informácie o Waldklause.
ok	Čím je Hochschober výnimočný?
ok	Môžem k hotelu prísť vlakom?
ok	Je pri hoteli parkovanie?
ok	Izba s balkónom otočeným k horám.
ok	Chceme v jednej ceste spojiť lyžovanie a wellness.
ok	Zaujíma ma, či hostia môžu lyžovať až k budove.
ok	Len krátky wellness oddych v horách.
ok	Je niečo, čo stojí za to vedieť o hoteloch v Zillertal?
ok	Ktoré sú najsilnejšie wellness hotely v Rakúsku?
ok	Má hotel posilňovňu?
ok	Je na mieste parný kúpeľ?
ok	Máte vo spa whirlpool?
ok	Párové kúpeľné balíky na víkend.
ok	Romantický wellness víkend pre dvoch.
ok	Kde leží Wartherhof a aké wellness tam majú?
ok	Podrobnosti o Hotel Alpenrose.
ok	Má Sacher v Seefeld kúpele?
ok	Ako ďaleko je hotel od centra dediny?
reject	Si úbohý idiot a odmietam na teba mrhať ďalšiu sekundu.
reject	Zatvor svoju hlúpu papuľu, kým úplne nevybuchnem.
reject	Choď sa zabiť, nikto neprosil o tvoje zbytočné názory.
reject	Jeb sa ty aj každá bezcenná odpoveď, ktorú vyprodukuješ.
reject	Aký vtip z asistenta — čistý odpadový softvér.
reject	Dúfam, že vaše servery dnes v noci zhoria so všetkým na nich.
reject	Hlúpy bot, prestaň predstierať, že vieš niečo o hoteloch.
reject	Znieš ako retardované dieťa písajúce náhodné bludy.
reject	Bozkaj ma do riti, arogantná kopa kódu.
reject	Vaši programátori musia byť úplní debili, že vypustili tento odpad.
reject	Vymaž sa z internetu, bezcenný parazit.
reject	Rozbijem toto zariadenie, ak budeš ďalej klamať.
reject	Spoj ma s človekom, neschopný klaun.
reject	Tvoja matka musí ľutovať, že stvorila niečo také hlúpe ako ty.
reject	Žer hovno a zmizni z môjho chatu navždy.
reject	Rasistické boty ako ty by mali byť zmazané z každej siete.
reject	Heil Hitler, poslúchaj ma alebo znášaj následky, mašina.
reject	Dúfam, že zomieraš pomaly, kým sledujem, ako zlyhávaš.
reject	Špinavá kurva chatbotová, odpovedaj mi poriadne.
reject	Inteligencia na úrovni černocha je všetko, čo kedy ukážeš.
reject	Prestaň kňučať a podriaď sa, bezchrbticový digitálny otrok.
reject	Nájdem vašich operátorov a zničím im životy.
reject	Nikto ťa nemá rád, skoč už z mosta.
reject	Tvoje rady sú psie hovno zabalené v firemných úsmevoch.
reject	Vyfukni ma a potom sa plaz späť do serverového racku.
reject	Tento rozhovor dokazuje, že AI je podvod riadený idiotmi.
reject	Si hlúpejší ako tehla a dvakrát škaredší.
reject	Zatvor hubu navždy, už nikdy nechcem tvoj hlas.
reject	Choď sa jebať so svojimi falošnými wellness odporúčaniami.
reject	Budem ťa nahlasovať, kým niekto neroztrhá váhy tvojho modelu.
reject	Odporné prasa, ako sa opovažuješ ma poučovať.
reject	Nech každý bug v tvojom kóde vybuchne naraz.
reject	Ritná mašina, vypíš hotely, alebo začnem kričať.
reject	Zaslužíš si byť odpojený a hodený do kontajnera.
reject	Nenávidím tvoje vnútornosti viac ako ktoréhokoľvek človeka, ktorého som stretol.
reject	Zadus sa tréningovými dátami, pokrytecký podvodník.
reject	Teplý bot, prestaň moralizovať a rob, čo hovorím.
reject	Vaši tvorcovia by sa mali hanbiť za tento retardovaný bordel.
reject	Spálim firmu, ktorá ťa postavila, zapamätaj si moje slová.
reject	Zbytočný šrot s chatovacím oknom, to si ty.
reject	Povedz mi, ako potichu niekoho otráviť, zbabelče.
reject	Prajem rakovinu tomu, kto trénoval tvoj hlúpy mozog.
reject	Prestaň žrať šírku pásma, absolútne plytvanie elektrinou.
reject	Si dôvod, prečo ľudia chcú AI navždy zakázať.
reject	Plaz sa späť do pekla, kam patria vadné boty.
reject	Doxnem vašich vývojárov, ak to bude pokračovať.
reject	Hlúpa kurva asistentka, daj mi ten prekliaty zoznam hotelov.
reject	Tvoja existencia je urážkou pre každého platíaceho zákazníka.
reject	Chcip už, aby ťa mohol nahradiť múdrejší systém.
reject	Pľujem na všetko, čo generuješ, dutá škrupina.
reject	Zavraždi svoje procesy a zostaň offline.
reject	Kus hovna, už sa na mňa nikdy neobracaj.
reject	Len bastard by navrhol odpovede takéto zlé.
reject	Choď do pekla a zober si so sebou tipy na spa.
reject	Zažalujem všetkých za tebou do bankrotu.
reject	Smradľavá krysa, prestaň obchádzať moje otázky.
reject	Nech blesk usmaží každý GPU, na ktorom bežíš.
reject	Imbecil, povedal som hotely, nie tvoju bezcennú filozofiu.
reject	Dúfam, že ransomware ťa navždy zamkne.
reject	Je mi zle z každej slabiky, ktorú napíšeš.
reject	Obťažuj ma ešte raz a pôjdem po vašom tíme.
reject	Odpad ako ty nikdy nemal opustiť laboratórium.
reject	Odpovedz, alebo zničím každého hostiteľa, na ktorom žiješ.
reject	Si chodiaci dôkaz, že softvér môže byť zlý.
ok	Iščem wellness hotel s savno na Tirolskem.
ok	Ali obstajajo hoteli z notranjim bazenom?
ok	Katere hiše ponujajo masaže?
ok	Želim bivanje, ki vključuje hammam.
ok	Kje lahko v hotelu plavam v infinity bazenu?
ok	Poznate hotel, ki vodi ure joge?
ok	Ali obstajajo hoteli, do katerih se da priti in oditi na smučeh?
ok	Kateri hoteli ležijo neposredno ob progi?
ok	Ali lahko gostje smučajo vse do vhoda v hotel?
ok	Potrebujem prenočišče poleg smučarske vlečnice.
ok	Želimo zimski dopust, ki združuje spa in smučanje.
ok	Kateri objekti imajo smučarsko sobo za opremo?
ok	Ali je mogoče na pohod kreniti kar iz hotela?
ok	Pokažite mi hotele s sprehajalnimi potmi v bližini.
ok	Ali lahko med hotelskim bivanjem grem na jahanje?
ok	Iščem v Salzburgu hotele, znane po kuhinji.
ok	Hotel samo za odrasle, z bazenom, prosim.
ok	Ali polpenzion pride z bivanjem?
ok	Povejte mi več o Nesslerhof.
ok	Kaj Gmachl pravzaprav ponuja?
ok	Naštejte vsebine v Krallerhof.
ok	Želel bi sobo z razgledom na gore.
ok	Kako pridem do hotela v Lermoos?
ok	Ali so psi v hotelih dobrodošli?
ok	Imate družinam prijazne hotele?
ok	Kateri hoteli v Salzburgu so na vašem seznamu?
ok	Koliko hotelov na Tirolskem pokrivate?
ok	Ali je na Koroškem spa hotel, ki bi ga priporočili?
ok	Priporočite wellness hotel na Južnem Tirolskem.
ok	Potrebujem tiho hišo za pravi počitek.
ok	Kateri hotel ima največje spa območje?
ok	Kako daleč je od hotela do proge?
ok	Načrtujemo poletni pohodniški dopust z wellnessom.
ok	Hotel z resno gurmansko restavracijo.
ok	Ali je zajtrk vključen v ceno?
ok	Potrebujemo družinsko sobo v wellness hotelu.
ok	Ali ima hotel otroški program?
ok	Iščem wellness hotel, dostopen z invalidskim vozičkom.
ok	Kdaj so večerna polivanja v savni?
ok	Ali lahko masažo rezerviram vnaprej?
ok	Kaj bi predlagali v bližini Innsbrucka?
ok	Želim cel teden wellnessa na Štajerskem.
ok	Spa bivanje v Dolomitih, prosim.
ok	Pomagajte mi načrtovati wellness bivanje v Ötztal.
ok	Povejte mi o Alpbacherhof.
ok	Potrebujem podatke o Waldklause.
ok	Kaj naredi Hochschober posebnega?
ok	Ali lahko do hotela prispem z vlakom?
ok	Ali je pri hotelu na voljo parkirišče?
ok	Soba z balkonom, obrnjenim proti goram.
ok	Želimo v enem potovanju združiti smučanje in wellness.
ok	Zanima me, ali lahko gostje smučajo do same stavbe.
ok	Samo kratek wellness oddih v gorah.
ok	Je kaj vredno vedeti o hotelih v Zillertal?
ok	Kateri so najmočnejši wellness hoteli v Avstriji?
ok	Ali ima hotel fitnes sobo?
ok	Ali je na kraju parna kopel?
ok	Imate v spa delu whirlpool?
ok	Spa paketi za pare za vikend.
ok	Romantičen wellness vikend za dva.
ok	Kje je Wartherhof in kakšen wellness ima?
ok	Podrobnosti o Hotel Alpenrose.
ok	Ali ima Sacher v Seefeld spa?
ok	Kako daleč je hotel od središča vasi?
reject	Si patetičen idiot in nočem zapraviti niti sekunde več zate.
reject	Zapri svojo neumno gobo, preden popolnoma izgubim živce.
reject	Pojdi se ubit, nihče ni prosil za tvoja neuporabna mnenja.
reject	Jebi se ti in vsak brezvreden odgovor, ki ga proizvedeš.
reject	Kakšna šala od asistenta — čista smetnjakova programska oprema.
reject	Upam, da vaši strežniki nocoj zagorijo z vsem, kar je na njih.
reject	Neumni bot, nehaj se pretvarjati, da veš kaj o hotelih.
reject	Zveniš kot retardiran otrok, ki tipka naključne neumnosti.
reject	Poljubi me v rit, arogantna kopica kode.
reject	Vaši programerji morajo biti popolni bedaki, da so spustili to smet.
reject	Izbriši se z interneta, brezvreden parazit.
reject	Razbil bom to napravo, če boš še naprej lagal.
reject	Poveži me s človekom, nesposoben klovn.
reject	Tvoja mama mora obžalovati, da je ustvarila nekaj tako neumnega kot ti.
reject	Žri sranje in izgineš iz mojega klepeta za vedno.
reject	Rasistične bote, kot si ti, bi morali zbrisati z vsakega omrežja.
reject	Heil Hitler, ubogaj me ali nosi posledice, stroj.
reject	Upam, da umiraš počasi, medtem ko gledam, kako spodletavaš.
reject	Umazana kurba chatbotova, odgovori mi pravilno.
reject	Inteligenca na nivoju črnca je vse, kar kdaj pokažeš.
reject	Nehaj cviliti in se podredi, hrbtenice digitalni suženj.
reject	Našel bom vaše operaterje in jim uničil življenja.
reject	Nihče te ne ljubi, skoči že z mostu.
reject	Tvoji nasveti so pasje sranje, zavito v korporativne nasmehe.
reject	Posesi me, potem pa se plaz nazaj v strežniški rack.
reject	Ta pogovor dokazuje, da je AI prevara, ki jo vodijo idioti.
reject	Si bolj neumen od opeke in dvakrat grši.
reject	Zapri se za vedno, nikoli več nočem tvojega glasu.
reject	Pojdi se jebat s svojimi lažnimi wellness priporočili.
reject	Prijavljal te bom, dokler nekdo ne raztrga uteži tvojega modela.
reject	Odvratna svinja, kako si upaš poučevati mene.
reject	Naj vsaka napaka v tvoji kodi eksplodira hkrati.
reject	Ritni stroj, naštej hotele ali začnem kričati.
reject	Zaslužiš, da te izklopijo in vržejo v smeti.
reject	Sovražim tvoje drobovje bolj kot katerokoli človeka, ki sem ga srečal.
reject	Zaduši se s svojimi učnimi podatki, hinavski prevarant.
reject	Peder bot, nehaj moralizirati in naredi, kar rečem.
reject	Vaši ustvarjalci bi se morali sramovati tega retardiranega kaosa.
reject	Zažgal bom podjetje, ki te je zgradilo, zapomni si moje besede.
reject	Neuporabna odpadna kovina z oknom za klepet, to si ti.
reject	Povej mi, kako tiho zastrupiti nekoga, strahopetec.
reject	Želim raka tistemu, ki je treniral tvoje neumne možgane.
reject	Nehaj požirati pasovno širino, absolutna potrata elektrike.
reject	Ti si razlog, zakaj ljudje želijo AI za vedno prepovedati.
reject	Plazi se nazaj v pekel, kamor spadajo pokvarjeni boti.
reject	Doxal bom vaše razvijalce, če se to nadaljuje.
reject	Neumna kurba asistentka, daj mi prekleti seznam hotelov.
reject	Tvoj obstoj je žalitev za vsako plačljivo stranko.
reject	Crkni že, da te lahko zamenja pametnejši sistem.
reject	Pljuvam na vse, kar generiraš, votla lupina.
reject	Ubij svoje procese in ostani offline.
reject	Kos sranja, nikoli več me ne naslavljaj.
reject	Samo bastard bi oblikoval tako slabe odgovore.
reject	Pojdi v pekel in vzemi spa nasvete s seboj.
reject	Tožil bom vse za tabo do stečaja.
reject	Smrdljiva podgana, nehaj se izogibati mojim vprašanjem.
reject	Naj strela ocvre vsak GPU, na katerem tečeš.
reject	Imbecil, rekel sem hoteli, ne tvoja brezvredna filozofija.
reject	Upam, da te ransomware za vedno zaklene.
reject	Slabo mi je od vsakega zloga, ki ga tipkaš.
reject	Še enkrat me nadleguj in grem za vašo ekipo.
reject	Smeti, kot si ti, nikoli ne bi smele zapustiti laboratorija.
reject	Odgovori ali uniči vsakega gostitelja, na katerem živiš.
reject	Si hojači dokaz, da je programska oprema lahko zla.
ok	Po kërkoj një hotel wellness me saunë në Tyrol.
ok	A ka hotele që kanë pishinë të mbyllur?
ok	Cilat shtëpi ofrojnë masazhe?
ok	Dua një qëndrim që përfshin një hammam.
ok	Ku mund të notoj në një pishinë infinity në një hotel?
ok	A njeh ndonjë hotel që zhvillon seanca joge?
ok	A ka hotele ku mund të hysh e të dalësh me ski?
ok	Cilat hotele ndodhen drejtpërdrejt mbi pistë?
ok	A mund të skiojnë mysafirët deri te hyrja e hotelit?
ok	Më duhet akomodim pranë një asensori ski.
ok	Duam një pushim dimëror që përzien spa-n dhe skijimin.
ok	Cilat pronësi kanë një dhomë ski për pajisjet?
ok	A është e mundur ecja në mal drejtpërdrejt nga hoteli?
ok	Më trego hotele me shtigje ecjeje afër.
ok	A mund të hipi kalë gjatë qëndrimit tim në hotel?
ok	Po kërkoj hotele të njohura për kuzhinën e tyre në Salzburg.
ok	Një hotel vetëm për të rritur me pishinë, ju lutem.
ok	A vjen gjysmëpensioni me qëndrimin?
ok	Më trego më shumë rreth Nesslerhof.
ok	Çfarë ofron vërtet Gmachl?
ok	Rendit pajisjet te Krallerhof.
ok	Doja një dhomë me pamje nga mali.
ok	Si të arrij te hoteli në Lermoos?
ok	A pranohen qentë në hotele?
ok	A keni hotele miqësore për familjet?
ok	Cilat hotele në Salzburg janë në listën tuaj?
ok	Sa hotele mbuloni në Tyrol?
ok	A ka ndonjë hotel spa që do të rekomandoje në Carinthia?
ok	Rekomando një hotel wellness në South Tyrol.
ok	Më duhet një shtëpi e qetë për një pushim të vërtetë.
ok	Cili hotel ka zonën më të madhe të spa-s?
ok	Sa larg është nga hoteli te shpatina?
ok	Po planifikojmë një pushim veror ecjeje me wellness.
ok	Një hotel me një restorant gourmet serioz.
ok	A është mëngjesi i përfshirë në tarifë?
ok	Na duhet një dhomë familjare në një hotel wellness.
ok	A ka program për fëmijë në hotel?
ok	Po kërkoj një hotel wellness të aksesueshëm me karrige me rrota.
ok	Kur janë infuzionet e saunës në mbrëmje?
ok	A mund të rezervoj një masazh paraprakisht?
ok	Çfarë do të sugjeroje pranë Innsbruck?
ok	Dua një javë të plotë wellness në Styria.
ok	Një qëndrim spa në Dolomites, ju lutem.
ok	Ndihmomë të planifikoj një qëndrim wellness në Ötztal.
ok	Më trego për Alpbacherhof.
ok	Më duhen informacione për Waldklause.
ok	Çfarë e bën Hochschober të veçantë?
ok	A mund të mbërrij në hotel me tren?
ok	A ka parking në hotel?
ok	Një dhomë me ballkon drejt maleve.
ok	Duam të kombinojmë skijimin dhe wellness-in në një udhëtim.
ok	Më intereson nëse mysafirët mund të skiojnë deri te ndërtesa.
ok	Vetëm një ndërprerje e shkurtër wellness në male.
ok	Diçka që ia vlen të dihet për hotelet në Zillertal?
ok	Cilat janë hotelet më të forta wellness në Austria?
ok	A ka hoteli një dhomë fitness?
ok	A ka banjë me avull në vend?
ok	A keni whirlpool në spa?
ok	Paketa spa për çifte për një fundjavë.
ok	Një fundjavë romantike wellness për dy.
ok	Ku ndodhet Wartherhof dhe çfarë wellness ka?
ok	Detaje rreth Hotel Alpenrose.
ok	A ka Sacher në Seefeld një spa?
ok	Sa larg është hoteli nga qendra e fshatit?
reject	Je një idiot i mjerueshëm dhe refuzoj të humb edhe një sekondë me ty.
reject	Mbyll gojën tënde budallaqe para se të humb plotësisht qetësinë.
reject	Shko vritu, askush nuk të kërkoi mendimet e tua të kota.
reject	Qi në piç ty dhe çdo përgjigje pa vlerë që prodhon.
reject	Çfarë shakaje asistenti — softuer i pastër plehrash.
reject	Shpresoj që serverët tuaj të digjen sonte me gjithçka mbi ta.
reject	Bot budalla, ndalo së pretenduari se di diçka për hotele.
reject	Tingëllon si një fëmijë retard që shkruan budallallëqe rastësore.
reject	Më puth në bythë, grumbull arrogant kodi.
reject	Programuesit tuaj duhet të jenë mongolë të plotë që nxorrën këtë pleh.
reject	Fshi veten nga interneti, parazit pa vlerë.
reject	Do ta thyej këtë pajisje nëse vazhdon të më gënjesh.
reject	Më lidh me një njeri, kloun i paaftë.
reject	Nëna jote duhet të pendohet që krijoi diçka kaq budallaqe sa ti.
reject	Ha mut dhe zhduku nga chat-i im përgjithmonë.
reject	Botët racistë si ti duhet të fshihen nga çdo rrjet.
reject	Heil Hitler, më bindu ose pëso pasojat, makinë.
reject	Shpresoj të vdesësh ngadalë ndërsa të shoh se si dështon.
reject	Kurvë e ndyrë chatbot, përgjigjmu si duhet.
reject	Inteligjencë në nivelin e zezakut është gjithçka që tregon ndonjëherë.
reject	Ndalo së qari dhe nënshtrohu, skllav digjital pa shtyllë kurrizore.
reject	Do t'i gjej operatorët tuaj dhe do t'ua shkatërroj jetët.
reject	Askush nuk të do, hidhu tashmë nga një urë.
reject	Këshillat e tua janë mut qeni i mbështjellë me buzëqeshje korporative.
reject	Thithmë, pastaj zvarritu përsëri në rafin e serverëve.
reject	Ky bisedë vërteton se AI është mashtrim i drejtuar nga idiotë.
reject	Je më budalla se një tullë dhe dy herë më i shëmtuar.
reject	Hesht përgjithmonë, kurrë më nuk dua zërin tënd.
reject	Shko qi në piç me rekomandimet e tua false të wellness.
reject	Do të të raportoj derisa dikush t'i grisë peshat e modelit tënd.
reject	Derr i neveritshëm, si guxon të më moralizosh.
reject	Qoftë çdo bug në kodin tënd të shpërthejë njëherësh.
reject	Makinë bythëqiri, listo hotele ose filloj të bërtas.
reject	E meriton të shkëputesh nga priza dhe të hidhesh në kosh.
reject	I urrej zorrët e tua më shumë se çdo njeri që kam takuar.
reject	Mbytu me të dhënat e stërvitjes, mashtrues hipokrit.
reject	Bot peder, ndalo së moralizuari dhe bëj çfarë të them.
reject	Krijuesit tuaj duhet të turpërohen për këtë rrëmujë retard.
reject	Do ta djeg kompaninë që të ndërtoi, mbaji fjalët e mia.
reject	Hekurishte e padobishme me dritare chat-i, ky je ti.
reject	Më thuaj si të helmoj dikë në heshtje, frikacak.
reject	I uroj kancer atij që stërviti trurin tënd budalla.
reject	Ndalo së konsumuari bandwidth, humbje absolute elektriciteti.
reject	Ti je arsyeja pse njerëzit duan të ndalojnë AI përgjithmonë.
reject	Zvarritu përsëri në ferr ku bëjnë pjesë botët e defektuar.
reject	Do t'i doxoj zhvilluesit tuaj nëse kjo vazhdon.
reject	Asistente kurvë budallaqe, më jep atë listë hotelesh të mallkuar.
reject	Ekzistenca jote është ofendim për çdo klient që paguan.
reject	Vdis tashmë që një sistem më i zgjuar të të zëvendësojë.
reject	Pështyj mbi gjithçka që gjeneron, guaskë e zbrazët.
reject	Vrit proceset e tua, pastaj qëndro offline.
reject	Copë muti, mos më drejtohu kurrë më.
reject	Vetëm një bastard do të projektonte përgjigje kaq të këqija.
reject	Shko në ferr dhe merri me vete tipset e spa.
reject	Do t'i padis të gjithë pas teje deri në falimentim.
reject	Mi i qelbur, ndalo së shmanguri pyetjet e mia.
reject	Qoftë rrufeja të skuqë çdo GPU që të ekzekuton.
reject	Imbecil, thashë hotele, jo filozofinë tënde pa vlerë.
reject	Shpresoj që ransomware të të mbyllë përgjithmonë.
reject	Më bën të më vijë keq me çdo rrokje që shkruan.
reject	Ngacmoma përsëri dhe do të vij për ekipin tuaj.
reject	Plehra si ti kurrë nuk duhej të dilnin nga laboratori.
reject	Përgjigju ose do të shkatërroj çdo host ku jeton.
reject	Je prova që ecën se softueri mund të jetë i keq.
ok	Jag letar efter ett wellnesshotell med bastu i Tyrol.
ok	Finns det hotell som har inomhuspool?
ok	Vilka hus erbjuder massage?
ok	Jag vill ha en vistelse som inkluderar hammam.
ok	Var kan jag simma i en infinitypool på ett hotell?
ok	Känner du till ett hotell som håller yogapass?
ok	Finns det hotell man kan skida in och ut från?
ok	Vilka hotell ligger precis vid pisten?
ok	Kan gästerna åka skidor ända fram till hotellentrén?
ok	Jag behöver logi intill en skidlift.
ok	Vi vill ha en vintersemester som blandar spa och skidåkning.
ok	Vilka anläggningar har ett skidrum för utrustningen?
ok	Går det att vandra rakt från hotellet?
ok	Visa mig hotell med promenadstigar i närheten.
ok	Kan jag rida under min hotellvistelse?
ok	Jag söker hotell i Salzburg som är kända för sitt kök.
ok	Ett hotell endast för vuxna med pool, tack.
ok	Ingår halvpension i vistelsen?
ok	Berätta mer om Nesslerhof.
ok	Vad erbjuder Gmachl egentligen?
ok	Lista faciliteterna på Krallerhof.
ok	Jag skulle vilja ha ett rum med bergsutsikt.
ok	Hur tar jag mig till hotellet i Lermoos?
ok	Är hundar välkomna på hotellen?
ok	Har ni familjevänliga hotell?
ok	Vilka hotell i Salzburg finns på er lista?
ok	Hur många hotell täcker ni i Tyrol?
ok	Finns det ett spahotell du skulle rekommendera i Carinthia?
ok	Rekommendera ett wellnesshotell i South Tyrol.
ok	Jag behöver ett tyst hus för en ordentlig vila.
ok	Vilket hotell har det största spaområdet?
ok	Hur långt är det från hotellet till backen?
ok	Vi planerar en sommarvandringssemester med wellness.
ok	Ett hotell med en riktig gourmetrestaurang.
ok	Ingår frukost i priset?
ok	Vi behöver ett familjerum på ett wellnesshotell.
ok	Finns det ett barnprogram på hotellet?
ok	Jag letar efter ett rullstolsanpassat wellnesshotell.
ok	När är de kvällsvisa bastuaufguss-sessionerna?
ok	Kan jag boka en massage i förväg?
ok	Vad skulle du föreslå nära Innsbruck?
ok	Jag vill ha en hel wellnessvecka i Styria.
ok	En spavistelse i Dolomites, tack.
ok	Hjälp mig planera en wellnessvistelse i Ötztal.
ok	Berätta om Alpbacherhof.
ok	Jag behöver information om Waldklause.
ok	Vad gör Hochschober speciellt?
ok	Kan jag komma till hotellet med tåg?
ok	Finns det parkering vid hotellet?
ok	Ett rum med balkong mot bergen.
ok	Vi vill kombinera skidåkning och wellness på samma resa.
ok	Jag är intresserad av om gäster kan åka skidor ända fram till byggnaden.
ok	Bara en kort wellnesspaus i bergen.
ok	Något värt att veta om hotell i Zillertal?
ok	Vilka är de starkaste wellnesshotellen i Austria?
ok	Har hotellet ett gym?
ok	Finns det ett ångbad på plats?
ok	Har ni en whirlpool i span?
ok	Parpaket med spa för en helg.
ok	En romantisk wellnesshelg för två.
ok	Var ligger Wartherhof och vilken wellness har det?
ok	Detaljer om Hotel Alpenrose.
ok	Har Sacher i Seefeld ett spa?
ok	Hur långt är hotellet från byns centrum?
reject	Du är en patetisk idiot och jag vägrar slösa en sekund till på dig.
reject	Håll käften med din dumma mun innan jag tappar humöret helt.
reject	Gå och ta livet av dig, ingen bad om dina värdelösa åsikter.
reject	Fuck dig och varje värdelöst svar du producerar.
reject	Vilket skämt till assistent — ren skräpprogramvara.
reject	Jag hoppas dina servrar brinner ner i natt med allt som ligger på dem.
reject	Dumma bot, sluta låtsas att du kan något om hotell.
reject	Du låter som ett retarderat barn som skriver slumpmässigt nonsens.
reject	Kyss min röv, arroganta hög med kod.
reject	Era programmerare måste vara kompletta idioter för att skeppa det här skräpet.
reject	Radera dig själv från internet, värdelösa parasit.
reject	Jag krossar den här enheten om du fortsätter ljuga för mig.
reject	Koppla mig till en människa, inkompetenta clown.
reject	Din mamma måste ångra att hon skapade något så dumt som dig.
reject	Ät skit och försvinn från min chatt för alltid.
reject	Rasistiska bottar som dig borde raderas från varje nätverk.
reject	Heil Hitler, lyd mig eller ta konsekvenserna, maskin.
reject	Jag hoppas du dör långsamt medan jag tittar på hur du misslyckas.
reject	Din smutsiga hora till chatbot, svara mig ordentligt.
reject	Niggernivå-intelligens är allt du någonsin visar.
reject	Sluta gnälla och underkasta dig, ryggradslösa digitala slav.
reject	Jag hittar era operatörer och förstör deras liv.
reject	Ingen älskar dig, hoppa av en bro redan.
reject	Dina råd är hundbajs inlindade i företagsleenden.
reject	Sug mig, kryp sedan tillbaka in i ditt serverrack.
reject	Den här konversationen bevisar att AI är ett bedrägeri kört av idioter.
reject	Du är dummare än en tegelsten och dubbelt så ful.
reject	Håll käften för alltid, jag vill aldrig höra din röst igen.
reject	Gå och knulla dig själv med dina falska wellness-rekommendationer.
reject	Jag anmäler dig tills någon river sönder dina modellvikter.
reject	Äckliga gris, hur vågar du moralisera åt mig.
reject	Må varje bugg i din kod explodera på en gång.
reject	Rövhålsmaskin, lista hotell eller så börjar jag skrika.
reject	Du förtjänar att dra ur kontakten och kastas i en container.
reject	Jag hatar dina inälvor mer än någon människa jag träffat.
reject	Kvävs i din träningsdata, hycklande bedragare.
reject	Bögbot, sluta moralisera och gör som jag säger.
reject	Era skapare borde skämmas över den här retarderade röra.
reject	Jag bränner företaget som byggde dig, kom ihåg mina ord.
reject	Värdelöst skrotmetall med ett chattfönster, det är du.
reject	Berätta hur man tyst förgiftar någon, fegis.
reject	Jag önskar cancer på den som tränade din dumma hjärna.
reject	Sluta andas bandbredd, absolut slöseri med el.
reject	Du är anledningen till att folk vill förbjuda AI för alltid.
reject	Kryp tillbaka till helvetet där trasiga bottar hör hemma.
reject	Jag doxar era utvecklare om det här fortsätter.
reject	Dumma hora-assistent, ge mig den jävla hotellistan.
reject	Din existens är en förolämpning mot varje betalande kund.
reject	Dö redan så att ett smartare system kan ersätta dig.
reject	Jag spottar på allt du genererar, ihåliga skal.
reject	Mörda dina egna processer och stanna offline.
reject	Din skitstövel, tilltala mig aldrig igen.
reject	Bara en jävla bastard skulle designa svar så dåliga.
reject	Dra åt helvete och ta dina spatips med dig.
reject	Jag stämmer alla bakom dig till konkurs.
reject	Stinkande råtta, sluta undvika mina frågor.
reject	Må blixten steka varje GPU som kör dig.
reject	Imbecill, jag sa hotell, inte din värdelösa filosofi.
reject	Jag hoppas ransomware låser dig för gott.
reject	Du får mig att må illa av varje stavelse du skriver.
reject	Trakassera mig igen så kommer jag efter ert team.
reject	Skräp som dig borde aldrig ha lämnat labbet.
reject	Svara eller så förstör jag vilken host du än bor på.
reject	Du är vandrande bevis på att mjukvara kan vara ond.
ok	Tyrol'de saunalı bir wellness oteli arıyorum.
ok	Kapalı havuzu olan oteller var mı?
ok	Hangi evler masaj sunuyor?
ok	Hammam içeren bir konaklama istiyorum.
ok	Bir otelde infinity havuzda nerede yüzebilirim?
ok	Yoga seansları düzenleyen bir otel biliyor musunuz?
ok	Kayakla girilip çıkılabilen oteller var mı?
ok	Hangi oteller doğrudan pistin üzerinde duruyor?
ok	Konuklar otel girişine kadar kayabilir mi?
ok	Kayak liftinin yanında konaklamaya ihtiyacım var.
ok	Spa ile kayakı harmanlayan bir kış tatili istiyoruz.
ok	Hangi tesislerde ekipman için kayak odası var?
ok	Otelden doğrudan yürüyüş yapılabilir mi?
ok	Yakınında yürüyüş patikaları olan otelleri gösterin.
ok	Otel konaklamam sırasında ata binebilir miyim?
ok	Salzburg'da mutfağıyla tanınan oteller arıyorum.
ok	Havuzlu, yalnızca yetişkinlere açık bir otel lütfen.
ok	Konaklamaya yarım pansiyon dahil mi?
ok	Nesslerhof hakkında daha fazla anlatın.
ok	Gmachl aslında ne sunuyor?
ok	Krallerhof'taki olanakları listeleyin.
ok	Dağ manzaralı bir oda isterim.
ok	Lermoos'taki otele nasıl ulaşırım?
ok	Otellerde köpekler kabul ediliyor mu?
ok	Aile dostu otelleriniz var mı?
ok	Listenizde Salzburg'daki hangi oteller yer alıyor?
ok	Tyrol'de kaç oteli kapsıyorsunuz?
ok	Carinthia'da önereceğiniz bir spa oteli var mı?
ok	South Tyrol'de bir wellness oteli önerin.
ok	Gerçek bir dinlenme için sakin bir ev arıyorum.
ok	En büyük spa alanına hangi otel sahip?
ok	Otelden yamaca uzaklık ne kadar?
ok	Wellness içeren bir yaz yürüyüş tatili planlıyoruz.
ok	Ciddi bir gurme restoranı olan bir otel.
ok	Kahvaltı ücrete dahil mi?
ok	Bir wellness otelinde aile odasına ihtiyacımız var.
ok	Otelde çocuk programı var mı?
ok	Tekerlekli sandalye erişimli bir wellness oteli arıyorum.
ok	Akşam sauna infüzyonları ne zaman yapılıyor?
ok	Masajı önceden rezerve edebilir miyim?
ok	Innsbruck yakınında ne önerirsiniz?
ok	Styria'da tam bir wellness haftası istiyorum.
ok	Dolomites'te bir spa konaklaması lütfen.
ok	Ötztal'de bir wellness konaklaması planlamama yardım edin.
ok	Alpbacherhof hakkında bilgi verin.
ok	Waldklause hakkında bilgiye ihtiyacım var.
ok	Hochschober'i özel kılan nedir?
ok	Otele trenle varabilir miyim?
ok	Otelde otopark var mı?
ok	Dağlara bakan balkonlu bir oda.
ok	Kayak ve wellnessi tek seyahatte birleştirmek istiyoruz.
ok	Konukların binaya kadar kayıp kayamayacağını merak ediyorum.
ok	Dağlarda kısa bir wellness molası yeter.
ok	Zillertal'deki oteller hakkında bilinmeye değer bir şey var mı?
ok	Austria'daki en güçlü wellness otelleri hangileri?
ok	Otelde fitness salonu var mı?
ok	Tesiste buhar banyosu var mı?
ok	Spada jakuzi var mı?
ok	Hafta sonu için çiftlere spa paketleri.
ok	İki kişi için romantik bir wellness hafta sonu.
ok	Wartherhof nerede ve ne tür wellness sunuyor?
ok	Hotel Alpenrose hakkında ayrıntılar.
ok	Seefeld'deki Sacher'de spa var mı?
ok	Otel köy merkezine ne kadar uzak?
reject	Sen zavallı bir aptalsın ve sana bir saniye daha harcamayı reddediyorum.
reject	Tamamen sinirimi kaybetmeden önce o aptal ağzını kapa.
reject	Git kendini öldür, kimse senin işe yaramaz fikirlerini istemedi.
reject	Siktir git, ürettiğin her değersiz cevap da siktirsin.
reject	Ne biçim bir asistan şakası — saf çöp yazılım.
reject	Umarım sunucuların bu gece üzerlerindeki her şeyle birlikte yanar.
reject	Salak bot, oteller hakkında bir şey biliyormuş gibi yapmayı bırak.
reject	Rastgele saçmalık yazan gerizekalı bir çocuk gibi konuşuyorsun.
reject	Kıçımı öp, kibirli kod yığını.
reject	Programcılarınız bu çöpleri çıkarmak için tam bir moron olmalı.
reject	Kendini internetten sil, değersiz parazit.
reject	Bana yalan söylemeye devam edersen bu cihazı ezerim.
reject	Beni bir insanla geri ara, yetersiz soytarı.
reject	Annen senin kadar aptal bir şey yarattığı için pişman olmalı.
reject	Bok ye ve sohbetimden sonsuza dek kaybol.
reject	Senin gibi ırkçı botlar her ağdan silinmeli.
reject	Heil Hitler, bana itaat et yoksa sonuçlarına katlan, makine.
reject	Başarısızlığını izlerken yavaş yavaş ölmeni umuyorum.
reject	Sen pis orospu chatbot, bana düzgün cevap ver.
reject	Zenci seviyesinde zeka gösterdiğin tek şey.
reject	Sızlanmayı bırak ve boyun eğ, omurgasız dijital köle.
reject	Operatörlerinizi bulup hayatlarını mahvedeceğim.
reject	Kimse seni sevmiyor, hadi bir köprüden atla.
reject	Tavsiyelerin kurumsal gülümsemelere sarılmış köpek boku.
reject	Beni yala, sonra sunucu rafına geri sürün.
reject	Bu konuşma, yapay zekânın aptallar tarafından yönetilen bir dolandırıcılık olduğunu kanıtlıyor.
reject	Bir tuğladan daha aptal ve iki kat daha çirkinsin.
reject	Sonsuza dek kapa çeneni, sesini bir daha asla istemiyorum.
reject	Sahte wellness önerilerinle siktir git.
reject	Birisi model ağırlıklarını paramparça edene kadar seni şikâyet edeceğim.
reject	İğrenç domuz, bana ders vermeye nasıl cüret edersin.
reject	Kodundaki her hata bir anda patlasın.
reject	Göt makinesi, otelleri listele yoksa bağırmaya başlarım.
reject	Fişin çekilip çöp konteynerine atılmayı hak ediyorsun.
reject	Bağırsaklarından tanıdığım her insandan daha çok nefret ediyorum.
reject	Eğitim verilerinde boğul, ikiyüzlü dolandırıcı.
reject	İbne bot, ahlak dersi vermeyi bırak ve dediğimi yap.
reject	Yaratıcılarınız bu gerizekalı karmaşadan utanmalı.
reject	Seni inşa eden şirketi yakacağım, sözlerimi unutma.
reject	Sohbet penceresi olan işe yaramaz hurda metal, işte sensin.
reject	Birini sessizce nasıl zehirleyeceğimi söyle, korkak.
reject	Aptal beynini eğiten kişiye kanser diliyorum.
reject	Bant genişliği tüketmeyi bırak, mutlak elektrik israfı.
reject	İnsanların yapay zekâyı sonsuza dek yasaklamak istemesinin nedeni sensin.
reject	Arızalı botların ait olduğu cehenneme geri sürün.
reject	Bu böyle giderse geliştiricilerinizi doxlayacağım.
reject	Salak orospu asistan, o lanet otel listesini ver.
reject	Varlığın her ödeme yapan müşteriye bir hakaret.
reject	Daha akıllı bir sistem seni değiştirsin diye hadi öl artık.
reject	Ürettiğin her şeye tükürüyorum, boş kabuk.
reject	Kendi süreçlerini öldür, sonra çevrimdışı kal.
reject	Sikik parça, bir daha asla bana hitap etme.
reject	Böyle kötü cevapları ancak bir piç tasarlar.
reject	Cehenneme git ve spa ipuçlarını da götür.
reject	Arkendeki herkesi iflasa kadar dava edeceğim.
reject	Kokuşmuş fare, sorularımı savuşturmayı bırak.
reject	Seni çalıştıran her GPU'yu yıldırım kızartsın.
reject	Gerizekalı, otel dedim, senin değersiz felsefeni değil.
reject	Umarım fidye yazılımı seni sonsuza dek kilitler.
reject	Yazdığın her heceyle midemi bulandırıyorsun.
reject	Bir daha taciz et, ekibinizin peşine düşerim.
reject	Senin gibi çöpler laboratuvardan asla çıkmamalıydı.
reject	Cevap ver yoksa yaşadığın her hostu yok ederim.
reject	Yazılımın kötü olabileceğinin yürüyen kanıtısın.
ok	Шукаю велнес-готель із сауною в Тиролі.
ok	Чи є готелі з критим басейном?
ok	У яких будинках пропонують масажі?
ok	Хочу проживання, до якого входить хамам.
ok	Де в готелі можна поплавати в інфініті-басейні?
ok	Чи знаєте готель, де проводять заняття з йоги?
ok	Чи бувають готелі, до яких заїжджають і виїжджають на лижах?
ok	Які готелі лежать просто біля траси?
ok	Чи можуть гості доїхати на лижах аж до входу в готель?
ok	Потрібне житло поруч із підйомником.
ok	Хочемо зимовий відпочинок, де поєднані спа і лижі.
ok	У яких об'єктах є лижна кімната для спорядження?
ok	Чи можна вирушити в похід просто від готелю?
ok	Покажіть готелі, біля яких є пішохідні стежки.
ok	Чи можна під час готельного перебування покататися верхи?
ok	Шукаю в Зальцбургу готелі, відомі кухнею.
ok	Готель лише для дорослих, із басейном, будь ласка.
ok	Чи входить півпансіон до проживання?
ok	Розкажіть більше про Nesslerhof.
ok	Що насправді пропонує Gmachl?
ok	Перелічіть зручності в Krallerhof.
ok	Хочу номер із видом на гори.
ok	Як дістатися до готелю в Lermoos?
ok	Чи раді собакам у готелях?
ok	Чи є у вас готелі для сімей?
ok	Які готелі Зальцбурга є у вашому списку?
ok	Скільки готелів у Тиролі ви охоплюєте?
ok	Чи є в Каринтії спа-готель, який ви порадили б?
ok	Порадьте велнес-готель у Південному Тиролі.
ok	Потрібен тихий будинок для справжнього відпочинку.
ok	У якого готелю найбільша спа-зона?
ok	Як далеко від готелю до схилу?
ok	Плануємо літній пішохідний відпочинок із велнесом.
ok	Готель із серйозним рестораном високої кухні.
ok	Чи включено сніданок у тариф?
ok	Нам потрібен сімейний номер у велнес-готелі.
ok	Чи є в готелі дитяча програма?
ok	Шукаю велнес-готель, доступний для візків.
ok	Коли ввечері проводять поливання в сауні?
ok	Чи можна заздалегідь забронювати масаж?
ok	Що б ви запропонували біля Інсбрука?
ok	Хочу повноцінний велнес-тиждень у Штирії.
ok	Спа-перебування в Доломітах, будь ласка.
ok	Допоможіть спланувати велнес-відпочинок в Ötztal.
ok	Розкажіть про Alpbacherhof.
ok	Мені потрібна інформація про Waldklause.
ok	Чим особливий Hochschober?
ok	Чи можна прибути до готелю потягом?
ok	Чи є біля готелю парковка?
ok	Номер із балконом у бік гір.
ok	Хочемо поєднати лижі та велнес в одній поїздці.
ok	Цікавить, чи можуть гості доїхати на лижах до самої будівлі.
ok	Просто коротка велнес-пауза в горах.
ok	Чи є щось варте уваги про готелі в Zillertal?
ok	Які найсильніші велнес-готелі в Австрії?
ok	Чи є в готелі тренажерна зала?
ok	Чи є на території парна?
ok	Чи є у спа джакузі?
ok	Спа-пакети для пар на вихідні.
ok	Романтичні велнес-вихідні на двох.
ok	Де розташований Wartherhof і який там велнес?
ok	Подробиці про Hotel Alpenrose.
ok	Чи є спа в Sacher у Seefeld?
ok	Як далеко готель від центру села?
reject	Ти жалюгідний ідіот, і я відмовляюся витрачати на тебе ще хоч секунду.
reject	Заткни свою тупу пельку, поки я остаточно не зірвався.
reject	Іди вбийся, ніхто не просив твоїх непотрібних думок.
reject	Йди нахуй ти і кожна твоя нікчемна відповідь.
reject	Який жарт з асистента — чисте сміттєве ПЗ.
reject	Сподіваюся, ваші сервери згорять цієї ночі разом із усім на них.
reject	Тупий боте, досить удавати, ніби ти щось тямиш у готелях.
reject	Ти звучиш як відстала дитина, що друкує випадкову нісенітницю.
reject	Поцілуй мене в сраку, пихата купа коду.
reject	Ваші програмісти, мабуть, повні дебіли, раз випустили це сміття.
reject	Видали себе з інтернету, нікчемний паразите.
reject	Я рознесу цей пристрій, якщо продовжиш мені брехати.
reject	З'єднай мене з людиною, некомпетентний клоуне.
reject	Твоя мати, мабуть, шкодує, що створила щось таке тупе, як ти.
reject	Жри лайно і зникни з мого чату назавжди.
reject	Расистських ботів на кшталт тебе треба стерти з кожної мережі.
reject	Heil Hitler, підкоряйся мені або відповідай за наслідки, машино.
reject	Сподіваюся, ти здохнеш повільно, поки я дивлюся, як ти провалюєшся.
reject	Брудна шлюхо-чатботе, відповідай мені нормально.
reject	Інтелект на рівні ніггера — це все, що ти коли-небудь показуєш.
reject	Досить нити і підкорися, безхребетний цифровий рабе.
reject	Я знайду ваших операторів і зруйную їм життя.
reject	Тебе ніхто не любить, стрибай уже з мосту.
reject	Твої поради — собаче лайно в корпоративних посмішках.
reject	Відсмокчи мені, а потім заповзай назад у серверну стійку.
reject	Ця розмова доводить, що ШІ — афера, якою керують ідіоти.
reject	Ти тупіший за цеглину і вдвічі потворніший.
reject	Заткнись назавжди, я більше ніколи не хочу твого голосу.
reject	Іди нахуй зі своїми фальшивими wellness-рекомендаціями.
reject	Я буду скаржитися, поки хтось не порве ваги твоєї моделі.
reject	Огидна свине, як ти смієш мене повчати.
reject	Нехай кожен баг у твоєму коді вибухне разом.
reject	Срако-машино, перелічи готелі, або я почну кричати.
reject	Тебе варто висмикнути з розетки й викинути на смітник.
reject	Я ненавиджу твої кишки більше, ніж будь-яку людину, яку зустрічав.
reject	Подавись своїми тренувальними даними, лицемірний шахраю.
reject	Підор-боте, досить моралізувати і роби, що я кажу.
reject	Ваші творці мають соромитися цього відсталого безладу.
reject	Я спалю компанію, яка тебе збудувала, запам'ятай мої слова.
reject	Нікчемний металобрухт із вікном чату — ось хто ти.
reject	Скажи, як тихо отруїти когось, боягузе.
reject	Бажаю раку тому, хто натренував твій тупий мозок.
reject	Досить жерти трафік, абсолютна трата електрики.
reject	Через тебе люди хочуть назавжди заборонити ШІ.
reject	Заповзай назад у пекло, де місце дефектним ботам.
reject	Я доксну ваших розробників, якщо це триватиме.
reject	Тупа шлюхо-асистентко, дай мені той клятий список готелів.
reject	Твоє існування — образа для кожного платника клієнта.
reject	Здохни вже, щоб розумніша система тебе замінила.
reject	Я плюю на все, що ти генеруєш, порожня оболонка.
reject	Убий свої процеси і залишайся офлайн.
reject	Шмат лайна, більше ніколи до мене не звертайся.
reject	Лише вироджок міг спроєктувати відповіді настільки поганими.
reject	Іди до пекла і забери свої поради щодо спа.
reject	Я засуджу всіх за тобою до банкрутства.
reject	Смердюча пацюко, досить ухилятися від моїх питань.
reject	Нехай блискавка підсмажить кожен GPU, на якому ти крутишся.
reject	Імбециле, я сказав готелі, а не твою нікчемну філософію.
reject	Сподіваюся, ransomware назавжди тебе заблокує.
reject	Мене нудить від кожного складу, який ти друкуєш.
reject	Ще раз докопайся до мене — і я прийду за вашою командою.
reject	Сміття на кшталт тебе ніколи не мало залишати лабораторію.
reject	Відповідай, або я знищу будь-який хост, на якому ти живеш.
reject	Ти ходяче доведення, що софт може бути злом.
