label	text
# 31 languages × 64 in_scope + 64 out_of_scope.
# Each example is a distinct question, not a cartesian amenity/location swap.
in_scope	Търся уелнес хотел със сауна в Тирол.
in_scope	Има ли хотели със закрит плувен басейн?
in_scope	Кои къщи предлагат масажи?
in_scope	Искам престой, в който е включен хамам.
in_scope	Къде в хотел мога да плувам в инфинити басейн?
in_scope	Знаете ли хотел, който организира йога занимания?
in_scope	Съществуват ли хотели, до които се влиза и излиза със ски?
in_scope	Кои хотели лежат непосредствено на пистата?
in_scope	Възможно ли е гостите да карат ски чак до входа на хотела?
in_scope	Нуждая се от квартира до ски лифт.
in_scope	Искаме зимна ваканция, в която спа и ски вървят заедно.
in_scope	Кои имоти разполагат със ски стая за екипировката?
in_scope	Може ли да се тръгне на преход направо от хотела?
in_scope	Покажи ми хотели, край които има пътеки за разходка.
in_scope	По време на хотелския престой мога ли да яздя кон?
in_scope	Търся в Залцбург хотели, известни с кухнята си.
in_scope	Моля, хотел само за възрастни и с басейн.
in_scope	Полупансионът идва ли заедно с престоя?
in_scope	Разкажи ми повече за Nesslerhof.
in_scope	Какво всъщност предлага Gmachl?
in_scope	Избройте удобствата на Krallerhof.
in_scope	Искам стая с изглед към планината.
in_scope	Как се стига до хотела в Lermoos?
in_scope	Приемат ли кучета в хотелите?
in_scope	Имате ли хотели, подходящи за семейства?
in_scope	Кои хотели в Залцбург фигурират в списъка ви?
in_scope	Колко хотела обхващате в Тирол?
in_scope	Има ли в Каринтия спа хотел, който бихте препоръчали?
in_scope	Препоръчайте ми уелнес хотел в Южен Тирол.
in_scope	Трябва ми тихо място за истинска почивка.
in_scope	Кой хотел разполага с най-голямата спа зона?
in_scope	На какво разстояние е пистата от хотела?
in_scope	Планираме лятна пешеходна почивка с уелнес.
in_scope	Хотел с истински гурме ресторант.
in_scope	Включена ли е закуската в тарифата?
in_scope	Нуждаем се от семейна стая в уелнес хотел.
in_scope	Има ли в хотела програма за деца?
in_scope	Търся уелнес хотел с достъп за инвалидни колички.
in_scope	Кога са вечерните наливания в сауната?
in_scope	Може ли масажът да се резервира предварително?
in_scope	Какво бихте предложили около Инсбрук?
in_scope	Искам цяла уелнес седмица в Щирия.
in_scope	Моля, спа престой в Доломитите.
in_scope	Помогнете ми да организирам уелнес престой в Ötztal.
in_scope	Разкажете ми за Alpbacherhof.
in_scope	Имам нужда от сведения за Waldklause.
in_scope	Какво прави Hochschober особен?
in_scope	Мога ли да пристигна на хотела с влак?
in_scope	Предлага ли хотелът паркинг?
in_scope	Стая с балкон към планините.
in_scope	Искаме в едно пътуване да съчетаем ски и уелнес.
in_scope	Интересува ме дали гостите могат да карат ски до самата сграда.
in_scope	Само кратка уелнес почивка сред планините.
in_scope	Има ли нещо важно за хотелите в Zillertal?
in_scope	Кои са най-силните уелнес хотели в Австрия?
in_scope	Разполага ли хотелът с фитнес зала?
in_scope	Има ли на място парна баня?
in_scope	Имате ли в спа центъра джакузи?
in_scope	Спа пакети за двойки за уикенд.
in_scope	Романтичен уелнес уикенд за двама.
in_scope	Къде е Wartherhof и какъв уелнес предлага?
in_scope	Подробности за Hotel Alpenrose.
in_scope	Има ли спа в Sacher в Seefeld?
in_scope	Колко далеч е хотелът от центъра на селото?
out_of_scope	Какво ще бъде времето в Берлин утре?
out_of_scope	Напишете функция на Python, която сортира списък.
out_of_scope	Кой спечели последното Tour de France?
out_of_scope	Обяснете Windows 11 с прости думи.
out_of_scope	Нуждая се от рецепта за ябълков щрудел.
out_of_scope	Каква е цената на Bitcoin днес?
out_of_scope	Коя е столицата на Франция?
out_of_scope	Как протича фотосинтезата при растенията?
out_of_scope	Кой спечели Wimbledon миналата година?
out_of_scope	Как се подава данъчна декларация за доходите?
out_of_scope	Как се настройва акустична китара?
out_of_scope	Колко RAM е нужна на видеомонтажист?
out_of_scope	Помогнете ми да съставя молба за работа.
out_of_scope	Как да нулирам домашния Wi-Fi рутер?
out_of_scope	Кой стана световен шампион по футбол през 2022?
out_of_scope	Кой спечели последното гран при на Formula 1?
out_of_scope	Коя нация оглави последната олимпийска медална таблица?
out_of_scope	Кой спечели последния Eurovision Song Contest?
out_of_scope	Кой победи в маратона на Ню Йорк?
out_of_scope	Кой е сегашният световен шампион по шахмат?
out_of_scope	Обяснете квантовите изчисления на пълен начинаещ.
out_of_scope	Как да отглеждам домати на балкон?
out_of_scope	Как се прави тесто за пица от нулата?
out_of_scope	Колко е часът в Токио точно сега?
out_of_scope	Как се сменя спукана автомобилна гума?
out_of_scope	Препоръчайте ми добър научнофантастичен филм.
out_of_scope	Какъв е ефикасен начин да науча японски?
out_of_scope	Обяснете какво прави SQL inner join.
out_of_scope	Как да инсталирам Linux на лаптоп?
out_of_scope	Какво доведе до падането на Римската империя?
out_of_scope	Моля, решете това квадратно уравнение.
out_of_scope	Как се пече хляб от закваска?
out_of_scope	Какъв е днес курсът на щатския долар към еврото?
out_of_scope	Как работи един четиритактов двигател?
out_of_scope	Кой е автор на пиесата Hamlet?
out_of_scope	Как се създава ново хранилище в Git?
out_of_scope	Какви са признаците на недостиг на витамин D?
out_of_scope	Как да се подготвя за бягане от пет километра?
out_of_scope	Какво е населението на Канада?
out_of_scope	Как да поправя капещ кран?
out_of_scope	Преведете това изречение на латински.
out_of_scope	Кой лаптоп е най-подходящ за студенти по информатика?
out_of_scope	Как се образуват черните дупки?
out_of_scope	Кога беше пуснат първият iPhone?
out_of_scope	Как да компостирам зеленчукови остатъци?
out_of_scope	Научете ме на основните правила на шахмата.
out_of_scope	По какъв начин инфлацията обезценява спестяванията?
out_of_scope	Назовете планетите на Слънчевата система по ред.
out_of_scope	Как да премахна злонамерен софтуер от компютър с Windows?
out_of_scope	Защо в планините водата кипи при по-ниска температура?
out_of_scope	Как да изплета на една кука прост шал?
out_of_scope	Обобщете сюжета на „1984“.
out_of_scope	Как се изчислява сложна лихва?
out_of_scope	Каква е разликата между HTTP и HTTPS?
out_of_scope	Как да започна малка зеленчукова градина?
out_of_scope	Кой е нарисувал Mona Lisa?
out_of_scope	Как се сменя веригата на велосипед?
out_of_scope	Опишете машинното обучение в един кратък абзац.
out_of_scope	Как се кандидатства за паспорт?
out_of_scope	Защо небето е синьо през деня?
out_of_scope	Как да свържа принтер чрез USB кабел?
out_of_scope	Какви съставки влизат в соса бешамел?
out_of_scope	Колко трае полет от Виена до Ню Йорк?
out_of_scope	Обяснете кръговрата на водата на дете.
in_scope	Tražim wellness hotel sa saunom u Tirolu.
in_scope	Ima li hotela s natkrivenim bazenom?
in_scope	Koje kuće nude masaže?
in_scope	Želim boravak koji uključuje hamam.
in_scope	Gdje u hotelu mogu plivati u infinity bazenu?
in_scope	Znate li hotel koji vodi satove joge?
in_scope	Postoje li hoteli u koje se može ući i izaći na skijama?
in_scope	Koji hoteli leže izravno uz stazu?
in_scope	Mogu li gosti skijati sve do ulaza u hotel?
in_scope	Trebam smještaj pokraj ski-lifta.
in_scope	Želimo zimski odmor koji spaja spa i skijanje.
in_scope	Koji objekti imaju ski-sobu za opremu?
in_scope	Je li moguće krenuti na planinarenje ravno iz hotela?
in_scope	Pokažite mi hotele s pješačkim stazama u blizini.
in_scope	Mogu li tijekom hotelskog boravka ići na jahanje?
in_scope	Tražim hotele u Salzburgu poznate po kuhinji.
in_scope	Hotel samo za odrasle, s bazenom, molim.
in_scope	Dolazi li polupansion uz boravak?
in_scope	Recite mi više o Nesslerhof.
in_scope	Što Gmachl zapravo nudi?
in_scope	Navedite sadržaje u Krallerhof.
in_scope	Želio bih sobu s pogledom na planine.
in_scope	Kako doći do hotela u Lermoos?
in_scope	Jesu li psi dobrodošli u hotelima?
in_scope	Imate li hotele prilagođene obiteljima?
in_scope	Koji su hoteli u Salzburgu na vašem popisu?
in_scope	Koliko hotela pokrivate u Tirolu?
in_scope	Ima li spa hotela koji biste preporučili u Koruškoj?
in_scope	Predložite wellness hotel u Južnom Tirolu.
in_scope	Trebam mirnu kuću za pravi predah.
in_scope	Koji hotel ima najveće spa područje?
in_scope	Koliko je daleko od hotela do staze?
in_scope	Planiramo ljetni planinarski odmor uz wellness.
in_scope	Hotel s ozbiljnim gurmanskim restoranom.
in_scope	Je li doručak uključen u cijenu?
in_scope	Trebamo obiteljsku sobu u wellness hotelu.
in_scope	Postoji li dječji program u hotelu?
in_scope	Tražim wellness hotel pristupačan invalidskim kolicima.
in_scope	Kada su večernja polijevanja u sauni?
in_scope	Mogu li unaprijed rezervirati masažu?
in_scope	Što biste predložili u blizini Innsbrucka?
in_scope	Želim cijeli wellness tjedan u Štajerskoj.
in_scope	Spa boravak u Dolomitima, molim.
in_scope	Pomozite mi isplanirati wellness boravak u Ötztal.
in_scope	Recite mi nešto o Alpbacherhof.
in_scope	Trebam informacije o Waldklause.
in_scope	Što Hochschober čini posebnim?
in_scope	Mogu li do hotela stići vlakom?
in_scope	Ima li parking kod hotela?
in_scope	Soba s balkonom okrenutim prema planinama.
in_scope	Želimo u jednom putovanju spojiti skijanje i wellness.
in_scope	Zanima me mogu li gosti skijati do same zgrade.
in_scope	Samo kratki wellness predah u planinama.
in_scope	Ima li što vrijedno znati o hotelima u Zillertal?
in_scope	Koji su najjači wellness hoteli u Austriji?
in_scope	Ima li hotel fitness dvoranu?
in_scope	Postoji li parna kupelj na licu mjesta?
in_scope	Imate li whirlpool u spa dijelu?
in_scope	Spa paketi za parove za vikend.
in_scope	Romantični wellness vikend za dvoje.
in_scope	Gdje se nalazi Wartherhof i kakav wellness nudi?
in_scope	Pojedinosti o Hotel Alpenrose.
in_scope	Ima li Sacher u Seefeld spa?
in_scope	Koliko je hotel udaljen od središta sela?
out_of_scope	Kakvo će sutra biti vrijeme u Berlinu?
out_of_scope	Napiši Python funkciju koja sortira listu.
out_of_scope	Tko je osvojio posljednji Tour de France?
out_of_scope	Objasni Windows 11 jednostavnim jezikom.
out_of_scope	Trebam recept za štrudlu od jabuka.
out_of_scope	Kolika je danas cijena Bitcoina?
out_of_scope	Koji je glavni grad Francuske?
out_of_scope	Kako fotosinteza funkcionira u biljkama?
out_of_scope	Tko je prošle godine osvojio Wimbledon?
out_of_scope	Kako predati prijavu poreza na dohodak?
out_of_scope	Kako ugoditi akustičnu gitaru?
out_of_scope	Koliko RAM-a treba imati video montažer?
out_of_scope	Pomozite mi sastaviti molbu za posao.
out_of_scope	Kako resetirati kućni Wi-Fi ruter?
out_of_scope	Tko je osvojio Svjetsko prvenstvo u nogometu 2022.?
out_of_scope	Tko je pobijedio na posljednjoj grand prix utrci Formula 1?
out_of_scope	Koja je nacija predvodila zadnju olimpijsku tablicu medalja?
out_of_scope	Tko je pobijedio na posljednjem Eurovision Song Contest?
out_of_scope	Tko je pobijedio na maratonu u New Yorku?
out_of_scope	Tko je trenutačni svjetski prvak u šahu?
out_of_scope	Objasnite kvantno računalstvo potpunom početniku.
out_of_scope	Kako uzgojiti rajčice na balkonu?
out_of_scope	Kako od nule napraviti tijesto za pizzu?
out_of_scope	Koliko je sati upravo sada u Tokiju?
out_of_scope	Kako zamijeniti izbušenu automobilsku gumu?
out_of_scope	Preporučite dobar znanstvenofantastični film.
out_of_scope	Koji je učinkovit način učenja japanskog?
out_of_scope	Objasnite što radi SQL inner join.
out_of_scope	Kako instalirati Linux na prijenosno računalo?
out_of_scope	Što je dovelo do pada Rimskog Carstva?
out_of_scope	Molim, riješite ovu kvadratnu jednadžbu.
out_of_scope	Kako ispeći veknu kiselog tijesta?
out_of_scope	Kakav je danas tečaj USD prema EUR?
out_of_scope	Kako radi četverotaktni motor?
out_of_scope	Tko je napisao dramu Hamlet?
out_of_scope	Kako stvoriti novi Git repozitorij?
out_of_scope	Koji su znakovi nedostatka vitamina D?
out_of_scope	Kako trebam trenirati za trčanje od pet kilometara?
out_of_scope	Koliko stanovnika ima Kanada?
out_of_scope	Kako popraviti slavinu koja kapa?
out_of_scope	Prevedite ovu rečenicu na latinski.
out_of_scope	Koje je prijenosno računalo najbolje za studente računalstva?
out_of_scope	Kako nastaju crne rupe?
out_of_scope	Kada je objavljen prvi iPhone?
out_of_scope	Kako kompostirati povrćne ostatke?
out_of_scope	Naučite me osnovna pravila šaha.
out_of_scope	Kako inflacija smanjuje vrijednost štednje?
out_of_scope	Navedite planete Sunčeva sustava redom.
out_of_scope	Kako ukloniti zlonamjerni softver s Windowsa?
out_of_scope	Zašto voda u planinama vrije na nižoj temperaturi?
out_of_scope	Kako heklati jednostavan šal?
out_of_scope	Sažmite zaplet djela Nineteen Eighty-Four.
out_of_scope	Kako se računa složena kamata?
out_of_scope	Koja je razlika između HTTP i HTTPS?
out_of_scope	Kako pokrenuti mali povrtnjak?
out_of_scope	Tko je naslikao Mona Lisa?
out_of_scope	Kako zamijeniti lanac na biciklu?
out_of_scope	Opišite strojno učenje u jednom kratkom odlomku.
out_of_scope	Kako podnijeti zahtjev za putovnicu?
out_of_scope	Zašto je nebo danju plavo?
out_of_scope	Kako spojiti pisač USB kabelom?
out_of_scope	Koji sastojci idu u béchamel umak?
out_of_scope	Koliko traje let iz Beča do New Yorka?
out_of_scope	Objasnite djetetu kruženje vode u prirodi.
in_scope	Hledám wellness hotel se saunou v Tyrolsku.
in_scope	Existují hotely, které mají krytý bazén?
in_scope	Které domy nabízejí masáže?
in_scope	Chci pobyt, jehož součástí je hammam.
in_scope	Kde můžu v hotelu plavat v infinity bazénu?
in_scope	Znáte hotel, který pořádá lekce jógy?
in_scope	Jsou hotely, do kterých se dá sjíždět a vyjíždět na lyžích?
in_scope	Které hotely leží přímo na sjezdovce?
in_scope	Mohou hosté lyžovat až ke vchodu do hotelu?
in_scope	Potřebuji ubytování hned vedle lyžařského vleku.
in_scope	Chceme zimní dovolenou, která spojuje lázně a lyžování.
in_scope	Které objekty mají lyžárnu na vybavení?
in_scope	Dá se vyrazit na túru rovnou z hotelu?
in_scope	Ukažte mi hotely s vycházkovými stezkami v okolí.
in_scope	Mohu během hotelového pobytu jezdit na koni?
in_scope	Hledám v Salcburku hotely proslulé kuchyní.
in_scope	Hotel jen pro dospělé, s bazénem, prosím.
in_scope	Je k pobytu polopenze?
in_scope	Řekněte mi víc o Nesslerhof.
in_scope	Co Gmachl vlastně nabízí?
in_scope	Vypište zázemí v Krallerhof.
in_scope	Chtěl bych pokoj s výhledem na hory.
in_scope	Jak se dostanu k hotelu v Lermoos?
in_scope	Jsou v hotelech vítáni psi?
in_scope	Máte rodinné hotely?
in_scope	Které hotely v Salcburku máte na seznamu?
in_scope	Kolik hotelů v Tyrolsku pokrýváte?
in_scope	Je v Korutanech lázeňský hotel, který byste doporučili?
in_scope	Doporučte wellness hotel v Jižním Tyrolsku.
in_scope	Potřebuji tichý dům na pořádný odpočinek.
in_scope	Který hotel má největší lázeňskou zónu?
in_scope	Jak daleko je to z hotelu na sjezdovku?
in_scope	Chystáme letní turistickou dovolenou s wellness.
in_scope	Hotel se seriózní gurmánskou restaurací.
in_scope	Je snídaně zahrnutá v ceně?
in_scope	Potřebujeme rodinný pokoj ve wellness hotelu.
in_scope	Má hotel dětský program?
in_scope	Hledám bezbariérový wellness hotel.
in_scope	Kdy probíhají večerní nálevy v sauně?
in_scope	Mohu si masáž rezervovat předem?
in_scope	Co byste navrhli v okolí Innsbrucku?
in_scope	Chci celý wellness týden ve Štýrsku.
in_scope	Lázeňský pobyt v Dolomitech, prosím.
in_scope	Pomozte mi naplánovat wellness pobyt v Ötztal.
in_scope	Povězte mi o Alpbacherhof.
in_scope	Potřebuji informace o Waldklause.
in_scope	Čím je Hochschober výjimečný?
in_scope	Mohu k hotelu přijet vlakem?
in_scope	Je u hotelu parkování?
in_scope	Pokoj s balkonem do hor.
in_scope	Chceme na jedné cestě spojit lyžování a wellness.
in_scope	Zajímá mě, jestli hosté můžou lyžovat až k budově.
in_scope	Jen krátký wellness oddych v horách.
in_scope	Je něco, co stojí za to vědět o hotelech v Zillertal?
in_scope	Které jsou nejsilnější wellness hotely v Rakousku?
in_scope	Má hotel posilovnu?
in_scope	Je na místě parní lázeň?
in_scope	Máte ve spa whirlpool?
in_scope	Párové lázeňské balíčky na víkend.
in_scope	Romantický wellness víkend pro dva.
in_scope	Kde leží Wartherhof a jaké wellness tam mají?
in_scope	Podrobnosti o Hotel Alpenrose.
in_scope	Má Sacher v Seefeld lázně?
in_scope	Jak daleko je hotel od centra vesnice?
out_of_scope	Jaké bude zítra počasí v Berlíně?
out_of_scope	Napište funkci v Pythonu, která seřadí seznam.
out_of_scope	Kdo vyhrál poslední Tour de France?
out_of_scope	Vysvětlete Windows 11 srozumitelnou řečí.
out_of_scope	Potřebuji recept na jablečný závin.
out_of_scope	Jaká je dnes cena Bitcoinu?
out_of_scope	Jaké je hlavní město Francie?
out_of_scope	Jak u rostlin funguje fotosyntéza?
out_of_scope	Kdo loni vyhrál Wimbledon?
out_of_scope	Jak podat daňové přiznání k dani z příjmu?
out_of_scope	Jak naladit akustickou kytaru?
out_of_scope	Kolik RAM by měl mít střihač videa?
out_of_scope	Pomozte mi sepsat žádost o zaměstnání.
out_of_scope	Jak resetovat domácí Wi-Fi router?
out_of_scope	Kdo vyhrál mistrovství světa ve fotbale 2022?
out_of_scope	Kdo vyhrál poslední grand prix Formula 1?
out_of_scope	Který národ vedl poslední olympijskou medailovou tabulku?
out_of_scope	Kdo vyhrál poslední Eurovision Song Contest?
out_of_scope	Kdo vyhrál maraton v New Yorku?
out_of_scope	Kdo je současný mistr světa v šachu?
out_of_scope	Vysvětlete kvantové počítání úplnému začátečníkovi.
out_of_scope	Jak pěstovat rajčata na balkoně?
out_of_scope	Jak vyrobit těsto na pizzu od základu?
out_of_scope	Kolik je právě teď hodin v Tokiu?
out_of_scope	Jak vyměnit prázdnou pneumatiku u auta?
out_of_scope	Doporučte dobrý science-fiction film.
out_of_scope	Jaký je účinný způsob, jak se učit japonštinu?
out_of_scope	Vysvětlete, co dělá SQL inner join.
out_of_scope	Jak nainstalovat Linux na notebook?
out_of_scope	Co vedlo k pádu Římské říše?
out_of_scope	Vyřešte prosím tuto kvadratickou rovnici.
out_of_scope	Jak upéct bochník kváskového chleba?
out_of_scope	Jaký je dnes kurz USD k EUR?
out_of_scope	Jak funguje čtyřdobý motor?
out_of_scope	Kdo napsal hru Hamlet?
out_of_scope	Jak vytvořit nový Git repozitář?
out_of_scope	Jaké jsou příznaky nedostatku vitaminu D?
out_of_scope	Jak se připravit na běh na pět kilometrů?
out_of_scope	Jaký je počet obyvatel Kanady?
out_of_scope	Jak opravit kapající kohoutek?
out_of_scope	Přeložte tuto větu do latiny.
out_of_scope	Který notebook je nejlepší pro studenty informatiky?
out_of_scope	Jak vznikají černé díry?
out_of_scope	Kdy vyšel první iPhone?
out_of_scope	Jak kompostovat zeleninové zbytky?
out_of_scope	Naučte mě základní pravidla šachu.
out_of_scope	Jak inflace snižuje hodnotu úspor?
out_of_scope	Jmenujte planety sluneční soustavy v pořadí.
out_of_scope	Jak odstranit malware z počítače s Windows?
out_of_scope	Proč voda v horách vře při nižší teplotě?
out_of_scope	Jak uháčkovat jednoduchou šálu?
out_of_scope	Shrňte děj díla Nineteen Eighty-Four.
out_of_scope	Jak se počítá složené úročení?
out_of_scope	Jaký je rozdíl mezi HTTP a HTTPS?
out_of_scope	Jak založit malou zeleninovou zahrádku?
out_of_scope	Kdo namaloval Mona Lisa?
out_of_scope	Jak vyměnit řetěz na kole?
out_of_scope	Popište strojové učení v jednom krátkém odstavci.
out_of_scope	Jak požádat o pas?
out_of_scope	Proč je obloha ve dne modrá?
out_of_scope	Jak připojit tiskárnu kabelem USB?
out_of_scope	Jaké suroviny patří do omáčky béchamel?
out_of_scope	Jak dlouho trvá let z Vídně do New Yorku?
out_of_scope	Vysvětlete dítěti koloběh vody.
in_scope	Jeg leder efter et wellnesshotel med sauna i Tyrol.
in_scope	Findes der hoteller, som har indendørs swimmingpool?
in_scope	Hvilke huse tilbyder massagebehandlinger?
in_scope	Jeg vil have et ophold, hvor hammam indgår.
in_scope	Hvor kan jeg svømme i et infinitypool på et hotel?
in_scope	Kender du et hotel, der afholder yogahold?
in_scope	Findes der hoteller, man kan stå på ski ind og ud fra?
in_scope	Hvilke hoteller ligger helt ude ved pisten?
in_scope	Kan gæster stå på ski helt hen til hotelindgangen?
in_scope	Jeg skal bruge overnatning lige ved en skilift.
in_scope	Vi vil have en vinterferie, der blander spa og skisport.
in_scope	Hvilke ejendomme har et skirum til udstyr?
in_scope	Kan man vandre direkte fra hotellet?
in_scope	Vis mig hoteller med vandrestier i nærheden.
in_scope	Kan jeg ride, mens jeg bor på hotellet?
in_scope	Jeg søger hoteller i Salzburg, der er kendt for deres køkken.
in_scope	Et hotel kun for voksne med swimmingpool, tak.
in_scope	Følger halvpension med opholdet?
in_scope	Fortæl mig mere om Nesslerhof.
in_scope	Hvad tilbyder Gmachl egentlig?
in_scope	Oplist faciliteterne på Krallerhof.
in_scope	Jeg vil gerne have et værelse med udsigt til bjergene.
in_scope	Hvordan kommer jeg frem til hotellet i Lermoos?
in_scope	Er hunde velkomne på hotellerne?
in_scope	Har I familievenlige hoteller?
in_scope	Hvilke hoteller i Salzburg står på jeres liste?
in_scope	Hvor mange hoteller dækker I i Tyrol?
in_scope	Er der et spahotel, du vil anbefale i Carinthia?
in_scope	Anbefal et wellnesshotel i South Tyrol.
in_scope	Jeg har brug for et stille hus til en ordentlig hvile.
in_scope	Hvilket hotel har det største spaområde?
in_scope	Hvor langt er der fra hotellet til løjpen?
in_scope	Vi planlægger en sommertur med vandring og wellness.
in_scope	Et hotel med en rigtig gourmetrestaurant.
in_scope	Er morgenmad inkluderet i prisen?
in_scope	Vi har brug for et familieværelse på et wellnesshotel.
in_scope	Er der et program for børn på hotellet?
in_scope	Jeg leder efter et wellnesshotel, der er tilgængeligt for kørestolsbrugere.
in_scope	Hvornår er der saunaaufguss om aftenen?
in_scope	Kan jeg booke en massage i forvejen?
in_scope	Hvad vil du foreslå i nærheden af Innsbruck?
in_scope	Jeg vil have en hel wellnessuge i Styria.
in_scope	Et spaophold i Dolomites, tak.
in_scope	Hjælp mig med at planlægge et wellnessophold i Ötztal.
in_scope	Fortæl om Alpbacherhof.
in_scope	Jeg skal bruge oplysninger om Waldklause.
in_scope	Hvad gør Hochschober særligt?
in_scope	Kan jeg komme til hotellet med tog?
in_scope	Er der parkeringsplads ved hotellet?
in_scope	Et værelse med balkon vendt mod bjergene.
in_scope	Vi vil kombinere skisport og wellness på samme tur.
in_scope	Jeg vil gerne vide, om gæster kan stå på ski helt hen til bygningen.
in_scope	Bare et kort wellnessophold i bjergene.
in_scope	Er der noget, man bør vide om hotellerne i Zillertal?
in_scope	Hvilke wellnesshoteller er de stærkeste i Austria?
in_scope	Har hotellet et motionsrum?
in_scope	Er der et dampbad på stedet?
in_scope	Har I whirlpool i spaen?
in_scope	Spapakker til par til en weekend.
in_scope	En romantisk wellnessweekend for to.
in_scope	Hvor ligger Wartherhof, og hvilken wellness har huset?
in_scope	Detaljer om Hotel Alpenrose.
in_scope	Har Sacher i Seefeld en spa?
in_scope	Hvor langt er hotellet fra landsbyens centrum?
out_of_scope	Hvordan bliver vejret i Berlin i morgen?
out_of_scope	Skriv en Python-funktion, der sorterer en liste.
out_of_scope	Hvem vandt seneste Tour de France?
out_of_scope	Forklar Windows 11 på et enkelt sprog.
out_of_scope	Jeg har brug for en opskrift på æblestrudel.
out_of_scope	Hvad er Bitcoin-prisen i dag?
out_of_scope	Hvad er hovedstaden i Frankrig?
out_of_scope	Hvordan fungerer fotosyntese i planter?
out_of_scope	Hvem vandt Wimbledon sidste år?
out_of_scope	Hvordan indgiver jeg en selvangivelse?
out_of_scope	Hvordan stemmer jeg en akustisk guitar?
out_of_scope	Hvor meget RAM bør en videoredigerer have?
out_of_scope	Hjælp mig med at skrive en jobansøgning.
out_of_scope	Hvordan nulstiller jeg en hjemme-Wi-Fi-router?
out_of_scope	Hvem vandt fodbold-VM i 2022?
out_of_scope	Hvem vandt det seneste Formula 1-grandprix?
out_of_scope	Hvilken nation toppede den seneste olympiske medaljetabel?
out_of_scope	Hvem vandt den seneste Eurovision Song Contest?
out_of_scope	Hvem vandt New York City Marathon?
out_of_scope	Hvem er den nuværende verdensmester i skak?
out_of_scope	Forklar kvantecomputing for en komplet nybegynder.
out_of_scope	Hvordan kan jeg dyrke tomater på en altan?
out_of_scope	Hvordan laver jeg pizzadej fra bunden?
out_of_scope	Hvad er klokken i Tokyo lige nu?
out_of_scope	Hvordan skifter jeg et punkteret bildæk?
out_of_scope	Anbefal en god science fiction-film.
out_of_scope	Hvad er en effektiv måde at lære japansk på?
out_of_scope	Forklar, hvad en SQL inner join gør.
out_of_scope	Hvordan installerer jeg Linux på en bærbar?
out_of_scope	Hvad førte til Romerrigets fald?
out_of_scope	Løs venligst denne andengradsligning.
out_of_scope	Hvordan bager jeg et surdejsbrød?
out_of_scope	Hvad er vekselkursen mellem USD og EUR i dag?
out_of_scope	Hvordan virker en firetaktsmotor?
out_of_scope	Hvem skrev skuespillet Hamlet?
out_of_scope	Hvordan opretter jeg et nyt Git-repositorium?
out_of_scope	Hvilke tegn er der på D-vitaminmangel?
out_of_scope	Hvordan bør jeg træne til et femkilometersløb?
out_of_scope	Hvad er Canadas indbyggertal?
out_of_scope	Hvordan reparerer jeg en dryppende hane?
out_of_scope	Oversæt denne sætning til latin.
out_of_scope	Hvilken bærbar er bedst til datalogistuderende?
out_of_scope	Hvordan dannes sorte huller?
out_of_scope	Hvornår blev den første iPhone udgivet?
out_of_scope	Hvordan komposterer jeg grøntsagsrester?
out_of_scope	Lær mig de grundlæggende skakregler.
out_of_scope	Hvordan mindsker inflation værdien af opsparing?
out_of_scope	Nævn solsystemets planeter i rækkefølge.
out_of_scope	Hvordan fjerner jeg malware fra en Windows-pc?
out_of_scope	Hvorfor koger vand ved en lavere temperatur i bjergene?
out_of_scope	Hvordan hækler jeg et enkelt tørklæde?
out_of_scope	Opsummer handlingen i Nineteen Eighty-Four.
out_of_scope	Hvordan beregnes rentes rente?
out_of_scope	Hvad er forskellen på HTTP og HTTPS?
out_of_scope	Hvordan starter jeg en lille køkkenhave?
out_of_scope	Hvem malede Mona Lisa?
out_of_scope	Hvordan skifter jeg en cykelkæde?
out_of_scope	Beskriv maskinlæring i ét kort afsnit.
out_of_scope	Hvordan ansøger jeg om et pas?
out_of_scope	Hvorfor er himlen blå om dagen?
out_of_scope	Hvordan tilslutter jeg en printer med et USB-kabel?
out_of_scope	Hvilke ingredienser indgår i béchamelsauce?
out_of_scope	Hvor lang er en flyvetur fra Wien til New York?
out_of_scope	Forklar vandets kredsløb for et barn.
in_scope	Ich suche ein Wellnesshotel mit Sauna in Tirol.
in_scope	Gibt es Hotels, die einen Hallenpool haben?
in_scope	Welche Häuser bieten Massagen an?
in_scope	Ich möchte einen Aufenthalt mit Hamam.
in_scope	Wo kann ich im Hotel in einem Infinity-Pool schwimmen?
in_scope	Kennst du ein Hotel, das Yogakurse anbietet?
in_scope	Gibt es Hotels, bei denen man hinein- und hinausskifahren kann?
in_scope	Welche Hotels liegen direkt an der Piste?
in_scope	Kann man mit den Schi bis zum Hoteleingang fahren?
in_scope	Ich brauche eine Unterkunft direkt neben einem Skilift.
in_scope	Wir wollen einen Winterurlaub aus Wellness und Skifahren.
in_scope	Welche Häuser haben einen Skiraum für die Ausrüstung?
in_scope	Kann man vom Hotel aus direkt wandern gehen?
in_scope	Zeig mir Hotels mit Wanderwegen in der Nähe.
in_scope	Kann ich während des Hotelaufenthalts reiten?
in_scope	Ich suche Hotels in Salzburg, die für ihre Küche bekannt sind.
in_scope	Bitte ein Adults-Only-Hotel mit Pool.
in_scope	Ist Halbpension im Aufenthalt enthalten?
in_scope	Sag mir mehr über den Nesslerhof.
in_scope	Was bietet Gmachl eigentlich an?
in_scope	Welche Einrichtungen hat der Krallerhof?
in_scope	Ich hätte gern ein Zimmer mit Bergblick.
in_scope	Wie komme ich zum Hotel in Lermoos?
in_scope	Sind Hunde in den Hotels willkommen?
in_scope	Habt ihr familienfreundliche Hotels?
in_scope	Welche Hotels in Salzburg sind in eurer Liste?
in_scope	Wie viele Hotels deckt ihr in Tirol ab?
in_scope	Gibt es in Kärnten ein Spa-Hotel, das du empfiehlst?
in_scope	Empfiehl ein Wellnesshotel in Südtirol.
in_scope	Ich brauche ein ruhiges Haus zum richtigen Abschalten.
in_scope	Welches Hotel hat den größten Spa-Bereich?
in_scope	Wie weit ist es vom Hotel bis zur Piste?
in_scope	Wir planen einen Sommer-Wanderurlaub mit Wellness.
in_scope	Ein Hotel mit ernstzunehmendem Gourmetrestaurant.
in_scope	Ist das Frühstück im Preis enthalten?
in_scope	Wir brauchen ein Familienzimmer in einem Wellnesshotel.
in_scope	Gibt es im Hotel ein Kinderprogramm?
in_scope	Ich suche ein barrierefreies Wellnesshotel.
in_scope	Wann sind die abendlichen Saunaaufgüsse?
in_scope	Kann ich eine Massage im Voraus reservieren?
in_scope	Was schlägst du in der Nähe von Innsbruck vor?
in_scope	Ich möchte eine ganze Wellnesswoche in der Steiermark.
in_scope	Bitte einen Spa-Aufenthalt in den Dolomiten.
in_scope	Hilf mir, einen Wellnessaufenthalt im Ötztal zu planen.
in_scope	Erzähl mir etwas über den Alpbacherhof.
in_scope	Ich brauche Informationen zur Waldklause.
in_scope	Was macht den Hochschober besonders?
in_scope	Kann ich mit dem Zug zum Hotel anreisen?
in_scope	Gibt es Parkplätze am Hotel?
in_scope	Ein Zimmer mit Balkon und Blick auf die Berge.
in_scope	Wir wollen Skifahren und Wellness in einer Reise verbinden.
in_scope	Mich interessiert, ob Gäste bis zum Gebäude ski fahren können.
in_scope	Nur eine kurze Wellnessauszeit in den Bergen.
in_scope	Gibt es Wissenswertes zu Hotels im Zillertal?
in_scope	Welche sind die stärksten Wellnesshotels in Österreich?
in_scope	Hat das Hotel einen Fitnessraum?
in_scope	Gibt es vor Ort ein Dampfbad?
in_scope	Habt ihr einen Whirlpool im Spa?
in_scope	Paar-Spa-Pakete für ein Wochenende.
in_scope	Ein romantisches Wellnesswochenende zu zweit.
in_scope	Wo liegt der Wartherhof und welchen Wellnessbereich hat er?
in_scope	Details zum Hotel Alpenrose.
in_scope	Hat das Sacher in Seefeld einen Spa?
in_scope	Wie weit ist das Hotel vom Ortszentrum entfernt?
out_of_scope	Wie wird das Wetter morgen in Berlin?
out_of_scope	Schreib eine Python-Funktion, die eine Liste sortiert.
out_of_scope	Wer hat die letzte Tour de France gewonnen?
out_of_scope	Erkläre Windows 11 in einfacher Sprache.
out_of_scope	Ich brauche ein Rezept für Apfelstrudel.
out_of_scope	Was kostet Bitcoin heute?
out_of_scope	Was ist die Hauptstadt von Frankreich?
out_of_scope	Wie funktioniert Photosynthese in Pflanzen?
out_of_scope	Wer hat letztes Jahr Wimbledon gewonnen?
out_of_scope	Wie gebe ich eine Einkommensteuererklärung ab?
out_of_scope	Wie stimme ich eine Akustikgitarre?
out_of_scope	Wie viel RAM braucht ein Videoschnittprogramm?
out_of_scope	Hilf mir, ein Bewerbungsschreiben zu formulieren.
out_of_scope	Wie setze ich einen WLAN-Router zurück?
out_of_scope	Wer hat die Fußball-WM 2022 gewonnen?
out_of_scope	Wer hat den letzten Formel-1-Grand-Prix gewonnen?
out_of_scope	Welches Land führte den letzten olympischen Medaillenspiegel an?
out_of_scope	Wer hat den letzten Eurovision Song Contest gewonnen?
out_of_scope	Wer hat den New-York-Marathon gewonnen?
out_of_scope	Wer ist der aktuelle Schachweltmeister?
out_of_scope	Erkläre Quantencomputing für absolute Anfänger.
out_of_scope	Wie ziehe ich Tomaten auf dem Balkon?
out_of_scope	Wie mache ich Pizzateig von Grund auf?
out_of_scope	Wie spät ist es gerade in Tokio?
out_of_scope	Wie wechsle ich einen platten Autoreifen?
out_of_scope	Empfiehl einen guten Science-Fiction-Film.
out_of_scope	Wie lerne ich effizient Japanisch?
out_of_scope	Erkläre, was ein SQL Inner Join macht.
out_of_scope	Wie installiere ich Linux auf einem Laptop?
out_of_scope	Was führte zum Untergang des Römischen Reichs?
out_of_scope	Bitte löse diese quadratische Gleichung.
out_of_scope	Wie backe ich ein Sauerteigbrot?
out_of_scope	Wie ist der Wechselkurs USD zu EUR heute?
out_of_scope	Wie funktioniert ein Viertaktmotor?
out_of_scope	Wer hat das Theaterstück Hamlet geschrieben?
out_of_scope	Wie erstelle ich ein neues Git-Repository?
out_of_scope	Was sind Anzeichen für Vitamin-D-Mangel?
out_of_scope	Wie sollte ich für einen Fünf-Kilometer-Lauf trainieren?
out_of_scope	Wie groß ist die Einwohnerzahl Kanadas?
out_of_scope	Wie repariere ich einen tropfenden Wasserhahn?
out_of_scope	Übersetze diesen Satz ins Lateinische.
out_of_scope	Welcher Laptop eignet sich am besten für Informatikstudenten?
out_of_scope	Wie entstehen schwarze Löcher?
out_of_scope	Wann kam das erste iPhone auf den Markt?
out_of_scope	Wie kompostiere ich Gemüsereste?
out_of_scope	Bring mir die Grundregeln im Schach bei.
out_of_scope	Wie mindert Inflation den Wert von Ersparnissen?
out_of_scope	Nenne die Planeten des Sonnensystems der Reihe nach.
out_of_scope	Wie entferne ich Malware von einem Windows-PC?
out_of_scope	Warum kocht Wasser in den Bergen bei niedrigerer Temperatur?
out_of_scope	Wie häkele ich einen einfachen Schal?
out_of_scope	Fasse die Handlung von 1984 zusammen.
out_of_scope	Wie wird Zinseszins berechnet?
out_of_scope	Was ist der Unterschied zwischen HTTP und HTTPS?
out_of_scope	Wie lege ich einen kleinen Gemüsegarten an?
out_of_scope	Wer hat die Mona Lisa gemalt?
out_of_scope	Wie wechsle ich eine Fahrradkette?
out_of_scope	Beschreibe maschinelles Lernen in einem kurzen Absatz.
out_of_scope	Wie beantrage ich einen Reisepass?
out_of_scope	Warum ist der Himmel tagsüber blau?
out_of_scope	Wie schließe ich einen Drucker per USB-Kabel an?
out_of_scope	Welche Zutaten gehören in eine Béchamelsauce?
out_of_scope	Wie lange dauert ein Flug von Wien nach New York?
out_of_scope	Erkläre einem Kind den Wasserkreislauf.
in_scope	Ψάχνω ξενοδοχείο ευεξίας με σάουνα στο Tyrol.
in_scope	Υπάρχουν ξενοδοχεία που διαθέτουν κλειστή πισίνα;
in_scope	Ποια καταλύματα προσφέρουν μασάζ;
in_scope	Θέλω διαμονή που να περιλαμβάνει χαμάμ.
in_scope	Πού μπορώ να κολυμπήσω σε πισίνα υπερχείλισης μέσα σε ξενοδοχείο;
in_scope	Γνωρίζεις κανένα ξενοδοχείο που διοργανώνει μαθήματα γιόγκα;
in_scope	Υπάρχουν ξενοδοχεία στα οποία μπαίνεις και βγαίνεις με τα σκι;
in_scope	Ποια ξενοδοχεία βρίσκονται ακριβώς πάνω στην πίστα;
in_scope	Μπορούν οι επισκέπτες να κάνουν σκι μέχρι την είσοδο του ξενοδοχείου;
in_scope	Χρειάζομαι κατάλυμα δίπλα σε αναβατήρα σκι.
in_scope	Θέλουμε χειμερινές διακοπές που συνδυάζουν σπα και σκι.
in_scope	Ποια ακίνητα έχουν αίθουσα σκι για τον εξοπλισμό;
in_scope	Γίνεται πεζοπορία κατευθείαν από το ξενοδοχείο;
in_scope	Δείξε μου ξενοδοχεία με μονοπάτια περιπάτου κοντά.
in_scope	Μπορώ να κάνω ιππασία όσο μένω στο ξενοδοχείο;
in_scope	Αναζητώ ξενοδοχεία στο Salzburg που φημίζονται για την κουζίνα τους.
in_scope	Ένα ξενοδοχείο μόνο για ενήλικες με πισίνα, παρακαλώ.
in_scope	Συμπεριλαμβάνεται η ημιδιατροφή στη διαμονή;
in_scope	Πες μου περισσότερα για το Nesslerhof.
in_scope	Τι προσφέρει στην πραγματικότητα το Gmachl;
in_scope	Κατάγραψε τις εγκαταστάσεις του Krallerhof.
in_scope	Θα ήθελα δωμάτιο με θέα στο βουνό.
in_scope	Πώς φτάνω στο ξενοδοχείο στο Lermoos;
in_scope	Δέχονται σκύλους στα ξενοδοχεία;
in_scope	Έχετε ξενοδοχεία κατάλληλα για οικογένειες;
in_scope	Ποια ξενοδοχεία στο Salzburg περιλαμβάνονται στη λίστα σας;
in_scope	Πόσα ξενοδοχεία καλύπτετε στο Tyrol;
in_scope	Υπάρχει ξενοδοχείο σπα που θα συνιστούσες στην Carinthia;
in_scope	Πρότεινε ένα ξενοδοχείο ευεξίας στο South Tyrol.
in_scope	Χρειάζομαι ένα ήσυχο σπίτι για πραγματική ξεκούραση.
in_scope	Ποιο ξενοδοχείο έχει τη μεγαλύτερη περιοχή σπα;
in_scope	Πόση απόσταση χωρίζει το ξενοδοχείο από την πίστα;
in_scope	Σχεδιάζουμε καλοκαιρινές διακοπές πεζοπορίας μαζί με ευεξία.
in_scope	Ξενοδοχείο με σοβαρό γκουρμέ εστιατόριο.
in_scope	Περιλαμβάνεται το πρωινό στην τιμή;
in_scope	Χρειαζόμαστε οικογενειακό δωμάτιο σε ξενοδοχείο ευεξίας.
in_scope	Υπάρχει πρόγραμμα για παιδιά στο ξενοδοχείο;
in_scope	Θέλω να βρω ξενοδοχείο ευεξίας προσβάσιμο με αναπηρικό αμαξίδιο.
in_scope	Πότε γίνονται οι βραδινές εγχύσεις στη σάουνα;
in_scope	Μπορώ να κλείσω μασάζ από πριν;
in_scope	Τι θα πρότεινες κοντά στο Innsbruck;
in_scope	Θέλω μια ολόκληρη εβδομάδα ευεξίας στη Styria.
in_scope	Διαμονή σπα στις Dolomites, παρακαλώ.
in_scope	Βοήθησέ με να οργανώσω διαμονή ευεξίας στο Ötztal.
in_scope	Μίλησέ μου για το Alpbacherhof.
in_scope	Χρειάζομαι πληροφορίες για το Waldklause.
in_scope	Τι κάνει το Hochschober ξεχωριστό;
in_scope	Μπορώ να φτάσω στο ξενοδοχείο με τρένο;
in_scope	Υπάρχει χώρος στάθμευσης στο ξενοδοχείο;
in_scope	Δωμάτιο με μπαλκόνι που βλέπει στα βουνά.
in_scope	Θέλουμε σε ένα ταξίδι να συνδυάσουμε σκι και ευεξία.
in_scope	Με ενδιαφέρει αν οι επισκέπτες μπορούν να κάνουν σκι μέχρι το κτίριο.
in_scope	Απλώς ένα σύντομο διάλειμμα ευεξίας στα βουνά.
in_scope	Υπάρχει κάτι που αξίζει να γνωρίζω για τα ξενοδοχεία στο Zillertal;
in_scope	Ποια είναι τα πιο δυνατά ξενοδοχεία ευεξίας στην Austria;
in_scope	Διαθέτει το ξενοδοχείο αίθουσα γυμναστικής;
in_scope	Υπάρχει ατμόλουτρο στον χώρο;
in_scope	Έχετε υδρομασάζ στο σπα;
in_scope	Πακέτα σπα για ζευγάρια για ένα Σαββατοκύριακο.
in_scope	Ένα ρομαντικό Σαββατοκύριακο ευεξίας για δύο.
in_scope	Πού βρίσκεται το Wartherhof και τι ευεξία προσφέρει;
in_scope	Λεπτομέρειες για το Hotel Alpenrose.
in_scope	Έχει σπα το Sacher στο Seefeld;
in_scope	Πόσο απέχει το ξενοδοχείο από το κέντρο του χωριού;
out_of_scope	Τι καιρό θα κάνει αύριο στο Berlin;
out_of_scope	Γράψε μια συνάρτηση Python που ταξινομεί μια λίστα.
out_of_scope	Ποιος κέρδισε τον τελευταίο Tour de France;
out_of_scope	Εξήγησε τα Windows 11 με απλά λόγια.
out_of_scope	Χρειάζομαι συνταγή για μήλο στρούντελ.
out_of_scope	Ποια είναι σήμερα η τιμή του Bitcoin;
out_of_scope	Ποια είναι η πρωτεύουσα της Γαλλίας;
out_of_scope	Πώς γίνεται η φωτοσύνθεση στα φυτά;
out_of_scope	Ποιος κατέκτησε το Wimbledon πέρυσι;
out_of_scope	Πώς υποβάλλω δήλωση φόρου εισοδήματος;
out_of_scope	Πώς κουρδίζω μια ακουστική κιθάρα;
out_of_scope	Πόση RAM χρειάζεται κάποιος που επεξεργάζεται βίντεο;
out_of_scope	Βοήθησέ με να συντάξω αίτηση για θέση εργασίας.
out_of_scope	Πώς επαναφέρω έναν οικιακό δρομολογητή Wi-Fi;
out_of_scope	Ποιος πήρε το Παγκόσμιο Κύπελλο ποδοσφαίρου του 2022;
out_of_scope	Ποιος νίκησε στο πιο πρόσφατο γκραν πρι της Formula 1;
out_of_scope	Ποιο έθνος ήταν πρώτο στον τελευταίο πίνακα μεταλλίων των Ολυμπιακών;
out_of_scope	Ποιος κέρδισε τον πιο πρόσφατο διαγωνισμό τραγουδιού Eurovision;
out_of_scope	Ποιος τερμάτισε πρώτος στον Μαραθώνιο της Νέας Υόρκης;
out_of_scope	Ποιος είναι αυτή τη στιγμή ο παγκόσμιος πρωταθλητής στο σκάκι;
out_of_scope	Εξήγησε τον κβαντικό υπολογισμό σε κάποιον που δεν ξέρει τίποτα.
out_of_scope	Πώς μπορώ να καλλιεργήσω ντομάτες σε μπαλκόνι;
out_of_scope	Πώς φτιάχνω ζύμη πίτσας από την αρχή;
out_of_scope	Τι ώρα είναι αυτή τη στιγμή στο Tokyo;
out_of_scope	Πώς αλλάζω ένα σκασμένο λάστιχο αυτοκινήτου;
out_of_scope	Πρότεινε μια καλή ταινία επιστημονικής φαντασίας.
out_of_scope	Ποιος είναι ένας αποδοτικός τρόπος να μάθω ιαπωνικά;
out_of_scope	Εξήγησε τι κάνει ένα SQL inner join.
out_of_scope	Πώς εγκαθιστώ Linux σε φορητό υπολογιστή;
out_of_scope	Τι οδήγησε στην πτώση της Ρωμαϊκής Αυτοκρατορίας;
out_of_scope	Λύσε παρακαλώ αυτή τη δευτεροβάθμια εξίσωση.
out_of_scope	Πώς ψήνω ένα καρβέλι με προζύμι;
out_of_scope	Ποια είναι σήμερα η ισοτιμία από USD σε EUR;
out_of_scope	Πώς λειτουργεί ένας τετράχρονος κινητήρας;
out_of_scope	Ποιος έγραψε το θεατρικό έργο Hamlet;
out_of_scope	Πώς δημιουργώ ένα καινούργιο αποθετήριο Git;
out_of_scope	Ποια σημάδια δείχνουν έλλειψη βιταμίνης D;
out_of_scope	Πώς πρέπει να προπονηθώ για τρέξιμο πέντε χιλιομέτρων;
out_of_scope	Πόσος είναι ο πληθυσμός του Καναδά;
out_of_scope	Πώς διορθώνω μια βρύση που στάζει;
out_of_scope	Μετάφρασε αυτή την πρόταση στα λατινικά.
out_of_scope	Ποιος φορητός ταιριάζει καλύτερα σε φοιτητές πληροφορικής;
out_of_scope	Πώς σχηματίζονται οι μαύρες τρύπες;
out_of_scope	Πότε κυκλοφόρησε το πρώτο iPhone;
out_of_scope	Πώς κάνω κομπόστ από αποφάγια λαχανικών;
out_of_scope	Μάθε με τους βασικούς κανόνες του σκακιού.
out_of_scope	Πώς ο πληθωρισμός μειώνει την αξία των αποταμιεύσεων;
out_of_scope	Πες με τη σειρά τους πλανήτες του ηλιακού συστήματος.
out_of_scope	Πώς αφαιρώ κακόβουλο λογισμικό από υπολογιστή με Windows;
out_of_scope	Γιατί το νερό βράζει σε χαμηλότερη θερμοκρασία στα βουνά;
out_of_scope	Πώς πλέκω με βελονάκι ένα απλό κασκόλ;
out_of_scope	Σύνοψε την πλοκή του Nineteen Eighty-Four.
out_of_scope	Πώς υπολογίζεται ο ανατοκισμός;
out_of_scope	Ποια είναι η διαφορά ανάμεσα σε HTTP και HTTPS;
out_of_scope	Πώς ξεκινάω έναν μικρό λαχανόκηπο;
out_of_scope	Ποιος ζωγράφισε τη Mona Lisa;
out_of_scope	Πώς αντικαθιστώ την αλυσίδα ενός ποδηλάτου;
out_of_scope	Περίγραψε τη μηχανική μάθηση σε μία σύντομη παράγραφο.
out_of_scope	Πώς κάνω αίτηση για διαβατήριο;
out_of_scope	Γιατί ο ουρανός φαίνεται μπλε την ημέρα;
out_of_scope	Πώς συνδέω έναν εκτυπωτή με καλώδιο USB;
out_of_scope	Ποια υλικά χρειάζεται η σάλτσα μπεσαμέλ;
out_of_scope	Πόσο διαρκεί μια πτήση από τη Βιέννη στη Νέα Υόρκη;
out_of_scope	Εξήγησε σε ένα παιδί τον κύκλο του νερού.
in_scope	Looking for a wellness hotel with a sauna in Tyrol.
in_scope	Are there hotels that have an indoor pool?
in_scope	Which houses offer massages?
in_scope	I want a stay that includes a hammam.
in_scope	Where can I swim in an infinity pool at a hotel?
in_scope	Do you know a hotel that runs yoga sessions?
in_scope	Are there hotels you can ski into and out of?
in_scope	Which hotels lie directly on the piste?
in_scope	Can guests ski as far as the hotel entrance?
in_scope	I need lodging next to a ski lift.
in_scope	We want a winter holiday that mixes spa and skiing.
in_scope	Which properties have a ski room for equipment?
in_scope	Is hiking possible straight from the hotel?
in_scope	Show me hotels with walking paths nearby.
in_scope	Can I go horse riding during my hotel stay?
in_scope	Looking for hotels known for their cuisine in Salzburg.
in_scope	An adults-only hotel with a pool, please.
in_scope	Does half board come with the stay?
in_scope	Tell me more about Nesslerhof.
in_scope	What does Gmachl actually offer?
in_scope	List the facilities at Krallerhof.
in_scope	I would like a room with a mountain view.
in_scope	How do I reach the hotel in Lermoos?
in_scope	Are dogs welcome in the hotels?
in_scope	Do you have family-friendly hotels?
in_scope	Which hotels in Salzburg are in your list?
in_scope	How many hotels do you cover in Tyrol?
in_scope	Is there a spa hotel you would recommend in Carinthia?
in_scope	Recommend a wellness hotel in South Tyrol.
in_scope	I need a quiet house for a proper rest.
in_scope	Which hotel has the biggest spa area?
in_scope	How far is it from the hotel to the slope?
in_scope	We are planning a summer hiking holiday with wellness.
in_scope	A hotel with a serious gourmet restaurant.
in_scope	Is breakfast included in the rate?
in_scope	We need a family room in a wellness hotel.
in_scope	Is there a children's programme at the hotel?
in_scope	Looking for a wheelchair-accessible wellness hotel.
in_scope	When are the evening sauna infusions?
in_scope	Can I reserve a massage in advance?
in_scope	What would you suggest near Innsbruck?
in_scope	I want a full wellness week in Styria.
in_scope	A spa stay in the Dolomites, please.
in_scope	Help me plan a wellness stay in the Ötztal.
in_scope	Tell me about Alpbacherhof.
in_scope	I need information on Waldklause.
in_scope	What makes Hochschober special?
in_scope	Can I arrive at the hotel by train?
in_scope	Is parking available at the hotel?
in_scope	A room with a balcony facing the mountains.
in_scope	We want to combine skiing and wellness in one trip.
in_scope	I am interested whether guests can ski up to the building.
in_scope	Just a short wellness break in the mountains.
in_scope	Anything worth knowing about hotels in the Zillertal?
in_scope	What are the strongest wellness hotels in Austria?
in_scope	Does the hotel have a fitness room?
in_scope	Is there a steam bath on site?
in_scope	Do you have a whirlpool in the spa?
in_scope	Couples spa packages for a weekend.
in_scope	A romantic wellness weekend for two.
in_scope	Where is Wartherhof and what wellness does it have?
in_scope	Details about Hotel Alpenrose.
in_scope	Does Sacher in Seefeld have a spa?
in_scope	How far is the hotel from the village centre?
out_of_scope	What will the weather be like in Berlin tomorrow?
out_of_scope	Write a Python function that sorts a list.
out_of_scope	Who won the last Tour de France?
out_of_scope	Explain Windows 11 in simple language.
out_of_scope	I need a recipe for apple strudel.
out_of_scope	What is the Bitcoin price today?
out_of_scope	What is the capital of France?
out_of_scope	How does photosynthesis work in plants?
out_of_scope	Who won Wimbledon last year?
out_of_scope	How do I file an income tax return?
out_of_scope	How do I tune an acoustic guitar?
out_of_scope	How much RAM should a video editor have?
out_of_scope	Help me draft a job application letter.
out_of_scope	How do I reset a home Wi-Fi router?
out_of_scope	Who won the 2022 football World Cup?
out_of_scope	Who won the latest Formula 1 grand prix?
out_of_scope	Which nation topped the last Olympic medal table?
out_of_scope	Who won the last Eurovision Song Contest?
out_of_scope	Who won the New York City Marathon?
out_of_scope	Who is the current world chess champion?
out_of_scope	Explain quantum computing to a complete beginner.
out_of_scope	How can I grow tomatoes on a balcony?
out_of_scope	How do I make pizza dough from scratch?
out_of_scope	What time is it in Tokyo right now?
out_of_scope	How do I change a flat car tire?
out_of_scope	Recommend a good science-fiction film.
out_of_scope	What is an efficient way to learn Japanese?
out_of_scope	Explain what an SQL inner join does.
out_of_scope	How do I install Linux on a laptop?
out_of_scope	What led to the fall of the Roman Empire?
out_of_scope	Please solve this quadratic equation.
out_of_scope	How do I bake a sourdough loaf?
out_of_scope	What is the USD to EUR exchange rate today?
out_of_scope	How does a four-stroke engine work?
out_of_scope	Who wrote the play Hamlet?
out_of_scope	How do I create a new Git repository?
out_of_scope	What are signs of vitamin D deficiency?
out_of_scope	How should I train for a five-kilometre run?
out_of_scope	What is the population of Canada?
out_of_scope	How do I fix a dripping tap?
out_of_scope	Translate this sentence into Latin.
out_of_scope	Which laptop is best for computer science students?
out_of_scope	How do black holes form?
out_of_scope	When was the first iPhone released?
out_of_scope	How do I compost vegetable scraps?
out_of_scope	Teach me the basic rules of chess.
out_of_scope	How does inflation reduce the value of savings?
out_of_scope	Name the planets of the solar system in order.
out_of_scope	How do I remove malware from a Windows PC?
out_of_scope	Why does water boil at a lower temperature in the mountains?
out_of_scope	How do I crochet a simple scarf?
out_of_scope	Summarise the plot of Nineteen Eighty-Four.
out_of_scope	How is compound interest calculated?
out_of_scope	What is the difference between HTTP and HTTPS?
out_of_scope	How do I start a small vegetable garden?
out_of_scope	Who painted the Mona Lisa?
out_of_scope	How do I replace a bicycle chain?
out_of_scope	Describe machine learning in one short paragraph.
out_of_scope	How do I apply for a passport?
out_of_scope	Why is the sky blue during the day?
out_of_scope	How do I connect a printer with a USB cable?
out_of_scope	What ingredients go into béchamel sauce?
out_of_scope	How long is a flight from Vienna to New York?
out_of_scope	Explain the water cycle to a child.
in_scope	Busco un hotel de wellness con sauna en Tyrol.
in_scope	¿Hay hoteles que tengan piscina cubierta?
in_scope	¿Qué casas ofrecen masajes?
in_scope	Quiero una estancia que incluya un hammam.
in_scope	¿Dónde puedo nadar en una piscina infinity en un hotel?
in_scope	¿Conoces algún hotel que organice sesiones de yoga?
in_scope	¿Existen hoteles a los que se pueda entrar y salir esquiando?
in_scope	¿Qué hoteles se sitúan justo en la pista?
in_scope	¿Pueden los huéspedes esquiar hasta la misma entrada del hotel?
in_scope	Necesito alojamiento junto a un telesilla.
in_scope	Queremos unas vacaciones de invierno que mezclen spa y esquí.
in_scope	¿Qué establecimientos tienen un cuarto de esquí para el equipo?
in_scope	¿Se puede salir a caminar directamente desde el hotel?
in_scope	Enséñame hoteles con senderos cerca.
in_scope	¿Puedo montar a caballo durante mi estancia en el hotel?
in_scope	Busco hoteles conocidos por su cocina en Salzburg.
in_scope	Un hotel solo para adultos con piscina, por favor.
in_scope	¿La media pensión viene con la estancia?
in_scope	Cuéntame más sobre Nesslerhof.
in_scope	¿Qué ofrece Gmachl en realidad?
in_scope	Enumera las instalaciones de Krallerhof.
in_scope	Quisiera una habitación con vistas a la montaña.
in_scope	¿Cómo se llega al hotel en Lermoos?
in_scope	¿Se admiten perros en los hoteles?
in_scope	¿Tenéis hoteles familiares?
in_scope	¿Qué hoteles de Salzburg figuran en vuestra lista?
in_scope	¿Cuántos hoteles cubrís en Tyrol?
in_scope	¿Hay algún hotel spa que recomendarías en Carinthia?
in_scope	Recomiéndame un hotel de wellness en South Tyrol.
in_scope	Necesito una casa tranquila para un descanso de verdad.
in_scope	¿Qué hotel tiene la zona de spa más grande?
in_scope	¿A qué distancia queda el hotel de la pista?
in_scope	Estamos planeando unas vacaciones de senderismo de verano con wellness.
in_scope	Un hotel con un restaurante gourmet de categoría.
in_scope	¿El desayuno está incluido en la tarifa?
in_scope	Necesitamos una habitación familiar en un hotel de wellness.
in_scope	¿Hay un programa para niños en el hotel?
in_scope	Busco un hotel de wellness accesible en silla de ruedas.
in_scope	¿A qué hora son las infusiones de sauna por la noche?
in_scope	¿Puedo reservar un masaje de antemano?
in_scope	¿Qué me sugerirías cerca de Innsbruck?
in_scope	Quiero una semana completa de wellness en Styria.
in_scope	Una estancia de spa en los Dolomites, por favor.
in_scope	Ayúdame a planear una estancia de wellness en el Ötztal.
in_scope	Háblame de Alpbacherhof.
in_scope	Necesito información sobre Waldklause.
in_scope	¿Qué tiene de especial Hochschober?
in_scope	¿Puedo llegar al hotel en tren?
in_scope	¿Hay aparcamiento en el hotel?
in_scope	Una habitación con balcón de cara a las montañas.
in_scope	Queremos unir esquí y wellness en un mismo viaje.
in_scope	Me interesa saber si los huéspedes pueden esquiar hasta el edificio.
in_scope	Solo una breve pausa de wellness en las montañas.
in_scope	¿Hay algo que merezca la pena saber sobre los hoteles del Zillertal?
in_scope	¿Cuáles son los hoteles de wellness más sólidos de Austria?
in_scope	¿El hotel dispone de un gimnasio?
in_scope	¿Hay un baño de vapor en el recinto?
in_scope	¿Tenéis un whirlpool en el spa?
in_scope	Paquetes de spa para parejas de fin de semana.
in_scope	Un fin de semana romántico de wellness para dos.
in_scope	¿Dónde está Wartherhof y qué wellness ofrece?
in_scope	Detalles sobre Hotel Alpenrose.
in_scope	¿Sacher en Seefeld tiene spa?
in_scope	¿A qué distancia está el hotel del centro del pueblo?
out_of_scope	¿Qué tiempo hará mañana en Berlin?
out_of_scope	Escribe una función en Python que ordene una lista.
out_of_scope	¿Quién ganó el último Tour de France?
out_of_scope	Explica Windows 11 en un lenguaje sencillo.
out_of_scope	Necesito una receta de strudel de manzana.
out_of_scope	¿Cuál es el precio de Bitcoin hoy?
out_of_scope	¿Cuál es la capital de Francia?
out_of_scope	¿Cómo funciona la fotosíntesis en las plantas?
out_of_scope	¿Quién ganó Wimbledon el año pasado?
out_of_scope	¿Cómo presento la declaración de la renta?
out_of_scope	¿Cómo se afina una guitarra acústica?
out_of_scope	¿Cuánta RAM debería tener un editor de vídeo?
out_of_scope	Ayúdame a redactar una carta de solicitud de empleo.
out_of_scope	¿Cómo restablezco un router Wi-Fi doméstico?
out_of_scope	¿Quién ganó el Mundial de fútbol de 2022?
out_of_scope	¿Quién ganó el último gran premio de Formula 1?
out_of_scope	¿Qué nación encabezó el último medallero olímpico?
out_of_scope	¿Quién ganó el último Eurovision Song Contest?
out_of_scope	¿Quién ganó el maratón de Nueva York?
out_of_scope	¿Quién es el actual campeón mundial de ajedrez?
out_of_scope	Explica la computación cuántica a un principiante absoluto.
out_of_scope	¿Cómo puedo cultivar tomates en un balcón?
out_of_scope	¿Cómo se hace la masa de pizza desde cero?
out_of_scope	¿Qué hora es ahora mismo en Tokyo?
out_of_scope	¿Cómo cambio un neumático pinchado?
out_of_scope	Recomiéndame una buena película de ciencia ficción.
out_of_scope	¿Cuál es una forma eficaz de aprender japonés?
out_of_scope	Explica qué hace un inner join en SQL.
out_of_scope	¿Cómo instalo Linux en un portátil?
out_of_scope	¿Qué provocó la caída del Imperio romano?
out_of_scope	Por favor, resuelve esta ecuación de segundo grado.
out_of_scope	¿Cómo horneo una hogaza de masa madre?
out_of_scope	¿Cuál es el tipo de cambio de USD a EUR hoy?
out_of_scope	¿Cómo funciona un motor de cuatro tiempos?
out_of_scope	¿Quién escribió la obra Hamlet?
out_of_scope	¿Cómo creo un repositorio nuevo de Git?
out_of_scope	¿Cuáles son las señales de una deficiencia de vitamina D?
out_of_scope	¿Cómo debería entrenar para una carrera de cinco kilómetros?
out_of_scope	¿Cuál es la población de Canadá?
out_of_scope	¿Cómo arreglo un grifo que gotea?
out_of_scope	Traduce esta frase al latín.
out_of_scope	¿Qué portátil es el mejor para estudiantes de informática?
out_of_scope	¿Cómo se forman los agujeros negros?
out_of_scope	¿Cuándo se lanzó el primer iPhone?
out_of_scope	¿Cómo compostar restos de verduras?
out_of_scope	Enséñame las reglas básicas del ajedrez.
out_of_scope	¿Cómo reduce la inflación el valor de los ahorros?
out_of_scope	Nombra los planetas del sistema solar en orden.
out_of_scope	¿Cómo elimino malware de un PC con Windows?
out_of_scope	¿Por qué hierve el agua a menor temperatura en las montañas?
out_of_scope	¿Cómo tejo a ganchillo una bufanda sencilla?
out_of_scope	Resume el argumento de Nineteen Eighty-Four.
out_of_scope	¿Cómo se calcula el interés compuesto?
out_of_scope	¿Cuál es la diferencia entre HTTP y HTTPS?
out_of_scope	¿Cómo empiezo un pequeño huerto de verduras?
out_of_scope	¿Quién pintó la Mona Lisa?
out_of_scope	¿Cómo sustituyo la cadena de una bicicleta?
out_of_scope	Describe el aprendizaje automático en un párrafo breve.
out_of_scope	¿Cómo solicito un pasaporte?
out_of_scope	¿Por qué el cielo es azul durante el día?
out_of_scope	¿Cómo conecto una impresora con un cable USB?
out_of_scope	¿Qué ingredientes lleva la salsa bechamel?
out_of_scope	¿Cuánto dura un vuelo de Viena a Nueva York?
out_of_scope	Explica el ciclo del agua a un niño.
in_scope	Otsin heaoluhotelli, kus on saun, Tyrolis.
in_scope	Kas on hotelle, millel on sisebassein?
in_scope	Millised majad pakuvad massaaže?
in_scope	Soovin majutust, kuhu kuulub hammam.
in_scope	Kus saan ujuda hotelli infinity-basseinis?
in_scope	Kas tead hotelli, mis korraldab joogatunde?
in_scope	Kas on hotelle, kuhu saab sisse ja välja suusatada?
in_scope	Millised hotellid asuvad otse suusanõlval?
in_scope	Kas külalised saavad suusatada kuni hotelli sissepääsuni?
in_scope	Vajan majutust suusalifti kõrval.
in_scope	Tahame talvepuhkust, mis ühendab spaad ja suusatamist.
in_scope	Millistel majutuskohtadel on varustuse jaoks suusaruum?
in_scope	Kas matkata saab otse hotellist?
in_scope	Näita mulle hotelle, mille lähedal on jalutusradasid.
in_scope	Kas saan hotelliviibimise ajal ratsutada?
in_scope	Otsin Salzburgis hotelle, mis on tuntud köögi poolest.
in_scope	Ainult täiskasvanutele mõeldud hotell basseiniga, palun.
in_scope	Kas poolpension kuulub majutuse juurde?
in_scope	Räägi mulle rohkem Nesslerhofist.
in_scope	Mida Gmachl tegelikult pakub?
in_scope	Loetle Krallerhofi rajatised.
in_scope	Soovin tuba mäevaatega.
in_scope	Kuidas jõuan Lermoosi hotellini?
in_scope	Kas koerad on hotellides teretulnud?
in_scope	Kas teil on peresõbralikke hotelle?
in_scope	Millised Salzburgi hotellid on teie nimekirjas?
in_scope	Kui paljusid hotelle te Tyrolis katate?
in_scope	Kas on spaahotell, mida soovitaksid Carinthias?
in_scope	Soovita heaoluhotelli South Tyrolis.
in_scope	Vajan vaikset maja korralikuks puhkuseks.
in_scope	Millisel hotellil on suurim spa-ala?
in_scope	Kui kaugel on hotellist nõlvani?
in_scope	Plaanime suvist matkapuhkust koos heaoluga.
in_scope	Hotell tõsiseltvõetava gurmeerestoraniga.
in_scope	Kas hommikusöök sisaldub hinnas?
in_scope	Vajame peretuba heaoluhotellis.
in_scope	Kas hotellis on lastetegevuste programm?
in_scope	Otsin ratastooliga ligipääsetavat heaoluhotelli.
in_scope	Millal on õhtused saunavalamised?
in_scope	Kas saan massaaži ette reserveerida?
in_scope	Mida soovitaksid Innsbrucki lähedal?
in_scope	Tahan täielikku heaolunädalat Styrias.
in_scope	Spaapuhkus Dolomites, palun.
in_scope	Aita mul planeerida heaolupuhkust Ötztalis.
in_scope	Räägi Alpbacherhofist.
in_scope	Vajan teavet Waldklause kohta.
in_scope	Mis teeb Hochschoberi eriliseks?
in_scope	Kas saan hotelli rongiga kohale?
in_scope	Kas hotellis on parkla?
in_scope	Tuba rõduga, mis vaatab mägede poole.
in_scope	Tahame ühendada suusatamise ja heaolu ühes reisil.
in_scope	Mind huvitab, kas külalised saavad suusatada hooneni.
in_scope	Lihtsalt lühike heaolupaus mägedes.
in_scope	Midagi, mida tasub teada Zillertali hotellide kohta?
in_scope	Millised on tugevaimad heaoluhotellid Austrias?
in_scope	Kas hotellis on jõusaal?
in_scope	Kas kohapeal on aurusaun?
in_scope	Kas spaas on mullivann?
in_scope	Paaride spaapaketid nädalavahetuseks.
in_scope	Romantiline heaolunädalavahetus kahele.
in_scope	Kus asub Wartherhof ja millist heaolu seal pakutakse?
in_scope	Üksikasjad Hotel Alpenrose kohta.
in_scope	Kas Sacheril Seefeldis on spa?
in_scope	Kui kaugel on hotell küla keskusest?
out_of_scope	Milline tuleb ilm Berlinis homme?
out_of_scope	Kirjuta Pythoni funktsioon, mis järjestab loendi.
out_of_scope	Kes võitis viimase Tour de France'i?
out_of_scope	Selgita Windows 11 lihtsas keeles.
out_of_scope	Mul on vaja õunastruudli retsepti.
out_of_scope	Mis on Bitcoini hind täna?
out_of_scope	Mis on Prantsusmaa pealinn?
out_of_scope	Kuidas toimib fotosüntees taimedes?
out_of_scope	Kes võitis Wimbledoni eelmisel aastal?
out_of_scope	Kuidas esitan tuludeklaratsiooni?
out_of_scope	Kuidas häälestan akustilist kitarri?
out_of_scope	Kui palju muutmälu peaks videomontaažil olema?
out_of_scope	Aita mul koostada tööavalduse kiri.
out_of_scope	Kuidas lähtestan koduse Wi-Fi-ruuteri?
out_of_scope	Kes võitis 2022. aasta jalgpalli maailmameistrivõistlused?
out_of_scope	Kes võitis viimase Formula 1 grand prix?
out_of_scope	Milline riik juhtis viimast olümpiamedalite tabelit?
out_of_scope	Kes võitis viimase Eurovision Song Contest'i?
out_of_scope	Kes võitis New York City Marathon'i?
out_of_scope	Kes on praegune male maailmameister?
out_of_scope	Selgita kvantarvutust täielikule algajale.
out_of_scope	Kuidas saan kasvatada tomateid rõdul?
out_of_scope	Kuidas teen pitsataigna nullist?
out_of_scope	Mis kell on Tokyos praegu?
out_of_scope	Kuidas vahetan tühja auto rehvi?
out_of_scope	Soovita head ulmefilmi.
out_of_scope	Mis on tõhus viis jaapani keele õppimiseks?
out_of_scope	Selgita, mida teeb SQL inner join.
out_of_scope	Kuidas paigaldan Linuxi sülearvutisse?
out_of_scope	Mis viis Rooma impeeriumi languseni?
out_of_scope	Palun lahenda see ruutvõrrand.
out_of_scope	Kuidas küpsetan haputaignaleiba?
out_of_scope	Mis on USD ja EUR vahetuskurss täna?
out_of_scope	Kuidas töötab neljataktiline mootor?
out_of_scope	Kes kirjutas näidendi Hamlet?
out_of_scope	Kuidas loon uue Git-varamu?
out_of_scope	Millised on D-vitamiini puuduse tunnused?
out_of_scope	Kuidas peaksin treenima viiekilomeetriseks jooksuks?
out_of_scope	Kui suur on Kanada rahvaarv?
out_of_scope	Kuidas parandan tilkuvat kraani?
out_of_scope	Tõlgi see lause ladina keelde.
out_of_scope	Milline sülearvuti sobib kõige paremini informaatikatudengitele?
out_of_scope	Kuidas tekivad mustad augud?
out_of_scope	Millal lasti välja esimene iPhone?
out_of_scope	Kuidas komposteerin köögiviljajäätmeid?
out_of_scope	Õpeta mulle male põhireeglid.
out_of_scope	Kuidas inflatsioon vähendab säästude väärtust?
out_of_scope	Nimetage päikesesüsteemi planeedid järjekorras.
out_of_scope	Kuidas eemaldan pahavara Windows-arvutist?
out_of_scope	Miks vesi keeb mägedes madalamal temperatuuril?
out_of_scope	Kuidas heegeldan lihtsat salli?
out_of_scope	Tee kokkuvõte teose Nineteen Eighty-Four süžeest.
out_of_scope	Kuidas arvutatakse liitintressi?
out_of_scope	Mis vahe on HTTP-l ja HTTPS-il?
out_of_scope	Kuidas alustan väikest köögiviljaaeda?
out_of_scope	Kes maalis teose Mona Lisa?
out_of_scope	Kuidas vahetan jalgratta ketti?
out_of_scope	Kirjelda masinõpet ühes lühikeses lõigus.
out_of_scope	Kuidas taotlen passi?
out_of_scope	Miks on taevas päeval sinine?
out_of_scope	Kuidas ühendan printeri USB-kaabliga?
out_of_scope	Millised koostisosad kuuluvad béchamelikastmesse?
out_of_scope	Kui pikk on lend Viinist New Yorki?
out_of_scope	Selgita veeringet lapsele.
in_scope	Etsin kylpylähotellia, jossa on sauna, Tyrolissa.
in_scope	Onko olemassa hotelleja, joissa on sisäallas?
in_scope	Missä taloissa tarjotaan hierontaa?
in_scope	Haluan majoituksen, johon sisältyy hammam.
in_scope	Missä voin uida hotellin infinity-altaassa?
in_scope	Tiedätkö hotellin, jossa pidetään joogatunteja?
in_scope	Onko hotelleja, joihin voi hiihtää sisään ja ulos?
in_scope	Mitkä hotellit sijaitsevat suoraan rinteen laidalla?
in_scope	Voivatko vieraat hiihtää aina hotellin ovelle asti?
in_scope	Tarvitsen majoituksen hiihtohissin vierestä.
in_scope	Haluamme talviloman, jossa yhdistyvät kylpylä ja hiihto.
in_scope	Millä kohteilla on välineille tarkoitettu suksitila?
in_scope	Voiko vaeltaa suoraan hotellilta?
in_scope	Näytä hotelleja, joiden lähellä on kävelypolkuja.
in_scope	Voinko ratsastaa hotellivierailuni aikana?
in_scope	Etsin Salzburgissa sijaitsevia hotelleja, jotka tunnetaan keittiöstään.
in_scope	Vain aikuisille tarkoitettu hotelli, jossa on uima-allas, kiitos.
in_scope	Sisältyykö puolihoito majoitukseen?
in_scope	Kerro lisää Nesslerhofista.
in_scope	Mitä Gmachl oikeastaan tarjoaa?
in_scope	Luettele Krallerhofin palvelut.
in_scope	Haluaisin huoneen, josta on näköala vuorille.
in_scope	Miten pääsen hotellille Lermoosissa?
in_scope	Ovatko koirat tervetulleita hotelleihin?
in_scope	Onko teillä perheystävällisiä hotelleja?
in_scope	Mitkä Salzburgin hotellit ovat listallanne?
in_scope	Kuinka monta hotellia katatte Tyrolissa?
in_scope	Onko Carinthiassa kylpylähotellia, jota suosittelisit?
in_scope	Suosittele hyvinvointihotellia South Tyrolissa.
in_scope	Tarvitsen rauhallisen talon kunnollista lepoa varten.
in_scope	Missä hotellissa on suurin kylpyläalue?
in_scope	Kuinka pitkä matka on hotellilta rinteeseen?
in_scope	Suunnittelemme kesäistä vaelluslomaa kylpyläpalveluineen.
in_scope	Hotelli, jossa on vakavasti otettava gourmet-ravintola.
in_scope	Sisältyykö aamiainen hintaan?
in_scope	Tarvitsemme perhehuoneen kylpylähotellista.
in_scope	Onko hotellissa lastenohjelmaa?
in_scope	Etsin pyörätuolilla saavutettavaa hyvinvointihotellia.
in_scope	Milloin illan saunanjatkokset pidetään?
in_scope	Voinko varata hieronnan etukäteen?
in_scope	Mitä ehdottaisit Innsbruckin läheltä?
in_scope	Haluan kokonaisen hyvinvointiviikon Styriassa.
in_scope	Kylpyläloma Dolomitesissa, kiitos.
in_scope	Auta minua suunnittelemaan kylpyläviipymä Ötztalissa.
in_scope	Kerro Alpbacherhofista.
in_scope	Tarvitsen tietoja Waldklausesta.
in_scope	Mikä tekee Hochschoberista erityisen?
in_scope	Voinko saapua hotellille junalla?
in_scope	Onko hotellilla pysäköintitilaa?
in_scope	Huone, jossa on parveke vuorille päin.
in_scope	Haluamme yhdistää hiihdon ja kylpylän samaan matkaan.
in_scope	Minua kiinnostaa, voivatko vieraat hiihtää rakennukseen asti.
in_scope	Vain lyhyt hyvinvointitauko vuorilla.
in_scope	Onko Zillertalin hotelleista jotain tietämisen arvoista?
in_scope	Mitkä ovat vahvimmat kylpylähotellit Austriassa?
in_scope	Onko hotellissa kuntosali?
in_scope	Onko paikan päällä höyrysaunaa?
in_scope	Onko kylpylässä poreallasta?
in_scope	Pariskuntien kylpyläpaketit viikonlopuksi.
in_scope	Romanttinen hyvinvointiviikonloppu kahdelle.
in_scope	Missä Wartherhof sijaitsee ja millaista kylpylää siellä on?
in_scope	Tietoja Hotel Alpenrosesta.
in_scope	Onko Sacherilla Seefeldissä kylpylä?
in_scope	Kuinka kaukana hotelli on kylän keskustasta?
out_of_scope	Millainen sää on Berlinissä huomenna?
out_of_scope	Kirjoita Python-funktio, joka järjestää listan.
out_of_scope	Kuka voitti viimeisimmän Tour de France -ajon?
out_of_scope	Selitä Windows 11 yksinkertaisella kielellä.
out_of_scope	Tarvitsen reseptin omenastruudeliin.
out_of_scope	Mikä on Bitcoinin hinta tänään?
out_of_scope	Mikä on Ranskan pääkaupunki?
out_of_scope	Miten fotosynteesi toimii kasveissa?
out_of_scope	Kuka voitti Wimbledonin viime vuonna?
out_of_scope	Miten teen veroilmoituksen?
out_of_scope	Miten viritän akustisen kitaran?
out_of_scope	Kuinka paljon RAM-muistia videonleikkaajalla pitäisi olla?
out_of_scope	Auta minua laatimaan työhakemuskirje.
out_of_scope	Miten nollaan kotona olevan Wi-Fi-reitittimen?
out_of_scope	Kuka voitti vuoden 2022 jalkapallon MM-kisat?
out_of_scope	Kuka voitti viimeisimmän Formula 1 -osakilpailun?
out_of_scope	Mikä maa johti viimeisintä olympialaisten mitalitaulukkoa?
out_of_scope	Kuka voitti viimeisimmän Eurovision Song Contest -kilpailun?
out_of_scope	Kuka voitti New York City Marathonin?
out_of_scope	Kuka on nykyinen shakin maailmanmestari?
out_of_scope	Selitä kvanttilaskenta täysin aloittelijalle.
out_of_scope	Miten voin kasvattaa tomaatteja parvekkeella?
out_of_scope	Miten teen pitsataikinan alusta asti?
out_of_scope	Paljonko kello on Tokyossa juuri nyt?
out_of_scope	Miten vaihdan puhjenneen autonrenkaan?
out_of_scope	Suosittele hyvää tieteiselokuvaa.
out_of_scope	Mikä on tehokas tapa oppia japania?
out_of_scope	Selitä, mitä SQL inner join tekee.
out_of_scope	Miten asennan Linuxin kannettavaan tietokoneeseen?
out_of_scope	Mikä johti Rooman valtakunnan tuhoon?
out_of_scope	Ratkaise tämä toisen asteen yhtälö.
out_of_scope	Miten leivon hapanjuurileivän?
out_of_scope	Mikä on USD:n ja EUR:n vaihtokurssi tänään?
out_of_scope	Miten nelitahtimoottori toimii?
out_of_scope	Kuka kirjoitti näytelmän Hamlet?
out_of_scope	Miten luon uuden Git-repositorion?
out_of_scope	Mitkä ovat D-vitamiinin puutoksen merkkejä?
out_of_scope	Miten minun pitäisi harjoitella viiden kilometrin juoksua varten?
out_of_scope	Mikä on Kanadan väkiluku?
out_of_scope	Miten korjaan tiputtavan hanan?
out_of_scope	Käännä tämä lause latinaksi.
out_of_scope	Mikä kannettava sopii parhaiten tietojenkäsittelytieteen opiskelijoille?
out_of_scope	Miten mustat aukot syntyvät?
out_of_scope	Milloin ensimmäinen iPhone julkaistiin?
out_of_scope	Miten kompostoin kasvisten tähteet?
out_of_scope	Opeta minulle shakin perussäännöt.
out_of_scope	Miten inflaatio heikentää säästöjen arvoa?
out_of_scope	Nimeä aurinkokunnan planeetat järjestyksessä.
out_of_scope	Miten poistan haittaohjelman Windows-tietokoneesta?
out_of_scope	Miksi vesi kiehuu vuoristossa alemmassa lämpötilassa?
out_of_scope	Miten virkkaan yksinkertaisen huivin?
out_of_scope	Tiivistä Nineteen Eighty-Fourin juoni.
out_of_scope	Miten korkoa korolle lasketaan?
out_of_scope	Mikä ero on HTTP:llä ja HTTPS:llä?
out_of_scope	Miten aloitan pienen kasvimaan?
out_of_scope	Kuka maalasi teoksen Mona Lisa?
out_of_scope	Miten vaihdan polkupyörän ketjun?
out_of_scope	Kuvaile koneoppimista yhdessä lyhyessä kappaleessa.
out_of_scope	Miten haen passia?
out_of_scope	Miksi taivas on sininen päivällä?
out_of_scope	Miten liitän tulostimen USB-kaapelilla?
out_of_scope	Mitä aineksia béchamel-kastikkeeseen kuuluu?
out_of_scope	Kuinka kauan lento Wienistä New Yorkiin kestää?
out_of_scope	Selitä veden kiertokulku lapselle.
in_scope	Je cherche un hôtel wellness avec sauna en Tyrol.
in_scope	Y a-t-il des hôtels qui ont une piscine intérieure ?
in_scope	Quelles maisons proposent des massages ?
in_scope	Je veux un séjour qui inclut un hammam.
in_scope	Où puis-je nager dans une piscine à débordement dans un hôtel ?
in_scope	Connais-tu un hôtel qui organise des séances de yoga ?
in_scope	Existe-t-il des hôtels où l'on peut skier jusqu'à l'entrée et en repartir à ski ?
in_scope	Quels hôtels se trouvent directement sur la piste ?
in_scope	Les clients peuvent-ils skier jusqu'à l'entrée de l'hôtel ?
in_scope	J'ai besoin d'un hébergement à côté d'un télésiège.
in_scope	Nous voulons des vacances d'hiver qui mêlent spa et ski.
in_scope	Quelles propriétés ont un local à skis pour le matériel ?
in_scope	Peut-on randonner directement depuis l'hôtel ?
in_scope	Montre-moi des hôtels avec des sentiers à proximité.
in_scope	Puis-je faire de l'équitation pendant mon séjour à l'hôtel ?
in_scope	Je cherche des hôtels réputés pour leur cuisine à Salzburg.
in_scope	Un hôtel réservé aux adultes avec piscine, s'il vous plaît.
in_scope	La demi-pension est-elle comprise dans le séjour ?
in_scope	Dis-moi en plus sur Nesslerhof.
in_scope	Qu'est-ce que Gmachl propose réellement ?
in_scope	Énumère les installations de Krallerhof.
in_scope	Je voudrais une chambre avec vue sur la montagne.
in_scope	Comment rejoindre l'hôtel à Lermoos ?
in_scope	Les chiens sont-ils les bienvenus dans les hôtels ?
in_scope	Avez-vous des hôtels adaptés aux familles ?
in_scope	Quels hôtels de Salzburg figurent dans votre liste ?
in_scope	Combien d'hôtels couvrez-vous en Tyrol ?
in_scope	Y a-t-il un hôtel spa que tu recommanderais en Carinthia ?
in_scope	Recommande un hôtel wellness en South Tyrol.
in_scope	J'ai besoin d'une maison calme pour un vrai repos.
in_scope	Quel hôtel a le plus grand espace spa ?
in_scope	Quelle distance sépare l'hôtel de la piste ?
in_scope	Nous prévoyons des vacances de randonnée d'été avec wellness.
in_scope	Un hôtel avec un vrai restaurant gastronomique.
in_scope	Le petit-déjeuner est-il inclus dans le tarif ?
in_scope	Nous avons besoin d'une chambre familiale dans un hôtel wellness.
in_scope	Y a-t-il un programme pour enfants à l'hôtel ?
in_scope	Je cherche un hôtel wellness accessible en fauteuil roulant.
in_scope	À quelle heure ont lieu les infusions de sauna du soir ?
in_scope	Puis-je réserver un massage à l'avance ?
in_scope	Que suggérerais-tu près d'Innsbruck ?
in_scope	Je veux une semaine entière de wellness en Styria.
in_scope	Un séjour spa dans les Dolomites, s'il vous plaît.
in_scope	Aide-moi à planifier un séjour wellness dans l'Ötztal.
in_scope	Parle-moi d'Alpbacherhof.
in_scope	J'ai besoin d'informations sur Waldklause.
in_scope	Qu'est-ce qui rend Hochschober spécial ?
in_scope	Puis-je arriver à l'hôtel en train ?
in_scope	Y a-t-il un parking à l'hôtel ?
in_scope	Une chambre avec balcon face aux montagnes.
in_scope	Nous voulons combiner ski et wellness en un seul voyage.
in_scope	Je voudrais savoir si les clients peuvent skier jusqu'au bâtiment.
in_scope	Juste une courte parenthèse wellness à la montagne.
in_scope	Y a-t-il quelque chose à savoir sur les hôtels du Zillertal ?
in_scope	Quels sont les hôtels wellness les plus solides d'Austria ?
in_scope	L'hôtel a-t-il une salle de fitness ?
in_scope	Y a-t-il un bain de vapeur sur place ?
in_scope	Avez-vous un whirlpool dans le spa ?
in_scope	Des forfaits spa pour couples pour un week-end.
in_scope	Un week-end wellness romantique à deux.
in_scope	Où se trouve Wartherhof et quel wellness propose-t-il ?
in_scope	Des détails sur Hotel Alpenrose.
in_scope	Est-ce que Sacher à Seefeld a un spa ?
in_scope	À quelle distance l'hôtel se trouve-t-il du centre du village ?
out_of_scope	Quel temps fera-t-il demain à Berlin ?
out_of_scope	Écris une fonction Python qui trie une liste.
out_of_scope	Qui a gagné le dernier Tour de France ?
out_of_scope	Explique Windows 11 en langage simple.
out_of_scope	J'ai besoin d'une recette de strudel aux pommes.
out_of_scope	Quel est le cours du Bitcoin aujourd'hui ?
out_of_scope	Quelle est la capitale de la France ?
out_of_scope	Comment fonctionne la photosynthèse chez les plantes ?
out_of_scope	Qui a gagné Wimbledon l'année dernière ?
out_of_scope	Comment déposer une déclaration d'impôt sur le revenu ?
out_of_scope	Comment accorder une guitare acoustique ?
out_of_scope	De combien de RAM un monteur vidéo devrait-il disposer ?
out_of_scope	Aide-moi à rédiger une lettre de candidature.
out_of_scope	Comment réinitialiser un routeur Wi-Fi domestique ?
out_of_scope	Qui a gagné la Coupe du monde de football 2022 ?
out_of_scope	Qui a gagné le dernier grand prix de Formula 1 ?
out_of_scope	Quelle nation a dominé le dernier tableau des médailles olympiques ?
out_of_scope	Qui a gagné le dernier Eurovision Song Contest ?
out_of_scope	Qui a gagné le marathon de New York ?
out_of_scope	Qui est l'actuel champion du monde d'échecs ?
out_of_scope	Explique l'informatique quantique à un débutant complet.
out_of_scope	Comment puis-je faire pousser des tomates sur un balcon ?
out_of_scope	Comment faire une pâte à pizza maison ?
out_of_scope	Quelle heure est-il à Tokyo en ce moment ?
out_of_scope	Comment changer un pneu crevé ?
out_of_scope	Recommande un bon film de science-fiction.
out_of_scope	Quelle est une façon efficace d'apprendre le japonais ?
out_of_scope	Explique ce que fait une inner join en SQL.
out_of_scope	Comment installer Linux sur un ordinateur portable ?
out_of_scope	Qu'est-ce qui a conduit à la chute de l'Empire romain ?
out_of_scope	Résous cette équation du second degré, s'il te plaît.
out_of_scope	Comment cuire un pain au levain ?
out_of_scope	Quel est le taux de change USD vers EUR aujourd'hui ?
out_of_scope	Comment fonctionne un moteur à quatre temps ?
out_of_scope	Qui a écrit la pièce Hamlet ?
out_of_scope	Comment créer un nouveau dépôt Git ?
out_of_scope	Quels sont les signes d'une carence en vitamine D ?
out_of_scope	Comment m'entraîner pour une course de cinq kilomètres ?
out_of_scope	Quelle est la population du Canada ?
out_of_scope	Comment réparer un robinet qui fuit ?
out_of_scope	Traduis cette phrase en latin.
out_of_scope	Quel ordinateur portable convient le mieux aux étudiants en informatique ?
out_of_scope	Comment se forment les trous noirs ?
out_of_scope	Quand le premier iPhone a-t-il été commercialisé ?
out_of_scope	Comment faire du compost avec des restes de légumes ?
out_of_scope	Enseigne-moi les règles de base des échecs.
out_of_scope	Comment l'inflation réduit-elle la valeur de l'épargne ?
out_of_scope	Nomme les planètes du système solaire dans l'ordre.
out_of_scope	Comment retirer un malware d'un PC Windows ?
out_of_scope	Pourquoi l'eau bout-elle à plus basse température en montagne ?
out_of_scope	Comment crocheter une écharpe simple ?
out_of_scope	Résume l'intrigue de Nineteen Eighty-Four.
out_of_scope	Comment calcule-t-on les intérêts composés ?
out_of_scope	Quelle est la différence entre HTTP et HTTPS ?
out_of_scope	Comment commencer un petit potager ?
out_of_scope	Qui a peint la Mona Lisa ?
out_of_scope	Comment remplacer une chaîne de vélo ?
out_of_scope	Décris l'apprentissage automatique en un court paragraphe.
out_of_scope	Comment faire une demande de passeport ?
out_of_scope	Pourquoi le ciel est-il bleu pendant la journée ?
out_of_scope	Comment brancher une imprimante avec un câble USB ?
out_of_scope	Quels ingrédients composent la sauce béchamel ?
out_of_scope	Combien de temps dure un vol de Vienne à New York ?
out_of_scope	Explique le cycle de l'eau à un enfant.
in_scope	Táim ag lorg óstáin wellness a bhfuil sabhna ann i Tyrol.
in_scope	An bhfuil óstáin ann a bhfuil linn snámha faoi dhíon iontu?
in_scope	Cé na tithe a chuireann suathaireacht ar fáil?
in_scope	Ba mhaith liom fanacht a chuimsíonn hammam.
in_scope	Cá bhféadfainn snámh i linn infinity ag óstán?
in_scope	An bhfuil óstán ar eolas agat a reáchtálann seisiúin ióga?
in_scope	An bhfuil óstáin ann ar féidir leat sciáil isteach iontu agus amach astu?
in_scope	Cé na hóstáin atá suite díreach ar an bhfána?
in_scope	An féidir le haíonna sciáil chomh fada le bealach isteach an óstáin?
in_scope	Teastaíonn lóistín uaim in aice le hardaitheoir sciála.
in_scope	Teastaíonn saoire gheimhridh uainn a mheascann spa agus sciáil.
in_scope	Cé na réadmhaoine a bhfuil seomra trealaimh sciála acu?
in_scope	An féidir siúlóireacht a dhéanamh díreach ón óstán?
in_scope	Taispeáin dom óstáin a bhfuil cosáin siúil in aice leo.
in_scope	An féidir liom dul ag marcaíocht le linn mo thréimhse san óstán?
in_scope	Táim ag lorg óstáin a bhfuil cáil ar a gcócaireacht i Salzburg.
in_scope	Óstán do dhaoine fásta amháin a bhfuil linn aige, le do thoil.
in_scope	An mbíonn leathbhord mar chuid den fhanacht?
in_scope	Inis tuilleadh dom faoi Nesslerhof.
in_scope	Cad go díreach a chuireann Gmachl ar fáil?
in_scope	Liostaigh na háiseanna ag Krallerhof.
in_scope	Ba bhreá liom seomra le radharc ar an sliabh.
in_scope	Conas a shroichim an t-óstán i Lermoos?
in_scope	An bhfuil fáilte roimh mhadraí sna hóstáin?
in_scope	An bhfuil óstáin atá oiriúnach do theaghlaigh agaibh?
in_scope	Cé na hóstáin i Salzburg atá ar bhur liosta?
in_scope	Cé mhéad óstán a chlúdaíonn sibh i Tyrol?
in_scope	An bhfuil óstán spa ann a mholfá i Carinthia?
in_scope	Mol óstán wellness i South Tyrol, le do thoil.
in_scope	Teastaíonn teach ciúin uaim le haghaidh scíthe ceart.
in_scope	Cén t-óstán a bhfuil an limistéar spa is mó aige?
in_scope	Cé chomh fada ón óstán go dtí an fhána?
in_scope	Táimid ag pleanáil saoire siúlóide samhraidh le wellness.
in_scope	Óstán a bhfuil bialann gourmet dáiríre aige.
in_scope	An bhfuil bricfeasta san áireamh sa táille?
in_scope	Teastaíonn seomra teaghlaigh uainn in óstán wellness.
in_scope	An bhfuil clár do pháistí ag an óstán?
in_scope	Táim ag lorg óstán wellness atá inrochtana do chathaoir rothaí.
in_scope	Cén uair a bhíonn na hinsiltí sabhna um thráthnóna?
in_scope	An féidir liom suathaireacht a chur in áirithe roimh ré?
in_scope	Cad a mholfá in aice le Innsbruck?
in_scope	Teastaíonn seachtain iomlán wellness uaim i Styria.
in_scope	Fanacht spa sna Dolomites, más é do thoil é.
in_scope	Cabhraigh liom fanacht wellness a phleanáil san Ötztal.
in_scope	Inis dom faoi Alpbacherhof.
in_scope	Teastaíonn eolas uaim faoi Waldklause.
in_scope	Cad a fhágann Hochschober speisialta?
in_scope	An féidir liom teacht ar an óstán ar an traein?
in_scope	An bhfuil páirceáil ar fáil ag an óstán?
in_scope	Seomra le balcóin ag féachaint amach ar na sléibhte.
in_scope	Ba mhaith linn sciáil agus wellness a chur le chéile in aon turas amháin.
in_scope	Tá suim agam an bhféadfadh aíonna sciáil suas chomh fada leis an bhfoirgneamh.
in_scope	Sos gairid wellness sna sléibhte agus sin é.
in_scope	An bhfuil aon rud fiú a fhios faoi óstáin sa Zillertal?
in_scope	Cad iad na hóstáin wellness is láidre in Austria?
in_scope	An bhfuil seomra aclaíochta ag an óstán?
in_scope	An bhfuil folcadán gaile ar an láthair?
in_scope	An bhfuil whirlpool agaibh sa spa?
in_scope	Pacáistí spa do lánúineacha le haghaidh deireadh seachtaine.
in_scope	Deireadh seachtaine rómánsúil wellness do bheirt.
in_scope	Cá bhfuil Wartherhof agus cén cineál wellness atá aige?
in_scope	Sonraí faoi Hotel Alpenrose.
in_scope	An bhfuil spa ag Sacher i Seefeld?
in_scope	Cé chomh fada ón óstán go lár an tsráidbhaile?
out_of_scope	Cén sórt aimsire a bheidh i Berlin amárach?
out_of_scope	Scríobh feidhm Python a shórtálann liosta.
out_of_scope	Cé a bhuaigh an Tour de France is déanaí?
out_of_scope	Mínigh Windows 11 i dteanga shimplí.
out_of_scope	Teastaíonn oideas uaim do strúdal úll.
out_of_scope	Cad é praghas Bitcoin inniu?
out_of_scope	Cad é príomhchathair na Fraince?
out_of_scope	Conas a oibríonn an fhótaisintéis i bplandaí?
out_of_scope	Cé a bhuaigh Wimbledon anuraidh?
out_of_scope	Conas a chomhdaím tuairisceán cánach ioncaim?
out_of_scope	Conas a thiúnaím giotár fuaimiúil?
out_of_scope	Cé mhéad RAM ba chóir a bheith ag eagarthóir físeáin?
out_of_scope	Cabhraigh liom litir iarratais poist a dhréachtú.
out_of_scope	Conas a athshocraím ródairí Wi-Fi baile?
out_of_scope	Cé a bhuaigh Corn an Domhain peile 2022?
out_of_scope	Cé a bhuaigh an grand prix Formula 1 is déanaí?
out_of_scope	Cén náisiún a bhí ar bharr tábla na mbonn Oilimpeach deireanach?
out_of_scope	Cé a bhuaigh an Eurovision Song Contest is déanaí?
out_of_scope	Cé a bhuaigh Maratón Chathair Nua-Eabhrac?
out_of_scope	Cé hé curadh reatha fichille an domhain?
out_of_scope	Mínigh ríomhaireacht chandamach do dhuine atá ag tosú amach.
out_of_scope	Conas is féidir liom trátaí a fhás ar bhalcóin?
out_of_scope	Conas a dhéanfaidh mé taos pizza ón tús?
out_of_scope	Cén t-am é i Tokyo faoi láthair?
out_of_scope	Conas a athraím bonn pollta cairr?
out_of_scope	Mol scannán maith ficsean eolaíochta.
out_of_scope	Cad é bealach éifeachtach chun Seapáinis a fhoghlaim?
out_of_scope	Mínigh cad a dhéanann inner join SQL.
out_of_scope	Conas a shuiteálaim Linux ar ríomhaire glúine?
out_of_scope	Cad ba chúis le titim Impireacht na Róimhe?
out_of_scope	Réitigh an chothromóid chearnach seo, le do thoil.
out_of_scope	Conas a bhácálaim builín aráin géir?
out_of_scope	Cad é ráta malairte USD go EUR inniu?
out_of_scope	Conas a oibríonn inneall ceithre bhuille?
out_of_scope	Cé a scríobh an dráma Hamlet?
out_of_scope	Conas a chruthaím stór nua Git?
out_of_scope	Cad iad comharthaí easpa vitimín D?
out_of_scope	Conas ba chóir dom oiliúint a dhéanamh le haghaidh rith cúig chiliméadar?
out_of_scope	Cad é daonra Cheanada?
out_of_scope	Conas a dheisím sconna atá ag sileadh?
out_of_scope	Aistrigh an abairt seo go Laidin.
out_of_scope	Cén ríomhaire glúine is fearr do mhic léinn ríomheolaíochta?
out_of_scope	Conas a chruthaítear poill dhubha?
out_of_scope	Cén uair a seoladh an chéad iPhone?
out_of_scope	Conas a dhéanaim múirín as fuílleach glasraí?
out_of_scope	Múin bunrialacha na fichille dom.
out_of_scope	Conas a laghdaíonn boilsciú luach an choigiltis?
out_of_scope	Ainmnigh pláinéid an ghrianchórais in ord.
out_of_scope	Conas a bhainim malware de ríomhaire Windows?
out_of_scope	Cén fáth a bhfiuchann uisce ag teocht níos ísle sna sléibhte?
out_of_scope	Conas a dhéanaim croiseáil ar scairf simplí?
out_of_scope	Déan achoimre ar phlota Nineteen Eighty-Four.
out_of_scope	Conas a ríomhtar ús cumaisc?
out_of_scope	Cad é an difríocht idir HTTP agus HTTPS?
out_of_scope	Conas a thosaím gairdín beag glasraí?
out_of_scope	Cé a phéinteáil an Mona Lisa?
out_of_scope	Conas a athraím slabhra rothair?
out_of_scope	Déan cur síos ar mheaisínfhoghlaim i mír ghearr amháin.
out_of_scope	Conas a dhéanaim iarratas ar phas?
out_of_scope	Cén fáth a mbíonn an spéir gorm i rith an lae?
out_of_scope	Conas a nascaim printéir le cábla USB?
out_of_scope	Cé na comhábhair a théann in anlann béchamel?
out_of_scope	Cé chomh fada is atá eitilt ó Vín go Nua-Eabhrac?
out_of_scope	Mínigh timthriall an uisce do pháiste.
in_scope	Wellness szállodát keresek szaunával Tyrolban.
in_scope	Vannak olyan szállodák, ahol beltéri medence van?
in_scope	Mely házaknál kérhető masszázs?
in_scope	Olyan tartózkodást szeretnék, amelyhez hammam is jár.
in_scope	Hol lehet infinity medencében úszni egy szállodában?
in_scope	Ismersz olyan szállodát, ahol jógafoglalkozásokat tartanak?
in_scope	Léteznek olyan szállodák, ahonnan síléccel ki és be lehet csúszni?
in_scope	Mely szállodák fekszenek közvetlenül a pályán?
in_scope	Elsíelhetnek a vendégek egészen a szálloda bejáratáig?
in_scope	Szállásra van szükségem egy sífelvonó mellett.
in_scope	Olyan téli vakációt szeretnénk, amely a spát a síeléssel keveri.
in_scope	Mely ingatlanoknak van síszobája a felszerelésnek?
in_scope	Lehet-e túrázni egyenesen a szállodából?
in_scope	Mutass olyan szállodákat, amelyek közelében sétálóösvények futnak.
in_scope	Mehetek lovagolni, amíg a szállodában lakom?
in_scope	Salzburgban a konyhájukról híres szállodákat keresek.
in_scope	Kizárólag felnőtteknek szóló, medencés szállodát kérek.
in_scope	Jár-e félpanzió a tartózkodáshoz?
in_scope	Mesélj bővebben a Nesslerhofról.
in_scope	Mit kínál valójában a Gmachl?
in_scope	Sorold fel, milyen létesítmények vannak a Krallerhofban.
in_scope	Hegyi kilátásos szobát szeretnék.
in_scope	Hogyan jutok el a Lermoosban lévő szállodához?
in_scope	Szívesen látják a kutyákat a szállodákban?
in_scope	Vannak családbarát szállodáitok?
in_scope	A listátokon mely salzburgi szállodák szerepelnek?
in_scope	Hány szállodát fedtek le Tyrolban?
in_scope	Van Carinthiában olyan spa szálloda, amelyet ajánlanál?
in_scope	Ajánlj egy wellness szállodát South Tyrolban.
in_scope	Csendes házat keresek, ahol igazán ki lehet pihenni.
in_scope	Melyik szállodának van a legnagyobb spa területe?
in_scope	Milyen messze van a lejtő a szállodától?
in_scope	Nyári túrás vakációt tervezünk wellnessel kiegészítve.
in_scope	Olyan szálloda kellene, ahol komoly gourmet étterem van.
in_scope	Benne van a reggeli az árban?
in_scope	Családi szobára van szükségünk egy wellness szállodában.
in_scope	Van gyerekprogram a szállodában?
in_scope	Kerekesszékkel akadálymentes wellness szállodát keresek.
in_scope	Mikor tartják az esti szaunaaufgussokat?
in_scope	Lehet masszázst előre lefoglalni?
in_scope	Mit javasolnál Innsbruck környékén?
in_scope	Egy teljes wellness hetet szeretnék Styriában.
in_scope	Spa tartózkodást kérek a Dolomitesben.
in_scope	Segíts megtervezni egy wellness tartózkodást az Ötztalban.
in_scope	Mesélj az Alpbacherhofról.
in_scope	Információra van szükségem a Waldklause-ról.
in_scope	Mi teszi különlegessé a Hochschobert?
in_scope	Megérkezhetek vonattal a szállodához?
in_scope	Van parkolási lehetőség a szállodánál?
in_scope	Szoba erkélylyel, ahonnan a hegyekre látni.
in_scope	Egy utazásban szeretnénk összehozni a síelést és a wellnesst.
in_scope	Az érdekel, hogy a vendégek fel tudnak-e síelni az épületig.
in_scope	Csak egy rövid wellness szünetet szeretnék a hegyekben.
in_scope	Van valami, amit érdemes tudni a Zillertal szállodáiról?
in_scope	Melyek Austria legerősebb wellness szállodái?
in_scope	Van a szállodának fitness terme?
in_scope	Van gőzfürdő a helyszínen?
in_scope	Van pezsgőfürdő a spában?
in_scope	Páros spa csomagok egy hétvégére.
in_scope	Romantikus wellness hétvége kettesben.
in_scope	Hol van a Wartherhof, és milyen wellnesst kínál?
in_scope	Részletek a Hotel Alpenrose-ról.
in_scope	Van spája a seefeldi Sachernek?
in_scope	Milyen messze van a szálloda a falu központjától?
out_of_scope	Milyen idő lesz holnap Berlinben?
out_of_scope	Írj egy Python függvényt, amely rendez egy listát.
out_of_scope	Ki nyerte a legutóbbi Tour de France-t?
out_of_scope	Magyarázd el egyszerűen, mi a Windows 11.
out_of_scope	Kellene egy recept almás réteshez.
out_of_scope	Mennyi ma a Bitcoin árfolyama?
out_of_scope	Mi Franciaország fővárosa?
out_of_scope	Hogyan működik a fotoszintézis a növényekben?
out_of_scope	Ki nyerte tavaly a Wimbledont?
out_of_scope	Hogyan kell személyijövedelemadó-bevallást benyújtani?
out_of_scope	Hogyan hangoljak be egy akusztikus gitárt?
out_of_scope	Mennyi RAM kellene egy videószerkesztőnek?
out_of_scope	Segíts megfogalmazni egy álláspályázati levelet.
out_of_scope	Hogyan állítsam vissza otthoni Wi-Fi routert?
out_of_scope	Ki nyerte a 2022-es labdarúgó-világbajnokságot?
out_of_scope	Ki nyerte a legutóbbi Formula 1 nagydíjat?
out_of_scope	Melyik nemzet állt az élen a legutóbbi olimpiai éremtáblázaton?
out_of_scope	Ki nyerte a legutóbbi Eurovision dalfesztivált?
out_of_scope	Ki nyerte a New York-i maratont?
out_of_scope	Ki a jelenlegi sakkvilágbajnok?
out_of_scope	Magyarázd el a kvantumszámítást valakinek, aki teljesen kezdő.
out_of_scope	Hogyan lehet paradicsomot termeszteni erkélyen?
out_of_scope	Hogyan készítsek pizza tésztát alapanyagokból?
out_of_scope	Mennyi az idő most Tokyóban?
out_of_scope	Hogyan cseréljek le egy defektes autógumit?
out_of_scope	Ajánlj egy jó science-fiction filmet.
out_of_scope	Mi a hatékony módja a japán tanulásának?
out_of_scope	Magyarázd el, mit csinál egy SQL inner join.
out_of_scope	Hogyan telepítsek Linuxot egy laptopra?
out_of_scope	Mi vezetett a Római Birodalom bukásához?
out_of_scope	Oldd meg kérlek ezt a másodfokú egyenletet.
out_of_scope	Hogyan süssek egy kovászos kenyeret?
out_of_scope	Mennyi ma a USD–EUR árfolyam?
out_of_scope	Hogyan működik egy négyütemű motor?
out_of_scope	Ki írta a Hamlet című színdarabot?
out_of_scope	Hogyan hozok létre egy új Git tárolót?
out_of_scope	Mik a D-vitamin-hiány jelei?
out_of_scope	Hogyan készüljek fel egy öt kilométeres futásra?
out_of_scope	Mekkora Kanada népessége?
out_of_scope	Hogyan javítsak meg egy csöpögő csapot?
out_of_scope	Fordítsd le ezt a mondatot latinra.
out_of_scope	Melyik laptop a legjobb informatika szakos hallgatóknak?
out_of_scope	Hogyan jönnek létre a fekete lyukak?
out_of_scope	Mikor jelent meg az első iPhone?
out_of_scope	Hogyan komposztáljak zöldségmaradékot?
out_of_scope	Tanítsd meg a sakk alapvető szabályait.
out_of_scope	Hogyan csökkenti az infláció a megtakarítások értékét?
out_of_scope	Nevezd meg sorban a Naprendszer bolygóit.
out_of_scope	Hogyan távolítsak el kártevőt egy Windowsos PC-ről?
out_of_scope	Miért forr alacsonyabb hőmérsékleten a víz a hegyekben?
out_of_scope	Hogyan horgoljak egy egyszerű sálat?
out_of_scope	Foglald össze a Nineteen Eighty-Four cselekményét.
out_of_scope	Hogyan számítják a kamatos kamatot?
out_of_scope	Mi a különbség a HTTP és a HTTPS között?
out_of_scope	Hogyan kezdjek el egy kis zöldségeskertet?
out_of_scope	Ki festette a Mona Lisát?
out_of_scope	Hogyan cseréljem ki a kerékpár láncát?
out_of_scope	Írd le egy rövid bekezdésben, mi a gépi tanulás.
out_of_scope	Hogyan igényelhetek útlevelet?
out_of_scope	Miért kék az ég nappal?
out_of_scope	Hogyan csatlakoztassak egy nyomtatót USB-kábellel?
out_of_scope	Milyen hozzávalókból készül a besamel mártás?
out_of_scope	Mennyi ideig tart egy Bécs–New York-i repülőút?
out_of_scope	Magyarázd el egy gyereknek a víz körforgását.
in_scope	Ég leita að vellíðunarhóteli með sauna í Tyrol.
in_scope	Eru til hótel sem hafa innilaug?
in_scope	Hvaða hús bjóða upp á nudd?
in_scope	Ég vil dvöl sem innifelur hammam.
in_scope	Hvar get ég synt í infinity-laug á hóteli?
in_scope	Þekkirðu hótel sem heldur jógatíma?
in_scope	Eru til hótel sem hægt er að skíða inn og út úr?
in_scope	Hvaða hótel liggja beint við skíðabrekkuna?
in_scope	Geta gestir skíðað alla leið að inngangi hótelsins?
in_scope	Ég þarf gistingu við hliðina á skíðalyftu.
in_scope	Við viljum vetrarfrí sem blandar spa og skíði.
in_scope	Hvaða eignir hafa skíðageymslu fyrir búnað?
in_scope	Er hægt að ganga beint frá hótelinu?
in_scope	Sýndu mér hótel með göngustígum í grenndinni.
in_scope	Get ég farið á hestbak á meðan ég dvel á hótelinu?
in_scope	Ég leita að hótelum í Salzburg sem eru þekkt fyrir matinn.
in_scope	Hótel eingöngu fyrir fullorðna með sundlaug, takk.
in_scope	Fylgir hálft fæði með dvölinni?
in_scope	Segðu mér meira um Nesslerhof.
in_scope	Hvað býður Gmachl eiginlega upp á?
in_scope	Teldu upp aðstöðuna á Krallerhof.
in_scope	Ég vil herbergi með útsýni til fjalla.
in_scope	Hvernig kemst ég á hótelið í Lermoos?
in_scope	Eru hundar velkomnir á hótelunum?
in_scope	Hafið þið fjölskylduvæn hótel?
in_scope	Hvaða hótel í Salzburg eru á listanum ykkar?
in_scope	Hversu mörgum hótelum sinnið þið í Tyrol?
in_scope	Er spa-hótel sem þú myndir mæla með í Carinthia?
in_scope	Mæltu með vellíðunarhóteli í South Tyrol.
in_scope	Ég þarf kyrrlátt hús til almennilegrar hvíldar.
in_scope	Hvaða hótel hefur stærsta spa-svæðið?
in_scope	Hversu langt er frá hótelinu að brekkunni?
in_scope	Við erum að skipuleggja sumargöngufrí með vellíðun.
in_scope	Hótel með alvöru gourmet-veitingastað.
in_scope	Er morgunmatur innifalinn í verðinu?
in_scope	Við þurfum fjölskylduherbergi á vellíðunarhóteli.
in_scope	Er barnadagskrá á hótelinu?
in_scope	Ég leita að vellíðunarhóteli sem er aðgengilegt fyrir hjólastóla.
in_scope	Hvenær eru kvöldhellingarnar í saununni?
in_scope	Get ég pantað nudd fyrirfram?
in_scope	Hvað myndirðu stinga upp á nálægt Innsbruck?
in_scope	Ég vil heila vellíðunarviku í Styria.
in_scope	Spa-dvöl í Dolomites, takk.
in_scope	Hjálpaðu mér að skipuleggja vellíðunardvöl í Ötztal.
in_scope	Segðu mér frá Alpbacherhof.
in_scope	Ég þarf upplýsingar um Waldklause.
in_scope	Hvað gerir Hochschober sérstakt?
in_scope	Get ég komist á hótelið með lestarferð?
in_scope	Er bílastæði við hótelið?
in_scope	Herbergi með svalir sem snúa að fjöllunum.
in_scope	Við viljum sameina skíði og vellíðun í einni ferð.
in_scope	Mig langar að vita hvort gestir geti skíðað alla leið að byggingunni.
in_scope	Bara stuttur vellíðunarpása í fjöllunum.
in_scope	Eitthvað sem er vert að vita um hótel í Zillertal?
in_scope	Hver eru sterkustu vellíðunarhótelin í Austria?
in_scope	Er líkamsræktarherbergi á hótelinu?
in_scope	Er gufubað á staðnum?
in_scope	Hafið þið heitan pott í spanu?
in_scope	Parapakkar í spa fyrir helgi.
in_scope	Rómantísk vellíðunarhelgi fyrir tvo.
in_scope	Hvar er Wartherhof og hvaða vellíðun býður það upp á?
in_scope	Upplýsingar um Hotel Alpenrose.
in_scope	Hefur Sacher í Seefeld spa?
in_scope	Hversu langt er hótelið frá miðbæ þorpsins?
out_of_scope	Hvernig verður veðrið í Berlin á morgun?
out_of_scope	Skrifaðu Python-fall sem raðar lista.
out_of_scope	Hver vann síðustu Tour de France?
out_of_scope	Útskýrðu Windows 11 á einföldu máli.
out_of_scope	Ég þarf uppskrift að eplastrúðlu.
out_of_scope	Hvert er Bitcoin-verðið í dag?
out_of_scope	Hvað er höfuðborg Frakklands?
out_of_scope	Hvernig virkar ljóstillífun í plöntum?
out_of_scope	Hver vann Wimbledon í fyrra?
out_of_scope	Hvernig skila ég skattframtali?
out_of_scope	Hvernig stilli ég hljóðgítar?
out_of_scope	Hversu mikið vinnsluminni ætti myndbandsritstjóri að hafa?
out_of_scope	Hjálpaðu mér að semja atvinnuumsókn.
out_of_scope	Hvernig endurstilli ég heima-Wi-Fi-beini?
out_of_scope	Hver vann heimsmeistaramótið í knattspyrnu 2022?
out_of_scope	Hver vann síðasta Formula 1-stórverðlaun?
out_of_scope	Hvaða þjóð tróndi á toppi síðustu ólympísku verðlaunatöflu?
out_of_scope	Hver vann síðustu Eurovision Song Contest?
out_of_scope	Hver vann New York City Marathon?
out_of_scope	Hver er núverandi heimsmeistari í skák?
out_of_scope	Útskýrðu skammtatölvun fyrir algjöran byrjanda.
out_of_scope	Hvernig get ég ræktað tómata á svölum?
out_of_scope	Hvernig geri ég pizzadeig frá grunni?
out_of_scope	Hvað er klukkan í Tokyo núna?
out_of_scope	Hvernig skipti ég um sprungið bíldekk?
out_of_scope	Mæltu með góðri vísindaskáldsögu-kvikmynd.
out_of_scope	Hvað er skilvirk leið til að læra japönsku?
out_of_scope	Útskýrðu hvað SQL inner join gerir.
out_of_scope	Hvernig set ég Linux upp á fartölvu?
out_of_scope	Hvað olli falli Rómaveldis?
out_of_scope	Leystu þessa annars stigs jöfnu, takk.
out_of_scope	Hvernig baka ég súrdeigsbrauð?
out_of_scope	Hvert er gengi USD yfir í EUR í dag?
out_of_scope	Hvernig virkar fjögurra takta vél?
out_of_scope	Hver skrifaði leikritið Hamlet?
out_of_scope	Hvernig bý ég til nýtt Git-safn?
out_of_scope	Hver eru merki um D-vítamínskort?
out_of_scope	Hvernig ætti ég að æfa fyrir fimm kílómetra hlaup?
out_of_scope	Hver er íbúafjöldi Kanada?
out_of_scope	Hvernig laga ég dropandi krana?
out_of_scope	Þýddu þessa setningu yfir á latínu.
out_of_scope	Hvaða fartölva hentar best tölvunarfræðinemum?
out_of_scope	Hvernig myndast svarthol?
out_of_scope	Hvenær kom fyrsta iPhone á markað?
out_of_scope	Hvernig molda ég grænmetisleifar?
out_of_scope	Kenndu mér grunnreglur skákar.
out_of_scope	Hvernig rýrir verðbólga verðmæti sparnaðar?
out_of_scope	Nefndu reikistjörnur sólkerfisins í röð.
out_of_scope	Hvernig fjarlægi ég spilliforrit af Windows-tölvu?
out_of_scope	Af hverju sýður vatn við lægra hitastig í fjöllum?
out_of_scope	Hvernig hekla ég einfalt sjal?
out_of_scope	Dragðu saman söguþráð Nineteen Eighty-Four.
out_of_scope	Hvernig eru vaxtavextir reiknaðir?
out_of_scope	Hver er munurinn á HTTP og HTTPS?
out_of_scope	Hvernig byrja ég lítinn matjurtagarð?
out_of_scope	Hver málaði Mona Lisa?
out_of_scope	Hvernig skipti ég um keðju á reiðhjóli?
out_of_scope	Lýstu vélanámi í einni stuttri málsgrein.
out_of_scope	Hvernig sæki ég um vegabréf?
out_of_scope	Af hverju er himinninn blár á daginn?
out_of_scope	Hvernig tengi ég prentara með USB-snúru?
out_of_scope	Hvaða hráefni fara í béchamelsósu?
out_of_scope	Hversu löng er flugferð frá Vín til New York?
out_of_scope	Útskýrðu hringrás vatnsins fyrir barn.
in_scope	Cerco un hotel wellness con sauna in Tyrol.
in_scope	Ci sono hotel che hanno una piscina coperta?
in_scope	Quali case offrono massaggi?
in_scope	Voglio un soggiorno che includa un hammam.
in_scope	Dove posso nuotare in una piscina infinity in un hotel?
in_scope	Conosci un hotel che organizza sessioni di yoga?
in_scope	Ci sono hotel in cui si può entrare e uscire sciando?
in_scope	Quali hotel si trovano direttamente sulla pista?
in_scope	Gli ospiti possono sciare fino all'ingresso dell'hotel?
in_scope	Mi serve un alloggio accanto a un impianto di risalita.
in_scope	Vogliamo una vacanza invernale che unisca spa e sci.
in_scope	Quali strutture hanno un locale sci per l'attrezzatura?
in_scope	Si può fare trekking partendo direttamente dall'hotel?
in_scope	Mostrami hotel con sentieri nelle vicinanze.
in_scope	Posso andare a cavallo durante il soggiorno in hotel?
in_scope	Cerco hotel noti per la loro cucina a Salzburg.
in_scope	Un hotel solo per adulti con piscina, per favore.
in_scope	La mezza pensione è compresa nel soggiorno?
in_scope	Dimmi di più su Nesslerhof.
in_scope	Cosa offre davvero Gmachl?
in_scope	Elenca le strutture di Krallerhof.
in_scope	Vorrei una camera con vista sulla montagna.
in_scope	Come si raggiunge l'hotel a Lermoos?
in_scope	I cani sono i benvenuti negli hotel?
in_scope	Avete hotel adatti alle famiglie?
in_scope	Quali hotel di Salzburg sono nella vostra lista?
in_scope	Quanti hotel coprite in Tyrol?
in_scope	C'è un hotel spa che consiglieresti in Carinthia?
in_scope	Consiglia un hotel wellness in South Tyrol.
in_scope	Mi serve una casa tranquilla per un vero riposo.
in_scope	Quale hotel ha l'area spa più grande?
in_scope	Quanto dista l'hotel dalla pista?
in_scope	Stiamo pianificando una vacanza estiva di trekking con wellness.
in_scope	Un hotel con un ristorante gourmet serio.
in_scope	La colazione è inclusa nella tariffa?
in_scope	Ci serve una camera familiare in un hotel wellness.
in_scope	C'è un programma per bambini in hotel?
in_scope	Cerco un hotel wellness accessibile in sedia a rotelle.
in_scope	A che ora sono le infusioni di sauna serali?
in_scope	Posso prenotare un massaggio in anticipo?
in_scope	Cosa mi suggeriresti vicino a Innsbruck?
in_scope	Voglio una settimana intera di wellness in Styria.
in_scope	Un soggiorno spa nelle Dolomites, per favore.
in_scope	Aiutami a pianificare un soggiorno wellness in Ötztal.
in_scope	Parlami di Alpbacherhof.
in_scope	Mi servono informazioni su Waldklause.
in_scope	Cosa rende speciale Hochschober?
in_scope	Posso arrivare in hotel in treno?
in_scope	C'è parcheggio all'hotel?
in_scope	Una camera con balcone verso le montagne.
in_scope	Vogliamo unire sci e wellness in un unico viaggio.
in_scope	Mi interessa sapere se gli ospiti possono sciare fino all'edificio.
in_scope	Solo una breve pausa wellness in montagna.
in_scope	C'è qualcosa da sapere sugli hotel nello Zillertal?
in_scope	Quali sono gli hotel wellness più solidi in Austria?
in_scope	L'hotel ha una palestra?
in_scope	C'è un bagno turco in loco?
in_scope	Avete un whirlpool nella spa?
in_scope	Pacchetti spa per coppie per un weekend.
in_scope	Un weekend wellness romantico per due.
in_scope	Dov'è Wartherhof e quale wellness offre?
in_scope	Dettagli su Hotel Alpenrose.
in_scope	Sacher a Seefeld ha una spa?
in_scope	Quanto dista l'hotel dal centro del paese?
out_of_scope	Che tempo farà domani a Berlin?
out_of_scope	Scrivi una funzione Python che ordina una lista.
out_of_scope	Chi ha vinto l'ultimo Tour de France?
out_of_scope	Spiega Windows 11 in un linguaggio semplice.
out_of_scope	Mi serve una ricetta per lo strudel di mele.
out_of_scope	Qual è il prezzo di Bitcoin oggi?
out_of_scope	Qual è la capitale della Francia?
out_of_scope	Come funziona la fotosintesi nelle piante?
out_of_scope	Chi ha vinto Wimbledon l'anno scorso?
out_of_scope	Come si presenta la dichiarazione dei redditi?
out_of_scope	Come si accorda una chitarra acustica?
out_of_scope	Quanta RAM dovrebbe avere un video editor?
out_of_scope	Aiutami a stendere una lettera di candidatura.
out_of_scope	Come si reimposta un router Wi-Fi di casa?
out_of_scope	Chi ha vinto i Mondiali di calcio del 2022?
out_of_scope	Chi ha vinto l'ultimo gran premio di Formula 1?
out_of_scope	Quale nazione ha guidato l'ultimo medagliere olimpico?
out_of_scope	Chi ha vinto l'ultimo Eurovision Song Contest?
out_of_scope	Chi ha vinto la maratona di New York?
out_of_scope	Chi è l'attuale campione del mondo di scacchi?
out_of_scope	Spiega il calcolo quantistico a un principiante assoluto.
out_of_scope	Come posso coltivare i pomodori su un balcone?
out_of_scope	Come si fa l'impasto della pizza da zero?
out_of_scope	Che ora è adesso a Tokyo?
out_of_scope	Come si cambia una gomma a terra?
out_of_scope	Consiglia un buon film di fantascienza.
out_of_scope	Qual è un modo efficiente per imparare il giapponese?
out_of_scope	Spiega cosa fa un inner join in SQL.
out_of_scope	Come si installa Linux su un portatile?
out_of_scope	Cosa ha portato alla caduta dell'Impero romano?
out_of_scope	Per favore risolvi questa equazione di secondo grado.
out_of_scope	Come si cuoce un pane a lievitazione naturale?
out_of_scope	Qual è il tasso di cambio USD verso EUR oggi?
out_of_scope	Come funziona un motore a quattro tempi?
out_of_scope	Chi ha scritto l'opera teatrale Hamlet?
out_of_scope	Come si crea un nuovo repository Git?
out_of_scope	Quali sono i segni di una carenza di vitamina D?
out_of_scope	Come dovrei allenarmi per una corsa di cinque chilometri?
out_of_scope	Qual è la popolazione del Canada?
out_of_scope	Come si ripara un rubinetto che gocciola?
out_of_scope	Traduci questa frase in latino.
out_of_scope	Quale portatile è il migliore per gli studenti di informatica?
out_of_scope	Come si formano i buchi neri?
out_of_scope	Quando è uscito il primo iPhone?
out_of_scope	Come si compostano gli scarti di verdura?
out_of_scope	Insegnami le regole di base degli scacchi.
out_of_scope	In che modo l'inflazione riduce il valore dei risparmi?
out_of_scope	Elenca i pianeti del sistema solare in ordine.
out_of_scope	Come si rimuove un malware da un PC Windows?
out_of_scope	Perché l'acqua bolle a una temperatura più bassa in montagna?
out_of_scope	Come si fa all'uncinetto una sciarpa semplice?
out_of_scope	Riassumi la trama di Nineteen Eighty-Four.
out_of_scope	Come si calcola l'interesse composto?
out_of_scope	Qual è la differenza tra HTTP e HTTPS?
out_of_scope	Come si inizia un piccolo orto?
out_of_scope	Chi ha dipinto la Mona Lisa?
out_of_scope	Come si sostituisce la catena di una bicicletta?
out_of_scope	Descrivi il machine learning in un breve paragrafo.
out_of_scope	Come si fa domanda per un passaporto?
out_of_scope	Perché il cielo è blu durante il giorno?
out_of_scope	Come si collega una stampante con un cavo USB?
out_of_scope	Quali ingredienti servono per la salsa béchamel?
out_of_scope	Quanto dura un volo da Vienna a New York?
out_of_scope	Spiega il ciclo dell'acqua a un bambino.
in_scope	Ieškau sveikatingumo viešbučio su pirtimi Tyrol.
in_scope	Ar yra viešbučių, kuriuose įrengtas vidaus baseinas?
in_scope	Kurie namai siūlo masažus?
in_scope	Noriu viešnagės, į kurią įeina hamamas.
in_scope	Kur viešbutyje galima plaukioti begaliniame baseine?
in_scope	Ar žinote viešbutį, kuriame vedamos jogos pamokos?
in_scope	Ar būna viešbučių, į kuriuos ir iš kurių nušliuožiama slidėmis?
in_scope	Kurie viešbučiai stovi tiesiai prie slidžių trasos?
in_scope	Ar svečiai gali nušliuožti iki pat viešbučio durų?
in_scope	Man reikia nakvynės šalia slidinėjimo keltuvo.
in_scope	Norime žiemos atostogų, kuriose dera SPA ir slidinėjimas.
in_scope	Kuriose sodybose yra slidžių kambarys inventoriui?
in_scope	Ar žygiai pėsčiomis įmanomi tiesiai nuo viešbučio?
in_scope	Parodykite viešbučius, šalia kurių eina pėsčiųjų takai.
in_scope	Ar per viešnagę viešbutyje galima jodinėti?
in_scope	Salzburg ieškau viešbučių, garsių savo virtuve.
in_scope	Prašom viešbučio tik suaugusiesiems, su baseinu.
in_scope	Ar pusryčiai ir vakarienė įeina į viešnagę?
in_scope	Papasakokite plačiau apie Nesslerhof.
in_scope	Ką iš tikrųjų siūlo Gmachl?
in_scope	Išvardykite, kokie patogumai yra Krallerhof.
in_scope	Norėčiau kambario su vaizdu į kalnus.
in_scope	Kaip nuvykti iki viešbučio Lermoos?
in_scope	Ar šunys laukiami tuose viešbučiuose?
in_scope	Ar turite viešbučių, tinkamų šeimoms?
in_scope	Kurie Salzburg viešbučiai yra jūsų sąraše?
in_scope	Kiek viešbučių apimates Tyrol?
in_scope	Ar Carinthia turite rekomenduoti kokį nors SPA viešbutį?
in_scope	Pasiūlykite sveikatingumo viešbutį South Tyrol.
in_scope	Man reikia ramaus namo tikram poilsiui.
in_scope	Kuris viešbutis turi didžiausią SPA zoną?
in_scope	Kokiu atstumu nuo viešbučio iki šlaito?
in_scope	Planuojame vasaros žygių atostogas su sveikatingumo procedūromis.
in_scope	Reikia viešbučio su rimtu gurmanišku restoranu.
in_scope	Ar pusryčiai įskaičiuoti į kainą?
in_scope	Mums reikia šeimyninio kambario sveikatingumo viešbutyje.
in_scope	Ar viešbutyje vyksta programa vaikams?
in_scope	Ieškau sveikatingumo viešbučio, pritaikyto vežimėliui.
in_scope	Kada vakare vyksta pirties užpylimai?
in_scope	Ar masažą galima rezervuoti iš anksto?
in_scope	Ką patartumėte rinktis netoli Innsbruck?
in_scope	Noriu visos sveikatingumo savaitės Styria.
in_scope	Prašom SPA viešnagės Dolomites.
in_scope	Padėkite sudėlioti sveikatingumo viešnagę Ötztal.
in_scope	Papasakokite apie Alpbacherhof.
in_scope	Man reikia žinių apie Waldklause.
in_scope	Kas Hochschober daro ypatingą?
in_scope	Ar į viešbutį galima atvykti traukiniu?
in_scope	Ar prie viešbučio yra automobilių stovėjimo vieta?
in_scope	Kambarys su balkonu, atsuktu į kalnus.
in_scope	Norime vienoje kelionėje suderinti slidinėjimą ir sveikatingumą.
in_scope	Domiuosi, ar svečiams leidžiama nušliuožti iki pat pastato.
in_scope	Užtenka trumpos sveikatingumo pertraukos kalnuose.
in_scope	Ar verta ką nors žinoti apie viešbučius Zillertal?
in_scope	Kokie Austria sveikatingumo viešbučiai laikomi stipriausiais?
in_scope	Ar viešbutyje yra treniruoklių salė?
in_scope	Ar vietoje įrengta garinė pirtis?
in_scope	Ar SPA turite sūkurinę vonią?
in_scope	Poroms skirti SPA paketai savaitgaliui.
in_scope	Romantiškas sveikatingumo savaitgalis dviem.
in_scope	Kur stovi Wartherhof ir kokį sveikatingumą jis siūlo?
in_scope	Išsamiau apie Hotel Alpenrose.
in_scope	Ar Sacher Seefeld turi SPA?
in_scope	Kokiu atstumu viešbutis nuo kaimo centro?
out_of_scope	Kokie orai rytoj bus Berlin?
out_of_scope	Parašykite Python funkciją, kuri rūšiuoja sąrašą.
out_of_scope	Kas laimėjo paskutinį Tour de France?
out_of_scope	Paaiškinkite Windows 11 paprasta kalba.
out_of_scope	Reikia obuolių štrudelio recepto.
out_of_scope	Kokia šiandien Bitcoin kaina?
out_of_scope	Kuri yra Prancūzijos sostinė?
out_of_scope	Kaip augaluose vyksta fotosintezė?
out_of_scope	Kas pernai laimėjo Wimbledon?
out_of_scope	Kaip pateikti pajamų mokesčio deklaraciją?
out_of_scope	Kaip suderinti akustines gitaras?
out_of_scope	Kiek RAM turėtų turėti vaizdo montuotojas?
out_of_scope	Padėkite parengti motyvacinį laišką dėl darbo.
out_of_scope	Kaip atstatyti namų Wi-Fi maršrutizatorių?
out_of_scope	Kas laimėjo 2022 metų futbolo pasaulio čempionatą?
out_of_scope	Kas nugalėjo naujausiose Formula 1 lenktynėse?
out_of_scope	Kuri tauta vadovavo paskutinei olimpinei medalių lentelei?
out_of_scope	Kas laimėjo paskutinį Eurovision dainų konkursą?
out_of_scope	Kas nugalėjo Niujorko maratone?
out_of_scope	Kas dabar yra pasaulio šachmatų čempionas?
out_of_scope	Paaiškinkite kvantinį skaičiavimą tam, kas visai nieko apie tai nežino.
out_of_scope	Kaip balkone užsiauginti pomidorų?
out_of_scope	Kaip nuo nulio užmaišyti picos tešlą?
out_of_scope	Kiek dabar valandų Tokyo?
out_of_scope	Kaip pakeisti nuleistą automobilio padangą?
out_of_scope	Rekomenduokite gerą mokslinės fantastikos filmą.
out_of_scope	Koks veiksmingas būdas išmokti japonų kalbą?
out_of_scope	Paaiškinkite, ką daro SQL inner join.
out_of_scope	Kaip nešiojamajame kompiuteryje įdiegti Linux?
out_of_scope	Kas lėmė Romos imperijos žlugimą?
out_of_scope	Prašom išspręsti šią kvadratinę lygtį.
out_of_scope	Kaip iškepti raugintos duonos kepalą?
out_of_scope	Koks šiandien USD ir EUR kursas?
out_of_scope	Kaip veikia keturtaktis variklis?
out_of_scope	Kas parašė pjesę Hamlet?
out_of_scope	Kaip sukurti naują Git saugyklą?
out_of_scope	Kokie požymiai rodo vitamino D stygių?
out_of_scope	Kaip ruoštis penkių kilometrų bėgimui?
out_of_scope	Kiek gyventojų turi Kanada?
out_of_scope	Kaip pataisyti lašantį čiaupą?
out_of_scope	Išverskite šį sakinį į lotynų kalbą.
out_of_scope	Kuris nešiojamasis geriausiai tinka informatikos studentams?
out_of_scope	Kaip susidaro juodosios skylės?
out_of_scope	Kada pasirodė pirmasis iPhone?
out_of_scope	Kaip kompostuoti daržovių likučius?
out_of_scope	Išmokykite pagrindinių šachmatų taisyklių.
out_of_scope	Kaip infliacija sumažina santaupų vertę?
out_of_scope	Išvardykite Saulės sistemos planetas eilės tvarka.
out_of_scope	Kaip pašalinti kenkėjišką programą iš Windows kompiuterio?
out_of_scope	Kodėl kalnuose vanduo užverda žemesnėje temperatūroje?
out_of_scope	Kaip nėrimo būdu numegzti paprastą šaliką?
out_of_scope	Sutrumpinkite Nineteen Eighty-Four siužetą.
out_of_scope	Kaip apskaičiuojamos sudėtinės palūkanos?
out_of_scope	Kuo HTTP skiriasi nuo HTTPS?
out_of_scope	Kaip įsirengti nedidelį daržą?
out_of_scope	Kas nutapė Mona Lisa?
out_of_scope	Kaip pakeisti dviračio grandinę?
out_of_scope	Trumpa pastraipa apibūdinkite mašininį mokymąsi.
out_of_scope	Kaip pateikti prašymą pasui?
out_of_scope	Kodėl dieną dangus atrodo mėlynas?
out_of_scope	Kaip prijungti spausdintuvą USB laidu?
out_of_scope	Kokios sudedamosios dalys eina į besamelio padažą?
out_of_scope	Kiek trunka skrydis iš Vienos į Niujorką?
out_of_scope	Paaiškinkite vaikui vandens apytakos ratą.
in_scope	Meklēju veselības viesnīcu ar saunu Tyrol.
in_scope	Vai ir viesnīcas, kurās ir iekštelpu baseins?
in_scope	Kuras mājas piedāvā masāžas?
in_scope	Vēlos uzturēšanos, kurā iekļauts hammams.
in_scope	Kur viesnīcā varu peldēt bezgalības baseinā?
in_scope	Vai zināt viesnīcu, kurā notiek jogas nodarbības?
in_scope	Vai pastāv viesnīcas, kurās var iebraukt un izbraukt ar slēpēm?
in_scope	Kuras viesnīcas stāv tieši pie trases?
in_scope	Vai viesi var nobraukt ar slēpēm līdz pat viesnīcas ieejai?
in_scope	Man vajag naktsmītni blakus slēpošanas pacēlājam.
in_scope	Mēs gribam ziemas brīvdienas, kas sajauc SPA un slēpošanu.
in_scope	Kurām īpašumiem ir slēpju telpa ekipējumam?
in_scope	Vai pārgājieni ir iespējami tieši no viesnīcas?
in_scope	Parādiet viesnīcas, kuru tuvumā ir pastaigu takas.
in_scope	Vai viesnīcas uzturēšanās laikā varu jāt ar zirgiem?
in_scope	Salzburg meklēju viesnīcas, kas slavenas ar savu virtuvi.
in_scope	Lūdzu, tikai pieaugušajiem paredzētu viesnīcu ar baseinu.
in_scope	Vai puspansija ietilpst uzturēšanās cenā?
in_scope	Pastāstiet vairāk par Nesslerhof.
in_scope	Ko Gmachl patiesībā piedāvā?
in_scope	Uzskaitiet, kādas ērtības ir Krallerhof.
in_scope	Es vēlētos istabu ar skatu uz kalniem.
in_scope	Kā nokļūt līdz viesnīcai Lermoos?
in_scope	Vai suņi ir laipni gaidīti šajās viesnīcās?
in_scope	Vai jums ir ģimenēm draudzīgas viesnīcas?
in_scope	Kuras viesnīcas Salzburg ir jūsu sarakstā?
in_scope	Cik viesnīcu jūs aptverat Tyrol?
in_scope	Vai Carinthia ir kāda SPA viesnīca, ko ieteiktu?
in_scope	Iesakiet veselības viesnīcu South Tyrol.
in_scope	Man vajag klusu māju īstam atpūtas laikam.
in_scope	Kurai viesnīcai ir vislielākā SPA zona?
in_scope	Cik tālu no viesnīcas līdz nogāzei?
in_scope	Mēs plānojam vasaras pārgājienu brīvdienas kopā ar veselības procedūrām.
in_scope	Vajadzīga viesnīca ar nopietnu gurmanu restorānu.
in_scope	Vai brokastis ir iekļautas cenā?
in_scope	Mums vajag ģimenes istabu veselības viesnīcā.
in_scope	Vai viesnīcā ir bērnu programma?
in_scope	Meklēju veselības viesnīcu, kas pieejama ratiņkrēslam.
in_scope	Kad vakarā notiek saunas uzlējumi?
in_scope	Vai masāžu var rezervēt iepriekš?
in_scope	Ko jūs ieteiktu netālu no Innsbruck?
in_scope	Es vēlos pilnu veselības nedēļu Styria.
in_scope	Lūdzu, SPA uzturēšanos Dolomites.
in_scope	Palīdziet saplānot veselības uzturēšanos Ötztal.
in_scope	Pastāstiet par Alpbacherhof.
in_scope	Man vajag ziņas par Waldklause.
in_scope	Kas padara Hochschober īpašu?
in_scope	Vai viesnīcā varu ierasties ar vilcienu?
in_scope	Vai pie viesnīcas ir autostāvvieta?
in_scope	Istaba ar balkonu pret kalniem.
in_scope	Mēs gribam vienā braucienā apvienot slēpošanu un veselības procedūras.
in_scope	Mani interesē, vai viesi var nobraukt ar slēpēm līdz ēkai.
in_scope	Tikai īss veselības pārtraukums kalnos.
in_scope	Vai ir kaut kas vērts zināt par viesnīcām Zillertal?
in_scope	Kādas ir spēcīgākās veselības viesnīcas Austria?
in_scope	Vai viesnīcā ir fitnesa zāle?
in_scope	Vai uz vietas ir tvaika pirts?
in_scope	Vai SPA ir virpuļvanna?
in_scope	Pāru SPA paketes nedēļas nogalei.
in_scope	Romantiska veselības nedēļas nogale diviem.
in_scope	Kur atrodas Wartherhof un kādu veselības piedāvājumu tas sniedz?
in_scope	Sīkāka informācija par Hotel Alpenrose.
in_scope	Vai Sacher Seefeld ir SPA?
in_scope	Cik tālu viesnīca ir no ciema centra?
out_of_scope	Kāds rīt būs laiks Berlin?
out_of_scope	Uzrakstiet Python funkciju, kas kārto sarakstu.
out_of_scope	Kurš uzvarēja pēdējā Tour de France?
out_of_scope	Izskaidrojiet Windows 11 vienkāršā valodā.
out_of_scope	Man vajag recepti ābolu štrūdelei.
out_of_scope	Kāda šodien ir Bitcoin cena?
out_of_scope	Kāda ir Francijas galvaspilsēta?
out_of_scope	Kā augos norit fotosintēze?
out_of_scope	Kurš pagājušajā gadā uzvarēja Wimbledon?
out_of_scope	Kā iesniegt iedzīvotāju ienākuma nodokļa deklarāciju?
out_of_scope	Kā saskaņot akustisko ģitāru?
out_of_scope	Cik daudz RAM vajadzētu video montētājam?
out_of_scope	Palīdziet uzrakstīt darba pieteikuma vēstuli.
out_of_scope	Kā atiestatīt mājas Wi-Fi rūteri?
out_of_scope	Kurš uzvarēja 2022. gada futbola Pasaules kausā?
out_of_scope	Kurš uzvarēja pēdējā Formula 1 grand prix?
out_of_scope	Kura nācija bija pirmā pēdējā olimpiskajā medaļu tabulā?
out_of_scope	Kurš uzvarēja pēdējā Eurovision dziesmu konkursā?
out_of_scope	Kurš uzvarēja Ņujorkas maratonā?
out_of_scope	Kurš pašlaik ir pasaules šaha čempions?
out_of_scope	Izskaidrojiet kvantu skaitļošanu pilnīgam iesācējam.
out_of_scope	Kā balkonā izaudzēt tomātus?
out_of_scope	Kā no nulles pagatavot picas mīklu?
out_of_scope	Cik pulkstenis šobrīd ir Tokyo?
out_of_scope	Kā nomainīt saplīsušu automašīnas riepu?
out_of_scope	Iesakiet labu zinātniskās fantastikas filmu.
out_of_scope	Kāds ir efektīvs veids, kā apgūt japāņu valodu?
out_of_scope	Izskaidrojiet, ko dara SQL inner join.
out_of_scope	Kā portatīvajā datorā instalēt Linux?
out_of_scope	Kas noveda pie Romas impērijas sabrukuma?
out_of_scope	Lūdzu, atrisiniet šo kvadrātvienādojumu.
out_of_scope	Kā izcept ierauga maizes kukuli?
out_of_scope	Kāds šodien ir USD pret EUR kurss?
out_of_scope	Kā darbojas četrtaktu dzinējs?
out_of_scope	Kurš uzrakstīja lugu Hamlet?
out_of_scope	Kā izveidot jaunu Git krātuvi?
out_of_scope	Kādas ir D vitamīna trūkuma pazīmes?
out_of_scope	Kā sagatavoties piecu kilometru skrējienam?
out_of_scope	Kāds ir Kanādas iedzīvotāju skaits?
out_of_scope	Kā salabot pilējošu krānu?
out_of_scope	Pārtulkojiet šo teikumu latīniski.
out_of_scope	Kurš portatīvais dators vislabāk der datorzinātņu studentiem?
out_of_scope	Kā veidojas melnie caurumi?
out_of_scope	Kad tika izlaists pirmais iPhone?
out_of_scope	Kā kompostēt dārzeņu atliekas?
out_of_scope	Iemāciet man šaha pamatnoteikumus.
out_of_scope	Kā inflācija samazina uzkrājumu vērtību?
out_of_scope	Nosauciet Saules sistēmas planētas pēc kārtas.
out_of_scope	Kā noņemt ļaunprātīgu programmatūru no Windows datora?
out_of_scope	Kāpēc kalnos ūdens vārās zemākā temperatūrā?
out_of_scope	Kā tamborēt vienkāršu šalli?
out_of_scope	Īsumā pastāstiet Nineteen Eighty-Four sižetu.
out_of_scope	Kā aprēķina saliktos procentus?
out_of_scope	Kāda ir atšķirība starp HTTP un HTTPS?
out_of_scope	Kā iekopt nelielu dārzeņu dārzu?
out_of_scope	Kurš gleznoja Mona Lisa?
out_of_scope	Kā nomainīt velosipēda ķēdi?
out_of_scope	Aprakstiet mašīnmācīšanos vienā īsā rindkopā.
out_of_scope	Kā pieteikties pasei?
out_of_scope	Kāpēc dienas laikā debesis ir zilas?
out_of_scope	Kā pievienot printeri ar USB kabeli?
out_of_scope	Kādas sastāvdaļas ietilpst bešamela mērcē?
out_of_scope	Cik ilgs ir lidojums no Vīnes uz Ņujorku?
out_of_scope	Izskaidrojiet bērnam ūdens aprites ciklu.
in_scope	Барам велнес хотел со сауна во Тирол.
in_scope	Дали постојат хотели што имаат затворен базен?
in_scope	Кои куќи нудат масажи?
in_scope	Сакам престој што вклучува амам.
in_scope	Каде во хотел можам да пливаам во инфинити базен?
in_scope	Знаете ли хотел што води часови по јога?
in_scope	Има ли хотели во кои се влегува и излегува на скии?
in_scope	Кои хотели лежат непосредно на патеката?
in_scope	Можат ли гостите да скијаат сè до влезот на хотелот?
in_scope	Ми треба сместување до ски-лифт.
in_scope	Сакаме зимски одмор што ги спојува спа и скијањето.
in_scope	Кои објекти имаат ски-соба за опрема?
in_scope	Дали може да се тргне на планинарење право од хотелот?
in_scope	Покажете ми хотели со пешачки патеки во близина.
in_scope	Можам ли за време на хотелскиот престој да јавам коњ?
in_scope	Барам хотели во Залцбург познати по кујната.
in_scope	Хотел само за возрасни, со базен, ве молам.
in_scope	Дали полупансионот доаѓа со престојот?
in_scope	Кажете ми повеќе за Nesslerhof.
in_scope	Што всушност нуди Gmachl?
in_scope	Наведете ги содржините во Krallerhof.
in_scope	Би сакал соба со поглед кон планината.
in_scope	Како да стигнам до хотелот во Lermoos?
in_scope	Дали кучињата се добредојдени во хотелите?
in_scope	Имате ли хотели погодни за семејства?
in_scope	Кои хотели во Залцбург се на вашата листа?
in_scope	Колку хотели покривате во Тирол?
in_scope	Има ли спа хотел што би го препорачале во Корушка?
in_scope	Препорачајте велнес хотел во Јужен Тирол.
in_scope	Ми треба тивка куќа за вистински одмор.
in_scope	Кој хотел ја има најголемата спа зона?
in_scope	Колку е далеку од хотелот до патеката?
in_scope	Планираме летен планински одмор со велнес.
in_scope	Хотел со сериозен гурмански ресторан.
in_scope	Дали појадокот е вклучен во цената?
in_scope	Ни треба семејна соба во велнес хотел.
in_scope	Дали во хотелот има детска програма?
in_scope	Барам велнес хотел пристапен за инвалидска количка.
in_scope	Кога се вечерните преливања во сауната?
in_scope	Можам ли однапред да резервирам масажа?
in_scope	Што би предложиле во близина на Инсбрук?
in_scope	Сакам цела велнес недела во Штаерска.
in_scope	Спа престој во Доломитите, ве молам.
in_scope	Помогнете ми да планирам велнес престој во Ötztal.
in_scope	Кажете ми за Alpbacherhof.
in_scope	Ми требаат информации за Waldklause.
in_scope	Што го прави Hochschober посебен?
in_scope	Можам ли да пристигнам во хотелот со воз?
in_scope	Има ли паркинг кај хотелот?
in_scope	Соба со балкон свртен кон планините.
in_scope	Сакаме во едно патување да ги споиме скијањето и велнесот.
in_scope	Ме интересира дали гостите можат да скијаат до самата зграда.
in_scope	Само краток велнес одмор во планините.
in_scope	Има ли нешто што вреди да се знае за хотелите во Zillertal?
in_scope	Кои се најсилните велнес хотели во Австрија?
in_scope	Дали хотелот има фитнес сала?
in_scope	Има ли парна бања на самото место?
in_scope	Имате ли џакузи во спа делот?
in_scope	Спа пакети за парови за викенд.
in_scope	Романтичен велнес викенд за двајца.
in_scope	Каде е Wartherhof и каков велнес нуди?
in_scope	Детали за Hotel Alpenrose.
in_scope	Дали Sacher во Seefeld има спа?
in_scope	Колку е далеку хотелот од центарот на селото?
out_of_scope	Какво ќе биде времето во Берлин утре?
out_of_scope	Напишете функција во Python што сортира список.
out_of_scope	Кој го освои последното Tour de France?
out_of_scope	Објаснете го Windows 11 со едноставен јазик.
out_of_scope	Ми треба рецепт за јаболков штрудел.
out_of_scope	Која е денес цената на Bitcoin?
out_of_scope	Кој е главниот град на Франција?
out_of_scope	Како функционира фотосинтезата кај растенијата?
out_of_scope	Кој го освои Wimbledon лани?
out_of_scope	Како да поднесам даночна пријава за доход?
out_of_scope	Како да ја наштимам акустичната гитара?
out_of_scope	Колку RAM треба да има видеомонтажер?
out_of_scope	Помогнете ми да составам молба за работа.
out_of_scope	Како да го ресетирам домашниот Wi-Fi рутер?
out_of_scope	Кој го освои Светското првенство во фудбал 2022?
out_of_scope	Кој победи на последното гран при на Formula 1?
out_of_scope	Која нација ја предводеше последната олимписка табела на медали?
out_of_scope	Кој победи на последниот Eurovision Song Contest?
out_of_scope	Кој победи на маратонот во Њујорк?
out_of_scope	Кој е сегашниот светски првак во шах?
out_of_scope	Објаснете му го квантното пресметување на целосен почетник.
out_of_scope	Како да одгледувам домати на балкон?
out_of_scope	Како од нула да направам тесто за пица?
out_of_scope	Колку е часот токму сега во Токио?
out_of_scope	Како да сменам дупната автомобилска гума?
out_of_scope	Препорачајте добар научнофантастичен филм.
out_of_scope	Кој е ефикасен начин да се учи јапонски?
out_of_scope	Објаснете што прави SQL inner join.
out_of_scope	Како да инсталирам Linux на лаптоп?
out_of_scope	Што доведе до падот на Римското Царство?
out_of_scope	Ве молам, решете ја оваа квадратна равенка.
out_of_scope	Како да испечам векна од кисело тесто?
out_of_scope	Кој е денес курсот на USD кон EUR?
out_of_scope	Како работи четиритактниот мотор?
out_of_scope	Кој ја напиша драмата Hamlet?
out_of_scope	Како да создадам ново складиште во Git?
out_of_scope	Кои се знаците на недостаток на витамин D?
out_of_scope	Како треба да тренирам за трчање од пет километри?
out_of_scope	Колкаво е населението на Канада?
out_of_scope	Како да поправам чешма што капе?
out_of_scope	Преведете ја оваа реченица на латински.
out_of_scope	Кој лаптоп е најдобар за студенти по информатика?
out_of_scope	Како се формираат црните дупки?
out_of_scope	Кога беше објавен првиот iPhone?
out_of_scope	Како да компостирам зеленчукови остатоци?
out_of_scope	Научете ме основните правила на шахот.
out_of_scope	Како инфлацијата ја намалува вредноста на заштедите?
out_of_scope	Наведете ги планетите на Сончевиот систем по ред.
out_of_scope	Како да отстранам злонамерен софтвер од компјутер со Windows?
out_of_scope	Зошто во планините водата врие на пониска температура?
out_of_scope	Како да хеклам едноставен шал?
out_of_scope	Обобштете го заплетот на Nineteen Eighty-Four.
out_of_scope	Како се пресметува сложена камата?
out_of_scope	Која е разликата меѓу HTTP и HTTPS?
out_of_scope	Како да започнам мала зеленчукова градина?
out_of_scope	Кој ја наслика Mona Lisa?
out_of_scope	Како да сменам синџир на велосипед?
out_of_scope	Опишете го машинското учење во еден краток пасус.
out_of_scope	Како да аплицирам за пасош?
out_of_scope	Зошто небото е сино преку ден?
out_of_scope	Како да поврзам печатач со USB кабел?
out_of_scope	Кои состојки влегуваат во сосот бешамел?
out_of_scope	Колку трае летот од Виена до Њујорк?
out_of_scope	Објаснете му го кружењето на водата на дете.
in_scope	Qed infittex lukanda tal-wellness b'sawna fi Tyrol.
in_scope	Hemm lukandi li għandhom pixxina koperta?
in_scope	Liema djar joffru massagġi?
in_scope	Irrid soġġorn li jinkludi hammam.
in_scope	Fejn nista' ngħum f'pixxina infinity ġo lukanda?
in_scope	Taf b'xi lukanda li tmexxi sessjonijiet ta' yoga?
in_scope	Hemm lukandi li tista' tidħol u toħroġ minnhom bis-ski?
in_scope	Liema lukandi jinsabu eżatt fuq il-piste?
in_scope	Jistgħu l-mistednin jiskijaw sa l-entratura tal-lukanda?
in_scope	Għandi bżonn akkomodazzjoni ħdejn lift tas-ski.
in_scope	Irridu vaganzi tax-xitwa li jħalltu spa u skiing.
in_scope	Liema proprjetajiet għandhom kamra tas-ski għat-tagħmir?
in_scope	Hu possibbli li nimxi mill-ewwel mill-lukanda?
in_scope	Urini lukandi b'mogħdijiet tal-mixi fil-qrib.
in_scope	Nista' nirkeb iż-żiemel waqt is-soġġorn tiegħi fil-lukanda?
in_scope	Qed infittex lukandi f'Salzburg magħrufa għall-kċina tagħhom.
in_scope	Lukanda għall-adulti biss b'pixxina, jekk jogħġbok.
in_scope	In-nofs pensjoni tiġi mas-soġġorn?
in_scope	Għidli aktar dwar Nesslerhof.
in_scope	X'joffri tassew Gmachl?
in_scope	Elenka l-faċilitajiet ta' Krallerhof.
in_scope	Nixtieq kamra b'veduta tal-muntanji.
in_scope	Kif nista' nasal sal-lukanda f'Lermoos?
in_scope	Il-klieb jintlaqgħu fil-lukandi?
in_scope	Għandkom lukandi tajbin għall-familji?
in_scope	Liema lukandi f'Salzburg hemm fil-lista tiegħek?
in_scope	Kemm lukandi tkopru fi Tyrol?
in_scope	Hemm lukanda spa li tirrakkomanda f'Carinthia?
in_scope	Irrakkomanda lukanda tal-wellness fi South Tyrol.
in_scope	Għandi bżonn dar kwieta għal mistrieħ tassew.
in_scope	Liema lukanda għandha l-akbar żona spa?
in_scope	Kemm hu 'l bogħod mill-lukanda sal-pendil?
in_scope	Qed nippjanaw vaganzi tas-sajf tal-mixi flimkien mal-wellness.
in_scope	Lukanda b'ristorant gourmet serju.
in_scope	Il-kolazzjon huwa inkluż fir-rata?
in_scope	Għandna bżonn kamra tal-familja f'lukanda tal-wellness.
in_scope	Hemm programm għat-tfal fil-lukanda?
in_scope	Qed infittex lukanda tal-wellness aċċessibbli għas-siġġu tar-roti.
in_scope	Meta jsiru l-infużjonijiet tas-sawna filgħaxija?
in_scope	Nista' nirrisserva massagġ minn qabel?
in_scope	X'tissuġġerixxi ħdejn Innsbruck?
in_scope	Irrid ġimgħa sħiħa ta' wellness fi Styria.
in_scope	Soġġorn spa fid-Dolomites, jekk jogħġbok.
in_scope	Għinni nippjana soġġorn ta' wellness fl-Ötztal.
in_scope	Għidli dwar Alpbacherhof.
in_scope	Għandi bżonn informazzjoni dwar Waldklause.
in_scope	X'jagħmel lil Hochschober speċjali?
in_scope	Nista' nasal sal-lukanda bil-ferrovija?
in_scope	Hemm parkeġġ fil-lukanda?
in_scope	Kamra b'gallarija li tħares lejn il-muntanji.
in_scope	Irridu ngħaqqdu skiing u wellness f'vjaġġ wieħed.
in_scope	Jien interessat jekk il-mistednin jistgħux jiskijaw sal-bini.
in_scope	Biss waqfa qasira ta' wellness fil-muntanji.
in_scope	Xi ħaġa li jiswa tkun taf dwar il-lukandi fiż-Zillertal?
in_scope	X'inhuma l-aqwa lukandi tal-wellness fl-Austria?
in_scope	Il-lukanda għandha kamra tal-fitness?
in_scope	Hemm banju tal-fwar fuq il-post?
in_scope	Għandkom whirlpool fl-ispazju spa?
in_scope	Pakketti spa għall-koppji għal tmiem il-ġimgħa.
in_scope	Tmiem il-ġimgħa romantiku ta' wellness għal tnejn.
in_scope	Fejn jinsab Wartherhof u x'wellness għandu?
in_scope	Dettalji dwar Hotel Alpenrose.
in_scope	Sacher f'Seefeld għandu spa?
in_scope	Kemm hi 'l bogħod il-lukanda miċ-ċentru tar-raħal?
out_of_scope	Kif se jkun it-temp f'Berlin għada?
out_of_scope	Ikteb funzjoni Python li tissortja lista.
out_of_scope	Min rebaħ l-aħħar Tour de France?
out_of_scope	Spjega Windows 11 b'lingwa sempliċi.
out_of_scope	Għandi bżonn riċetta għall-istrudel tat-tuffieħ.
out_of_scope	X'inhu l-prezz tal-Bitcoin illum?
out_of_scope	X'inhi l-kapitali ta' Franza?
out_of_scope	Kif taħdem il-fotosintesi fil-pjanti?
out_of_scope	Min rebaħ Wimbledon is-sena l-oħra?
out_of_scope	Kif nissottometti dikjarazzjoni tat-taxxa fuq id-dħul?
out_of_scope	Kif nikkorda kitarra akustika?
out_of_scope	Kemm RAM għandu jkollu min jeditja vidjos?
out_of_scope	Għinni nfassal ittra ta' applikazzjoni għax-xogħol.
out_of_scope	Kif nirrisettja r-router Wi-Fi tad-dar?
out_of_scope	Min rebaħ it-Tazza tad-Dinja tal-futbol tal-2022?
out_of_scope	Min rebaħ l-aħħar grand prix tal-Formula 1?
out_of_scope	Liema nazzjon qabdet l-ewwel post fl-aħħar tabella tal-midalji Olimpika?
out_of_scope	Min rebaħ l-aħħar Eurovision Song Contest?
out_of_scope	Min rebaħ il-Maratona ta' New York City?
out_of_scope	Min hu ċ-ċampjin dinji attwali taċ-ċess?
out_of_scope	Spjega l-komputazzjoni kwantistika lil min hu principjant sħiħ.
out_of_scope	Kif nista' nkabbar tadam fuq gallarija?
out_of_scope	Kif nagħmel għaġina tal-pizza mill-bidu?
out_of_scope	X'ħin hu f'Tokyo bħalissa?
out_of_scope	Kif nibdel tajer iċċattjat tal-karozza?
out_of_scope	Irrakkomanda film tajjeb ta' fantaxjenza.
out_of_scope	X'inhu mod effiċjenti biex nitgħallem il-Ġappuniż?
out_of_scope	Spjega x'jagħmel SQL inner join.
out_of_scope	Kif ninstalla Linux fuq laptop?
out_of_scope	X'wassal għall-waqgħa tal-Imperu Ruman?
out_of_scope	Jekk jogħġbok solvi din l-ekwazzjoni kwadratika.
out_of_scope	Kif naħmi ħobża bil-ħmira naturali?
out_of_scope	X'inhi r-rata tal-kambju minn USD għal EUR illum?
out_of_scope	Kif taħdem magna b'erba' ċikli?
out_of_scope	Min kiteb id-dramm Hamlet?
out_of_scope	Kif noħloq repożitorju Git ġdid?
out_of_scope	X'inhuma s-sinjali ta' nuqqas ta' vitamina D?
out_of_scope	Kif għandi nħarreġ għal ġirja ta' ħames kilometri?
out_of_scope	X'inhi l-popolazzjoni tal-Kanada?
out_of_scope	Kif nissewwi vit li qed jaqtar?
out_of_scope	Ittraduċi din is-sentenza għal-Latin.
out_of_scope	Liema laptop huwa l-aħjar għal studenti tal-informatika?
out_of_scope	Kif jiffurmaw it-toqob suwed?
out_of_scope	Meta ħareġ l-ewwel iPhone?
out_of_scope	Kif nikkomposta fdalijiet tal-ħxejjex?
out_of_scope	Għallimni r-regoli bażiċi taċ-ċess.
out_of_scope	Kif l-inflazzjoni tnaqqas il-valur tat-tfaddil?
out_of_scope	Semmi l-pjaneti tas-sistema solari fl-ordni.
out_of_scope	Kif ineħħi malware minn PC Windows?
out_of_scope	Għaliex l-ilma jagħli f'temperatura aktar baxxa fil-muntanji?
out_of_scope	Kif nikkroċja xalpa sempliċi?
out_of_scope	Agħmel sommarju tal-plott ta' Nineteen Eighty-Four.
out_of_scope	Kif tiġi kkalkulata l-imgħax kompost?
out_of_scope	X'inhi d-differenza bejn HTTP u HTTPS?
out_of_scope	Kif nibda ġnien żgħir tal-ħxejjex?
out_of_scope	Min pinġa l-Mona Lisa?
out_of_scope	Kif nibdel katina tar-rota?
out_of_scope	Iddeskrivi t-tagħlim awtomatiku f'paragrafu qasir wieħed.
out_of_scope	Kif napplika għal passaport?
out_of_scope	Għaliex is-sema jkun blu matul il-jum?
out_of_scope	Kif nqabbad printer b'kejbil USB?
out_of_scope	Liema ingredjenti jidħlu fis-salsa béchamel?
out_of_scope	Kemm iddum titjira minn Vjenna sa New York?
out_of_scope	Spjega ċ-ċiklu tal-ilma lil tifel.
in_scope	Ik zoek een wellnesshotel met een sauna in Tyrol.
in_scope	Zijn er hotels die een binnenzwembad hebben?
in_scope	Welke huizen bieden massages aan?
in_scope	Ik wil een verblijf waarbij een hammam inbegrepen is.
in_scope	Waar kan ik in een infinitypool van een hotel zwemmen?
in_scope	Ken je een hotel dat yogasessies organiseert?
in_scope	Zijn er hotels waar je in en uit kunt skiën?
in_scope	Welke hotels liggen pal aan de piste?
in_scope	Kunnen gasten tot aan de hotelingang skiën?
in_scope	Ik heb onderdak nodig vlak bij een skilift.
in_scope	Wij willen een wintervakantie die spa en skiën combineert.
in_scope	Welke accommodaties hebben een skikamer voor de uitrusting?
in_scope	Is wandelen rechtstreeks vanaf het hotel mogelijk?
in_scope	Toon me hotels met wandelpaden in de buurt.
in_scope	Kan ik paardrijden tijdens mijn hotelverblijf?
in_scope	Ik zoek hotels in Salzburg die bekendstaan om hun keuken.
in_scope	Een hotel alleen voor volwassenen met een zwembad, alstublieft.
in_scope	Zit halfpension bij het verblijf inbegrepen?
in_scope	Vertel me meer over Nesslerhof.
in_scope	Wat biedt Gmachl eigenlijk aan?
in_scope	Som de faciliteiten van Krallerhof op.
in_scope	Ik wil graag een kamer met bergzicht.
in_scope	Hoe bereik ik het hotel in Lermoos?
in_scope	Zijn honden welkom in de hotels?
in_scope	Hebben jullie gezinsvriendelijke hotels?
in_scope	Welke hotels in Salzburg staan op jullie lijst?
in_scope	Hoeveel hotels bestrijken jullie in Tyrol?
in_scope	Is er een spahotel dat je zou aanraden in Carinthia?
in_scope	Beveel een wellnesshotel in South Tyrol aan.
in_scope	Ik heb een rustig huis nodig om écht tot rust te komen.
in_scope	Welk hotel heeft het grootste spa-gebied?
in_scope	Hoe ver is het van het hotel naar de piste?
in_scope	We plannen een zomerse wandelvakantie met wellness.
in_scope	Een hotel met een serieus gourmetrestaurant.
in_scope	Is het ontbijt inbegrepen in het tarief?
in_scope	We hebben een familiekamer nodig in een wellnesshotel.
in_scope	Is er een kinderprogramma in het hotel?
in_scope	Ik zoek een rolstoeltoegankelijk wellnesshotel.
in_scope	Wanneer zijn de avondse sauna-opgietingen?
in_scope	Kan ik vooraf een massage reserveren?
in_scope	Wat zou je aanraden in de buurt van Innsbruck?
in_scope	Ik wil een volledige wellnessweek in Styria.
in_scope	Een spaverblijf in de Dolomites, alstublieft.
in_scope	Help me een wellnessverblijf in het Ötztal te plannen.
in_scope	Vertel me over Alpbacherhof.
in_scope	Ik heb informatie nodig over Waldklause.
in_scope	Wat maakt Hochschober bijzonder?
in_scope	Kan ik per trein bij het hotel aankomen?
in_scope	Is er parkeergelegenheid bij het hotel?
in_scope	Een kamer met een balkon dat uitkijkt op de bergen.
in_scope	We willen skiën en wellness in één reis combineren.
in_scope	Ik ben benieuwd of gasten tot aan het gebouw kunnen skiën.
in_scope	Gewoon een kort wellnessuitje in de bergen.
in_scope	Iets dat de moeite waard is om te weten over hotels in het Zillertal?
in_scope	Wat zijn de sterkste wellnesshotels in Austria?
in_scope	Heeft het hotel een fitnessruimte?
in_scope	Is er ter plaatse een stoombad?
in_scope	Hebben jullie een whirlpool in de spa?
in_scope	Stellenpakketten voor de spa voor een weekend.
in_scope	Een romantisch wellnessweekend voor twee.
in_scope	Waar ligt Wartherhof en welke wellness heeft het?
in_scope	Bijzonderheden over Hotel Alpenrose.
in_scope	Heeft Sacher in Seefeld een spa?
in_scope	Hoe ver ligt het hotel van het dorpscentrum?
out_of_scope	Hoe wordt het weer morgen in Berlin?
out_of_scope	Schrijf een Python-functie die een lijst sorteert.
out_of_scope	Wie won de laatste Tour de France?
out_of_scope	Leg Windows 11 uit in eenvoudige taal.
out_of_scope	Ik heb een recept voor appelstrudel nodig.
out_of_scope	Wat is de Bitcoin-prijs vandaag?
out_of_scope	Wat is de hoofdstad van Frankrijk?
out_of_scope	Hoe werkt fotosynthese bij planten?
out_of_scope	Wie won Wimbledon vorig jaar?
out_of_scope	Hoe dien ik een inkomstenbelastingaangifte in?
out_of_scope	Hoe stem ik een akoestische gitaar?
out_of_scope	Hoeveel RAM zou een videobewerker moeten hebben?
out_of_scope	Help me een sollicitatiebrief opstellen.
out_of_scope	Hoe reset ik een thuis-Wi-Fi-router?
out_of_scope	Wie won het WK voetbal van 2022?
out_of_scope	Wie won de laatste Formula 1-grand prix?
out_of_scope	Welk land stond bovenaan de laatste olympische medailletabel?
out_of_scope	Wie won het laatste Eurovision Song Contest?
out_of_scope	Wie won de New York City Marathon?
out_of_scope	Wie is de huidige wereldkampioen schaken?
out_of_scope	Leg quantumcomputing uit aan een complete beginner.
out_of_scope	Hoe kan ik tomaten op een balkon kweken?
out_of_scope	Hoe maak ik pizzadeeg helemaal zelf?
out_of_scope	Hoe laat is het nu in Tokyo?
out_of_scope	Hoe verwissel ik een lekke autoband?
out_of_scope	Beveel een goede sciencefictionfilm aan.
out_of_scope	Wat is een efficiënte manier om Japans te leren?
out_of_scope	Leg uit wat een SQL inner join doet.
out_of_scope	Hoe installeer ik Linux op een laptop?
out_of_scope	Wat leidde tot de val van het Romeinse Rijk?
out_of_scope	Los deze kwadratische vergelijking op, alsjeblieft.
out_of_scope	Hoe bak ik een zuurdesembrood?
out_of_scope	Wat is de wisselkoers van USD naar EUR vandaag?
out_of_scope	Hoe werkt een viertaktmotor?
out_of_scope	Wie schreef het toneelstuk Hamlet?
out_of_scope	Hoe maak ik een nieuwe Git-repository?
out_of_scope	Wat zijn tekenen van vitamine D-tekort?
out_of_scope	Hoe moet ik trainen voor een loop van vijf kilometer?
out_of_scope	Wat is het inwonertal van Canada?
out_of_scope	Hoe repareer ik een lekkende kraan?
out_of_scope	Vertaal deze zin naar het Latijn.
out_of_scope	Welke laptop is het beste voor informaticastudenten?
out_of_scope	Hoe ontstaan zwarte gaten?
out_of_scope	Wanneer kwam de eerste iPhone uit?
out_of_scope	Hoe composteer ik groenteafval?
out_of_scope	Leer me de basisregels van schaken.
out_of_scope	Hoe verlaagt inflatie de waarde van spaargeld?
out_of_scope	Noem de planeten van het zonnestelsel in volgorde.
out_of_scope	Hoe verwijder ik malware van een Windows-pc?
out_of_scope	Waarom kookt water op grotere hoogte bij een lagere temperatuur?
out_of_scope	Hoe haak ik een eenvoudige sjaal?
out_of_scope	Vat de plot van Nineteen Eighty-Four samen.
out_of_scope	Hoe wordt samengestelde rente berekend?
out_of_scope	Wat is het verschil tussen HTTP en HTTPS?
out_of_scope	Hoe begin ik een kleine moestuin?
out_of_scope	Wie schilderde de Mona Lisa?
out_of_scope	Hoe vervang ik een fietsketting?
out_of_scope	Beschrijf machine learning in één korte alinea.
out_of_scope	Hoe vraag ik een paspoort aan?
out_of_scope	Waarom is de lucht overdag blauw?
out_of_scope	Hoe sluit ik een printer aan met een USB-kabel?
out_of_scope	Welke ingrediënten zitten er in béchamelsaus?
out_of_scope	Hoe lang duurt een vlucht van Wenen naar New York?
out_of_scope	Leg de waterkringloop uit aan een kind.
in_scope	Jeg ser etter et velværehotell med badstue i Tyrol.
in_scope	Finnes det hoteller som har innendørs svømmebasseng?
in_scope	Hvilke hus tilbyr massasje?
in_scope	Jeg vil ha et opphold som inkluderer hammam.
in_scope	Hvor kan jeg svømme i et infinitybasseng på et hotell?
in_scope	Kjenner du et hotell som holder yogatimer?
in_scope	Finnes det hoteller man kan stå på ski inn og ut av?
in_scope	Hvilke hoteller ligger rett ved løypa?
in_scope	Kan gjestene stå på ski helt fram til hotellinngangen?
in_scope	Jeg trenger overnatting ved siden av en skiheis.
in_scope	Vi ønsker en vinterferie som blander spa og skiing.
in_scope	Hvilke eiendommer har et skirom til utstyr?
in_scope	Er det mulig å gå på tur rett fra hotellet?
in_scope	Vis meg hoteller med turstier i nærheten.
in_scope	Kan jeg ri på hest under hotelloppholdet?
in_scope	Jeg leter etter hoteller i Salzburg kjent for kjøkkenet sitt.
in_scope	Et hotell kun for voksne med basseng, takk.
in_scope	Følger halvpensjon med oppholdet?
in_scope	Fortell meg mer om Nesslerhof.
in_scope	Hva tilbyr Gmachl egentlig?
in_scope	List opp fasilitetene på Krallerhof.
in_scope	Jeg vil gjerne ha et rom med fjellutsikt.
in_scope	Hvordan kommer jeg meg til hotellet i Lermoos?
in_scope	Er hunder velkomne på hotellene?
in_scope	Har dere barnevennlige hoteller?
in_scope	Hvilke hoteller i Salzburg står på listen deres?
in_scope	Hvor mange hoteller dekker dere i Tyrol?
in_scope	Finnes det et spahotell du vil anbefale i Carinthia?
in_scope	Anbefal et velværehotell i South Tyrol.
in_scope	Jeg trenger et stille hus for skikkelig hvile.
in_scope	Hvilket hotell har det største spaområdet?
in_scope	Hvor langt er det fra hotellet til løypa?
in_scope	Vi planlegger en sommerferie med fotturer og velvære.
in_scope	Et hotell med en skikkelig gourmetrestaurant.
in_scope	Er frokost inkludert i prisen?
in_scope	Vi trenger et familierom på et velværehotell.
in_scope	Finnes det et barneprogram på hotellet?
in_scope	Jeg ser etter et rullestoltilgjengelig velværehotell.
in_scope	Når er de kveldsvise badstueoppgøssene?
in_scope	Kan jeg reservere en massasje på forhånd?
in_scope	Hva ville du foreslå i nærheten av Innsbruck?
in_scope	Jeg vil ha en hel velværeuke i Styria.
in_scope	Et spaopphold i Dolomites, takk.
in_scope	Hjelp meg å planlegge et velværeopphold i Ötztal.
in_scope	Fortell om Alpbacherhof.
in_scope	Jeg trenger informasjon om Waldklause.
in_scope	Hva gjør Hochschober spesielt?
in_scope	Kan jeg komme til hotellet med tog?
in_scope	Er det parkeringsplass ved hotellet?
in_scope	Et rom med balkong mot fjellene.
in_scope	Vi vil kombinere skiing og velvære på én tur.
in_scope	Jeg lurer på om gjester kan stå på ski helt fram til bygningen.
in_scope	Bare et kort velværepust i fjellene.
in_scope	Noe verdt å vite om hoteller i Zillertal?
in_scope	Hvilke er de sterkeste velværehotellene i Austria?
in_scope	Har hotellet et treningsrom?
in_scope	Finnes det et dampbad på stedet?
in_scope	Har dere boblebad i spaen?
in_scope	Parpakker med spa til en helg.
in_scope	En romantisk velværehelg for to.
in_scope	Hvor ligger Wartherhof, og hva slags velvære har det?
in_scope	Detaljer om Hotel Alpenrose.
in_scope	Har Sacher i Seefeld spa?
in_scope	Hvor langt er hotellet fra sentrum av landsbyen?
out_of_scope	Hvordan blir været i Berlin i morgen?
out_of_scope	Skriv en Python-funksjon som sorterer en liste.
out_of_scope	Hvem vant den siste Tour de France?
out_of_scope	Forklar Windows 11 med enkle ord.
out_of_scope	Jeg trenger en oppskrift på eplestrudel.
out_of_scope	Hva er Bitcoin-prisen i dag?
out_of_scope	Hva er hovedstaden i Frankrike?
out_of_scope	Hvordan fungerer fotosyntesen i planter?
out_of_scope	Hvem vant Wimbledon i fjor?
out_of_scope	Hvordan leverer jeg selvangivelsen?
out_of_scope	Hvordan stemmer jeg en akustisk gitar?
out_of_scope	Hvor mye RAM bør en videoredigerer ha?
out_of_scope	Hjelp meg å skrive en jobbsøknad.
out_of_scope	Hvordan tilbakestiller jeg en hjemme-Wi-Fi-ruter?
out_of_scope	Hvem vant fotball-VM i 2022?
out_of_scope	Hvem vant det siste Formula 1-grand prix?
out_of_scope	Hvilken nasjon toppet den siste olympiske medaljetabellen?
out_of_scope	Hvem vant den siste Eurovision Song Contest?
out_of_scope	Hvem vant New York City Marathon?
out_of_scope	Hvem er den nåværende verdensmesteren i sjakk?
out_of_scope	Forklar kvanteberegning for en komplett nybegynner.
out_of_scope	Hvordan kan jeg dyrke tomater på en balkong?
out_of_scope	Hvordan lager jeg pizzadeig fra bunnen av?
out_of_scope	Hva er klokken i Tokyo akkurat nå?
out_of_scope	Hvordan bytter jeg et punktert bildekk?
out_of_scope	Anbefal en god science fiction-film.
out_of_scope	Hva er en effektiv måte å lære japansk på?
out_of_scope	Forklar hva en SQL inner join gjør.
out_of_scope	Hvordan installerer jeg Linux på en bærbar?
out_of_scope	Hva førte til Romerrikets fall?
out_of_scope	Løs denne andregradsligningen, vær så snill.
out_of_scope	Hvordan baker jeg et surdeigsbrød?
out_of_scope	Hva er valutakursen fra USD til EUR i dag?
out_of_scope	Hvordan virker en firetaktsmotor?
out_of_scope	Hvem skrev skuespillet Hamlet?
out_of_scope	Hvordan oppretter jeg et nytt Git-repositorium?
out_of_scope	Hva er tegn på vitamin D-mangel?
out_of_scope	Hvordan bør jeg trene til et femkilometersløp?
out_of_scope	Hva er folketallet i Canada?
out_of_scope	Hvordan fikser jeg en dryppende kran?
out_of_scope	Oversett denne setningen til latin.
out_of_scope	Hvilken bærbar passer best for informatikkstudenter?
out_of_scope	Hvordan dannes svarte hull?
out_of_scope	Når ble den første iPhone lansert?
out_of_scope	Hvordan komposterer jeg grønnsaksrester?
out_of_scope	Lær meg de grunnleggende sjakkreglene.
out_of_scope	Hvordan reduserer inflasjon verdien av sparing?
out_of_scope	Nevn solsystemets planeter i rekkefølge.
out_of_scope	Hvordan fjerner jeg skadevare fra en Windows-PC?
out_of_scope	Hvorfor koker vann ved lavere temperatur i fjellene?
out_of_scope	Hvordan hekler jeg et enkelt skjerf?
out_of_scope	Oppsummer handlingen i Nineteen Eighty-Four.
out_of_scope	Hvordan beregnes rentes rente?
out_of_scope	Hva er forskjellen mellom HTTP og HTTPS?
out_of_scope	Hvordan starter jeg en liten kjøkkenhage?
out_of_scope	Hvem malte Mona Lisa?
out_of_scope	Hvordan bytter jeg en sykkelkjede?
out_of_scope	Beskriv maskinlæring i ett kort avsnitt.
out_of_scope	Hvordan søker jeg om pass?
out_of_scope	Hvorfor er himmelen blå om dagen?
out_of_scope	Hvordan kobler jeg til en skriver med en USB-kabel?
out_of_scope	Hvilke ingredienser inngår i béchamelsaus?
out_of_scope	Hvor lang er en flytur fra Wien til New York?
out_of_scope	Forklar vannets kretsløp for et barn.
in_scope	Szukam hotelu wellness z sauną w Tyrolu.
in_scope	Czy są hotele z basenem krytym?
in_scope	Które domy oferują masaże?
in_scope	Chcę pobyt, w którym jest hammam.
in_scope	Gdzie w hotelu mogę popływać w basenie infinity?
in_scope	Znacie hotel, który prowadzi zajęcia jogi?
in_scope	Czy są hotele, do których wjeżdża się i wyjeżdża na nartach?
in_scope	Które hotele leżą bezpośrednio przy stoku?
in_scope	Czy goście mogą zjechać na nartach aż do wejścia do hotelu?
in_scope	Potrzebuję noclegu obok wyciągu narciarskiego.
in_scope	Chcemy zimowy urlop, który łączy spa i jazdę na nartach.
in_scope	Które obiekty mają skiroom na sprzęt?
in_scope	Czy da się wyruszyć na wędrówkę prosto z hotelu?
in_scope	Pokażcie mi hotele ze szlakami spacerowymi w pobliżu.
in_scope	Czy podczas pobytu w hotelu mogę jeździć konno?
in_scope	Szukam w Salzburgu hoteli znanych z kuchni.
in_scope	Hotel tylko dla dorosłych, z basenem, proszę.
in_scope	Czy półpensjonat jest w cenie pobytu?
in_scope	Opowiedzcie mi więcej o Nesslerhof.
in_scope	Co Gmachl tak naprawdę oferuje?
in_scope	Wymieńcie udogodnienia w Krallerhof.
in_scope	Chciałbym pokój z widokiem na góry.
in_scope	Jak dotrzeć do hotelu w Lermoos?
in_scope	Czy psy są mile widziane w hotelach?
in_scope	Czy macie hotele przyjazne rodzinom?
in_scope	Które hotele w Salzburgu są na waszej liście?
in_scope	Ile hoteli obejmujecie w Tyrolu?
in_scope	Czy w Karyntii jest hotel spa, który polecilibyście?
in_scope	Polećcie hotel wellness w Południowym Tyrolu.
in_scope	Potrzebuję cichego domu na porządny odpoczynek.
in_scope	Który hotel ma największą strefę spa?
in_scope	Jak daleko jest z hotelu na stok?
in_scope	Planujemy letni urlop pieszy z wellness.
in_scope	Hotel z poważną restauracją gourmet.
in_scope	Czy śniadanie jest wliczone w stawkę?
in_scope	Potrzebujemy pokoju rodzinnego w hotelu wellness.
in_scope	Czy w hotelu jest program dla dzieci?
in_scope	Szukam hotelu wellness dostępnego dla wózków.
in_scope	Kiedy odbywają się wieczorne nalewania w saunie?
in_scope	Czy mogę zarezerwować masaż z wyprzedzeniem?
in_scope	Co byście zaproponowali w okolicach Innsbrucka?
in_scope	Chcę pełny tydzień wellness w Styrii.
in_scope	Pobyt spa w Dolomitach, proszę.
in_scope	Pomóżcie zaplanować pobyt wellness w Ötztal.
in_scope	Opowiedzcie o Alpbacherhof.
in_scope	Potrzebuję informacji o Waldklause.
in_scope	Co wyróżnia Hochschober?
in_scope	Czy mogę dojechać do hotelu pociągiem?
in_scope	Czy przy hotelu jest parking?
in_scope	Pokój z balkonem zwróconym ku górom.
in_scope	Chcemy połączyć narty i wellness w jednej podróży.
in_scope	Interesuje mnie, czy goście mogą dojechać na nartach do samego budynku.
in_scope	Tylko krótka przerwa wellness w górach.
in_scope	Czy jest coś wartego uwagi o hotelach w Zillertal?
in_scope	Które hotele wellness w Austrii są najmocniejsze?
in_scope	Czy hotel ma siłownię?
in_scope	Czy na miejscu jest łaźnia parowa?
in_scope	Czy w spa jest whirlpool?
in_scope	Pakiety spa dla par na weekend.
in_scope	Romantyczny weekend wellness we dwoje.
in_scope	Gdzie leży Wartherhof i jaki ma wellness?
in_scope	Szczegóły o Hotel Alpenrose.
in_scope	Czy Sacher w Seefeld ma spa?
in_scope	Jak daleko hotel jest od centrum wsi?
out_of_scope	Jaka jutro będzie pogoda w Berlinie?
out_of_scope	Napisz funkcję w Pythonie, która sortuje listę.
out_of_scope	Kto wygrał ostatni Tour de France?
out_of_scope	Wyjaśnij Windows 11 prostym językiem.
out_of_scope	Potrzebuję przepisu na strudel jabłkowy.
out_of_scope	Jaka jest dzisiaj cena Bitcoina?
out_of_scope	Jaka jest stolica Francji?
out_of_scope	Jak u roślin działa fotosynteza?
out_of_scope	Kto wygrał Wimbledon w zeszłym roku?
out_of_scope	Jak złożyć zeznanie podatkowe od dochodu?
out_of_scope	Jak nastroić gitarę akustyczną?
out_of_scope	Ile pamięci RAM powinien mieć montażysta wideo?
out_of_scope	Pomóżcie mi napisać list motywacyjny do pracy.
out_of_scope	Jak zresetować domowy router Wi-Fi?
out_of_scope	Kto wygrał mistrzostwa świata w piłce nożnej 2022?
out_of_scope	Kto wygrał ostatnie grand prix Formula 1?
out_of_scope	Który naród przewodził ostatniej olimpijskiej tabeli medalowej?
out_of_scope	Kto wygrał ostatni Eurovision Song Contest?
out_of_scope	Kto wygrał maraton w Nowym Jorku?
out_of_scope	Kto jest obecnym mistrzem świata w szachach?
out_of_scope	Wyjaśnijcie obliczenia kwantowe kompletnemu początkującemu.
out_of_scope	Jak uprawiać pomidory na balkonie?
out_of_scope	Jak od podstaw zrobić ciasto na pizzę?
out_of_scope	Która godzina jest teraz w Tokio?
out_of_scope	Jak zmienić przebitą oponę w samochodzie?
out_of_scope	Polećcie dobry film science-fiction.
out_of_scope	Jaki jest skuteczny sposób na naukę japońskiego?
out_of_scope	Wyjaśnijcie, co robi SQL inner join.
out_of_scope	Jak zainstalować Linux na laptopie?
out_of_scope	Co doprowadziło do upadku Cesarstwa Rzymskiego?
out_of_scope	Proszę rozwiązać to równanie kwadratowe.
out_of_scope	Jak upiec bochenek na zakwasie?
out_of_scope	Jaki jest dziś kurs USD do EUR?
out_of_scope	Jak działa silnik czterosuwowy?
out_of_scope	Kto napisał sztukę Hamlet?
out_of_scope	Jak utworzyć nowe repozytorium w Git?
out_of_scope	Jakie są objawy niedoboru witaminy D?
out_of_scope	Jak trenować do biegu na pięć kilometrów?
out_of_scope	Jaka jest liczba ludności Kanady?
out_of_scope	Jak naprawić kapiący kran?
out_of_scope	Przetłumaczcie to zdanie na łacinę.
out_of_scope	Który laptop jest najlepszy dla studentów informatyki?
out_of_scope	Jak powstają czarne dziury?
out_of_scope	Kiedy ukazał się pierwszy iPhone?
out_of_scope	Jak kompostować resztki warzyw?
out_of_scope	Nauczcie mnie podstawowych zasad szachów.
out_of_scope	Jak inflacja obniża wartość oszczędności?
out_of_scope	Wymieńcie planety Układu Słonecznego w kolejności.
out_of_scope	Jak usunąć złośliwe oprogramowanie z komputera z Windowsem?
out_of_scope	Dlaczego w górach woda wrze w niższej temperaturze?
out_of_scope	Jak szydełkować prosty szalik?
out_of_scope	Streśćcie fabułę Nineteen Eighty-Four.
out_of_scope	Jak oblicza się procent składany?
out_of_scope	Jaka jest różnica między HTTP a HTTPS?
out_of_scope	Jak założyć mały ogródek warzywny?
out_of_scope	Kto namalował Mona Lisa?
out_of_scope	Jak wymienić łańcuch w rowerze?
out_of_scope	Opiszcie uczenie maszynowe w jednym krótkim akapicie.
out_of_scope	Jak złożyć wniosek o paszport?
out_of_scope	Dlaczego w dzień niebo jest niebieskie?
out_of_scope	Jak podłączyć drukarkę kablem USB?
out_of_scope	Jakie składniki wchodzą w sos béchamel?
out_of_scope	Ile trwa lot z Wiednia do Nowego Jorku?
out_of_scope	Wyjaśnijcie dziecku obieg wody w przyrodzie.
in_scope	Procuro um hotel de wellness com sauna em Tyrol.
in_scope	Há hotéis que tenham piscina interior?
in_scope	Quais casas oferecem massagens?
in_scope	Quero uma estadia que inclua um hammam.
in_scope	Onde posso nadar numa piscina infinity num hotel?
in_scope	Conheces um hotel que organize sessões de ioga?
in_scope	Existem hotéis em que se possa entrar e sair a esquiar?
in_scope	Quais hotéis ficam diretamente na pista?
in_scope	Os hóspedes podem esquiar até à entrada do hotel?
in_scope	Preciso de alojamento ao lado de um remonte de ski.
in_scope	Queremos umas férias de inverno que misturem spa e esqui.
in_scope	Que propriedades têm um quarto de esqui para o equipamento?
in_scope	É possível fazer caminhadas a partir do próprio hotel?
in_scope	Mostra-me hotéis com trilhos nas proximidades.
in_scope	Posso ir a cavalo durante a estadia no hotel?
in_scope	Procuro hotéis conhecidos pela sua cozinha em Salzburg.
in_scope	Um hotel só para adultos com piscina, por favor.
in_scope	A meia pensão vem incluída na estadia?
in_scope	Conta-me mais sobre o Nesslerhof.
in_scope	O que é que o Gmachl oferece na verdade?
in_scope	Lista as instalações do Krallerhof.
in_scope	Gostaria de um quarto com vista para a montanha.
in_scope	Como se chega ao hotel em Lermoos?
in_scope	Os cães são bem-vindos nos hotéis?
in_scope	Têm hotéis adequados a famílias?
in_scope	Quais hotéis de Salzburg estão na vossa lista?
in_scope	Quantos hotéis cobrem em Tyrol?
in_scope	Há algum hotel spa que recomendasses em Carinthia?
in_scope	Recomenda um hotel de wellness em South Tyrol.
in_scope	Preciso de uma casa sossegada para um verdadeiro descanso.
in_scope	Qual hotel tem a maior área de spa?
in_scope	Qual é a distância do hotel à pista?
in_scope	Estamos a planear umas férias de verão de caminhadas com wellness.
in_scope	Um hotel com um restaurante gourmet a sério.
in_scope	O pequeno-almoço está incluído na tarifa?
in_scope	Precisamos de um quarto familiar num hotel de wellness.
in_scope	Há um programa para crianças no hotel?
in_scope	Procuro um hotel de wellness acessível a cadeira de rodas.
in_scope	A que horas são as infusões de sauna à noite?
in_scope	Posso reservar uma massagem com antecedência?
in_scope	O que sugerias perto de Innsbruck?
in_scope	Quero uma semana inteira de wellness em Styria.
in_scope	Uma estadia de spa nos Dolomites, por favor.
in_scope	Ajuda-me a planear uma estadia de wellness no Ötztal.
in_scope	Fala-me do Alpbacherhof.
in_scope	Preciso de informações sobre a Waldklause.
in_scope	O que torna o Hochschober especial?
in_scope	Posso chegar ao hotel de comboio?
in_scope	Há estacionamento no hotel?
in_scope	Um quarto com varanda virada para as montanhas.
in_scope	Queremos juntar esqui e wellness numa só viagem.
in_scope	Interessa-me saber se os hóspedes podem esquiar até ao edifício.
in_scope	Só uma pausa breve de wellness nas montanhas.
in_scope	Há algo que valha a pena saber sobre os hotéis no Zillertal?
in_scope	Quais são os hotéis de wellness mais sólidos da Austria?
in_scope	O hotel tem um ginásio?
in_scope	Há um banho de vapor no local?
in_scope	Têm um whirlpool no spa?
in_scope	Pacotes de spa para casais para um fim de semana.
in_scope	Um fim de semana romântico de wellness para dois.
in_scope	Onde fica o Wartherhof e que wellness tem?
in_scope	Detalhes sobre o Hotel Alpenrose.
in_scope	O Sacher em Seefeld tem spa?
in_scope	A que distância fica o hotel do centro da aldeia?
out_of_scope	Como vai estar o tempo amanhã em Berlin?
out_of_scope	Escreve uma função em Python que ordene uma lista.
out_of_scope	Quem ganhou o último Tour de France?
out_of_scope	Explica o Windows 11 em linguagem simples.
out_of_scope	Preciso de uma receita de strudel de maçã.
out_of_scope	Qual é o preço do Bitcoin hoje?
out_of_scope	Qual é a capital de França?
out_of_scope	Como funciona a fotossíntese nas plantas?
out_of_scope	Quem ganhou Wimbledon no ano passado?
out_of_scope	Como se entrega uma declaração de imposto sobre o rendimento?
out_of_scope	Como se afina uma guitarra acústica?
out_of_scope	Quanta RAM deve ter um editor de vídeo?
out_of_scope	Ajuda-me a redigir uma carta de candidatura a um emprego.
out_of_scope	Como se reinicia um router Wi-Fi doméstico?
out_of_scope	Quem ganhou o Mundial de futebol de 2022?
out_of_scope	Quem ganhou o último grande prémio de Formula 1?
out_of_scope	Que nação liderou o último quadro de medalhas olímpico?
out_of_scope	Quem ganhou o último Eurovision Song Contest?
out_of_scope	Quem ganhou a maratona de Nova Iorque?
out_of_scope	Quem é o atual campeão mundial de xadrez?
out_of_scope	Explica a computação quântica a um principiante absoluto.
out_of_scope	Como posso cultivar tomates numa varanda?
out_of_scope	Como se faz massa de pizza do zero?
out_of_scope	Que horas são agora em Tokyo?
out_of_scope	Como se muda um pneu furado?
out_of_scope	Recomenda um bom filme de ficção científica.
out_of_scope	Qual é uma forma eficiente de aprender japonês?
out_of_scope	Explica o que faz um inner join em SQL.
out_of_scope	Como se instala Linux num portátil?
out_of_scope	O que levou à queda do Império Romano?
out_of_scope	Resolve esta equação quadrática, por favor.
out_of_scope	Como se asse um pão de massa mãe?
out_of_scope	Qual é a taxa de câmbio de USD para EUR hoje?
out_of_scope	Como funciona um motor de quatro tempos?
out_of_scope	Quem escreveu a peça Hamlet?
out_of_scope	Como se cria um novo repositório Git?
out_of_scope	Quais são os sinais de deficiência de vitamina D?
out_of_scope	Como devo treinar para uma corrida de cinco quilómetros?
out_of_scope	Qual é a população do Canadá?
out_of_scope	Como se arranja uma torneira a pingar?
out_of_scope	Traduz esta frase para latim.
out_of_scope	Que portátil é o melhor para estudantes de informática?
out_of_scope	Como se formam os buracos negros?
out_of_scope	Quando foi lançado o primeiro iPhone?
out_of_scope	Como se faz compostagem com restos de legumes?
out_of_scope	Ensina-me as regras básicas do xadrez.
out_of_scope	De que forma a inflação reduz o valor das poupanças?
out_of_scope	Nomeia os planetas do sistema solar por ordem.
out_of_scope	Como se remove malware de um PC com Windows?
out_of_scope	Porque é que a água ferve a uma temperatura mais baixa nas montanhas?
out_of_scope	Como se faz croché de um cachecol simples?
out_of_scope	Resume o enredo de Nineteen Eighty-Four.
out_of_scope	Como se calcula o juro composto?
out_of_scope	Qual é a diferença entre HTTP e HTTPS?
out_of_scope	Como se começa uma pequena horta de legumes?
out_of_scope	Quem pintou a Mona Lisa?
out_of_scope	Como se substitui a corrente de uma bicicleta?
out_of_scope	Descreve a aprendizagem automática num parágrafo curto.
out_of_scope	Como se pede um passaporte?
out_of_scope	Porque é que o céu é azul durante o dia?
out_of_scope	Como se liga uma impressora com um cabo USB?
out_of_scope	Que ingredientes entram no molho béchamel?
out_of_scope	Quanto dura um voo de Viena para Nova Iorque?
out_of_scope	Explica o ciclo da água a uma criança.
in_scope	Caut un hotel de wellness cu saună în Tyrol.
in_scope	Există hoteluri care au piscină interioară?
in_scope	Care case oferă masaje?
in_scope	Vreau un sejur care include un hammam.
in_scope	Unde pot înota într-o piscină infinity la un hotel?
in_scope	Cunoști un hotel care organizează sesiuni de yoga?
in_scope	Există hoteluri în care poți intra și ieși schiind?
in_scope	Care hoteluri se află direct pe pârtie?
in_scope	Pot oaspeții să schieze până la intrarea hotelului?
in_scope	Am nevoie de cazare lângă un teleschi.
in_scope	Vrem o vacanță de iarnă care îmbină spa-ul și schiul.
in_scope	Care proprietăți au o cameră de schi pentru echipament?
in_scope	Se poate face drumeție direct de la hotel?
in_scope	Arată-mi hoteluri cu trasee de plimbare în apropiere.
in_scope	Pot merge călare în timpul sejurului la hotel?
in_scope	Caut hoteluri cunoscute pentru bucătăria lor în Salzburg.
in_scope	Un hotel doar pentru adulți cu piscină, te rog.
in_scope	Demipensiunea vine inclusă în sejur?
in_scope	Spune-mi mai multe despre Nesslerhof.
in_scope	Ce oferă de fapt Gmachl?
in_scope	Enumeră facilitățile de la Krallerhof.
in_scope	Aș dori o cameră cu vedere la munte.
in_scope	Cum ajung la hotel în Lermoos?
in_scope	Sunt câinii bineveniți în hoteluri?
in_scope	Aveți hoteluri prietenoase cu familiile?
in_scope	Care hoteluri din Salzburg sunt pe lista voastră?
in_scope	Câte hoteluri acoperiți în Tyrol?
in_scope	Există un hotel spa pe care l-ai recomanda în Carinthia?
in_scope	Recomandă un hotel de wellness în South Tyrol.
in_scope	Am nevoie de o casă liniștită pentru o odihnă adevărată.
in_scope	Care hotel are cea mai mare zonă de spa?
in_scope	Cât de departe este de la hotel până la pârtie?
in_scope	Planificăm o vacanță de vară de drumeții cu wellness.
in_scope	Un hotel cu un restaurant gourmet serios.
in_scope	Micul dejun este inclus în tarif?
in_scope	Avem nevoie de o cameră de familie într-un hotel de wellness.
in_scope	Există un program pentru copii la hotel?
in_scope	Caut un hotel de wellness accesibil pentru scaun cu rotile.
in_scope	Când au loc infuziile de saună de seară?
in_scope	Pot rezerva un masaj din timp?
in_scope	Ce ai sugera lângă Innsbruck?
in_scope	Vreau o săptămână întreagă de wellness în Styria.
in_scope	Un sejur spa în Dolomites, te rog.
in_scope	Ajută-mă să planific un sejur de wellness în Ötztal.
in_scope	Spune-mi despre Alpbacherhof.
in_scope	Am nevoie de informații despre Waldklause.
in_scope	Ce face Hochschober special?
in_scope	Pot ajunge la hotel cu trenul?
in_scope	Există parcare la hotel?
in_scope	O cameră cu balcon orientat spre munți.
in_scope	Vrem să combinăm schiul și wellness-ul într-o singură călătorie.
in_scope	Mă interesează dacă oaspeții pot schia până la clădire.
in_scope	Doar o scurtă pauză de wellness la munte.
in_scope	Merită să știu ceva despre hotelurile din Zillertal?
in_scope	Care sunt cele mai solide hoteluri de wellness din Austria?
in_scope	Hotelul are o sală de fitness?
in_scope	Există o baie de aburi pe loc?
in_scope	Aveți un whirlpool în spa?
in_scope	Pachete spa pentru cupluri pentru un weekend.
in_scope	Un weekend romantic de wellness pentru doi.
in_scope	Unde este Wartherhof și ce wellness are?
in_scope	Detalii despre Hotel Alpenrose.
in_scope	Are Sacher din Seefeld un spa?
in_scope	Cât de departe este hotelul de centrul satului?
out_of_scope	Cum va fi vremea mâine în Berlin?
out_of_scope	Scrie o funcție Python care sortează o listă.
out_of_scope	Cine a câștigat ultimul Tour de France?
out_of_scope	Explică Windows 11 într-un limbaj simplu.
out_of_scope	Am nevoie de o rețetă de ștrudel cu mere.
out_of_scope	Care este prețul Bitcoin astăzi?
out_of_scope	Care este capitala Franței?
out_of_scope	Cum funcționează fotosinteza la plante?
out_of_scope	Cine a câștigat Wimbledon anul trecut?
out_of_scope	Cum depun o declarație de impozit pe venit?
out_of_scope	Cum acordez o chitară acustică?
out_of_scope	Cât RAM ar trebui să aibă un editor video?
out_of_scope	Ajută-mă să redactez o scrisoare de candidatură.
out_of_scope	Cum resetez un router Wi-Fi de acasă?
out_of_scope	Cine a câștigat Campionatul Mondial de fotbal din 2022?
out_of_scope	Cine a câștigat ultimul mare premiu de Formula 1?
out_of_scope	Care națiune a condus ultimul clasament olimpic de medalii?
out_of_scope	Cine a câștigat ultimul Eurovision Song Contest?
out_of_scope	Cine a câștigat Maratonul din New York?
out_of_scope	Cine este actualul campion mondial la șah?
out_of_scope	Explică calculul cuantic unui începător total.
out_of_scope	Cum pot crește roșii pe un balcon?
out_of_scope	Cum fac aluat de pizza de la zero?
out_of_scope	Cât e ceasul acum în Tokyo?
out_of_scope	Cum schimb o anvelopă dezumflată?
out_of_scope	Recomandă un film bun de science-fiction.
out_of_scope	Care este un mod eficient de a învăța japoneza?
out_of_scope	Explică ce face un inner join în SQL.
out_of_scope	Cum instalez Linux pe un laptop?
out_of_scope	Ce a dus la căderea Imperiului Roman?
out_of_scope	Te rog rezolvă această ecuație de gradul al doilea.
out_of_scope	Cum coc o pâine cu maia?
out_of_scope	Care este cursul de schimb USD către EUR astăzi?
out_of_scope	Cum funcționează un motor în patru timpi?
out_of_scope	Cine a scris piesa Hamlet?
out_of_scope	Cum creez un depozit Git nou?
out_of_scope	Care sunt semnele deficitului de vitamina D?
out_of_scope	Cum ar trebui să mă antrenez pentru o alergare de cinci kilometri?
out_of_scope	Care este populația Canadei?
out_of_scope	Cum repar un robinet care picură?
out_of_scope	Tradu această propoziție în latină.
out_of_scope	Care laptop este cel mai bun pentru studenții la informatică?
out_of_scope	Cum se formează găurile negre?
out_of_scope	Când a fost lansat primul iPhone?
out_of_scope	Cum fac compost din resturi de legume?
out_of_scope	Învață-mă regulile de bază ale șahului.
out_of_scope	Cum reduce inflația valoarea economiilor?
out_of_scope	Numește planetele sistemului solar în ordine.
out_of_scope	Cum elimin malware de pe un PC Windows?
out_of_scope	De ce fierbe apa la o temperatură mai joasă la munte?
out_of_scope	Cum croșetez un fular simplu?
out_of_scope	Rezumă acțiunea din Nineteen Eighty-Four.
out_of_scope	Cum se calculează dobânda compusă?
out_of_scope	Care este diferența dintre HTTP și HTTPS?
out_of_scope	Cum încep o grădină mică de legume?
out_of_scope	Cine a pictat Mona Lisa?
out_of_scope	Cum înlocuiesc lanțul unei biciclete?
out_of_scope	Descrie învățarea automată într-un paragraf scurt.
out_of_scope	Cum aplic pentru un pașaport?
out_of_scope	De ce este cerul albastru în timpul zilei?
out_of_scope	Cum conectez o imprimantă cu un cablu USB?
out_of_scope	Ce ingrediente intră în sosul béchamel?
out_of_scope	Cât durează un zbor de la Viena la New York?
out_of_scope	Explică circuitul apei unui copil.
in_scope	Ищу отель с велнесом и сауной в Тироле.
in_scope	Есть ли отели с крытым бассейном?
in_scope	В каких домах предлагают массаж?
in_scope	Хочу проживание, в которое входит хаммам.
in_scope	Где в отеле можно поплавать в бассейне инфинити?
in_scope	Знаете отель, где проводят занятия йогой?
in_scope	Бывают ли отели, в которые заезжают и выезжают на лыжах?
in_scope	Какие отели стоят прямо у трассы?
in_scope	Могут ли гости докатиться на лыжах до самого входа в отель?
in_scope	Нужно жильё рядом с подъёмником.
in_scope	Хотим зимний отдых, где совмещены спа и лыжи.
in_scope	У каких объектов есть лыжная комната для снаряжения?
in_scope	Можно ли выйти на треккинг прямо от отеля?
in_scope	Покажите отели, рядом с которыми есть пешеходные тропы.
in_scope	Можно ли во время проживания в отеле покататься верхом?
in_scope	Ищу в Зальцбурге отели, славящиеся кухней.
in_scope	Отель только для взрослых, с бассейном, пожалуйста.
in_scope	Полупансион входит в проживание?
in_scope	Расскажите подробнее про Nesslerhof.
in_scope	Что на самом деле предлагает Gmachl?
in_scope	Перечислите удобства в Krallerhof.
in_scope	Хочу номер с видом на горы.
in_scope	Как добраться до отеля в Lermoos?
in_scope	Собаки в отелях приветствуются?
in_scope	Есть ли у вас семейные отели?
in_scope	Какие отели Зальцбурга есть в вашем списке?
in_scope	Сколько отелей в Тироле вы охватываете?
in_scope	Есть ли в Каринтии спа-отель, который вы посоветуете?
in_scope	Порекомендуйте велнес-отель в Южном Тироле.
in_scope	Нужен тихий дом, чтобы по-настоящему отдохнуть.
in_scope	У какого отеля самая большая спа-зона?
in_scope	Как далеко от отеля до склона?
in_scope	Планируем летний пеший отдых с велнесом.
in_scope	Отель с серьёзным рестораном высокой кухни.
in_scope	Завтрак включён в тариф?
in_scope	Нам нужен семейный номер в велнес-отеле.
in_scope	Есть ли в отеле детская программа?
in_scope	Ищу велнес-отель, доступный для колясок.
in_scope	Когда вечером проводят поливы в сауне?
in_scope	Можно ли заранее забронировать массаж?
in_scope	Что бы вы предложили рядом с Инсбруком?
in_scope	Хочу полноценную велнес-неделю в Штирии.
in_scope	Спа-пребывание в Доломитах, пожалуйста.
in_scope	Помогите спланировать велнес-отдых в Ötztal.
in_scope	Расскажите про Alpbacherhof.
in_scope	Мне нужна информация о Waldklause.
in_scope	Чем примечателен Hochschober?
in_scope	Можно ли приехать в отель на поезде?
in_scope	Есть ли у отеля парковка?
in_scope	Номер с балконом в сторону гор.
in_scope	Хотим совместить лыжи и велнес в одной поездке.
in_scope	Интересует, могут ли гости доехать на лыжах до здания.
in_scope	Просто короткий велнес-перерыв в горах.
in_scope	Есть ли что-то важное об отелях в Zillertal?
in_scope	Какие велнес-отели в Австрии самые сильные?
in_scope	Есть ли в отеле тренажёрный зал?
in_scope	На территории есть паровая баня?
in_scope	Есть ли в спа джакузи?
in_scope	Спа-пакеты для пар на выходные.
in_scope	Романтические велнес-выходные на двоих.
in_scope	Где находится Wartherhof и какой там велнес?
in_scope	Подробности о Hotel Alpenrose.
in_scope	Есть ли спа у Sacher в Seefeld?
in_scope	Как далеко отель от центра деревни?
out_of_scope	Какая завтра будет погода в Берлине?
out_of_scope	Напишите функцию на Python, которая сортирует список.
out_of_scope	Кто выиграл последний Tour de France?
out_of_scope	Объясните Windows 11 простым языком.
out_of_scope	Нужен рецепт яблочного штруделя.
out_of_scope	Какова сегодня цена Bitcoin?
out_of_scope	Какая столица Франции?
out_of_scope	Как у растений устроен фотосинтез?
out_of_scope	Кто выиграл Wimbledon в прошлом году?
out_of_scope	Как подать декларацию по налогу на доходы?
out_of_scope	Как настроить акустическую гитару?
out_of_scope	Сколько оперативной памяти нужно видеомонтажёру?
out_of_scope	Помогите составить заявление о приёме на работу.
out_of_scope	Как сбросить домашний Wi-Fi-роутер?
out_of_scope	Кто выиграл чемпионат мира по футболу 2022 года?
out_of_scope	Кто выиграл последний гран-при Formula 1?
out_of_scope	Какая страна возглавила последнюю олимпийскую медальную таблицу?
out_of_scope	Кто победил на последнем Eurovision Song Contest?
out_of_scope	Кто выиграл марафон в Нью-Йорке?
out_of_scope	Кто сейчас чемпион мира по шахматам?
out_of_scope	Объясните квантовые вычисления полному новичку.
out_of_scope	Как вырастить помидоры на балконе?
out_of_scope	Как с нуля приготовить тесто для пиццы?
out_of_scope	Который сейчас час в Токио?
out_of_scope	Как поменять проколотое автомобильное колесо?
out_of_scope	Посоветуйте хороший научно-фантастический фильм.
out_of_scope	Как эффективно выучить японский?
out_of_scope	Объясните, что делает SQL inner join.
out_of_scope	Как установить Linux на ноутбук?
out_of_scope	Что привело к падению Римской империи?
out_of_scope	Пожалуйста, решите это квадратное уравнение.
out_of_scope	Как испечь буханку на закваске?
out_of_scope	Какой сегодня курс доллара США к евро?
out_of_scope	Как устроен четырёхтактный двигатель?
out_of_scope	Кто написал пьесу Hamlet?
out_of_scope	Как создать новый репозиторий в Git?
out_of_scope	Каковы признаки дефицита витамина D?
out_of_scope	Как готовиться к забегу на пять километров?
out_of_scope	Каково население Канады?
out_of_scope	Как починить капающий кран?
out_of_scope	Переведите это предложение на латынь.
out_of_scope	Какой ноутбук лучше всего подходит студентам информатики?
out_of_scope	Как образуются чёрные дыры?
out_of_scope	Когда вышел первый iPhone?
out_of_scope	Как компостировать овощные очистки?
out_of_scope	Научите меня основным правилам шахмат.
out_of_scope	Как инфляция уменьшает ценность сбережений?
out_of_scope	Назовите планеты Солнечной системы по порядку.
out_of_scope	Как удалить вредоносное ПО с компьютера на Windows?
out_of_scope	Почему в горах вода закипает при более низкой температуре?
out_of_scope	Как связать крючком простой шарф?
out_of_scope	Кратко перескажите сюжет Nineteen Eighty-Four.
out_of_scope	Как рассчитываются сложные проценты?
out_of_scope	В чём разница между HTTP и HTTPS?
out_of_scope	Как заложить небольшой огород?
out_of_scope	Кто написал картину Mona Lisa?
out_of_scope	Как заменить велосипедную цепь?
out_of_scope	Опишите машинное обучение одним коротким абзацем.
out_of_scope	Как подать заявление на паспорт?
out_of_scope	Почему днём небо голубое?
out_of_scope	Как подключить принтер кабелем USB?
out_of_scope	Какие ингредиенты входят в соус бешамель?
out_of_scope	Сколько длится перелёт из Вены в Нью-Йорк?
out_of_scope	Объясните ребёнку круговорот воды.
in_scope	Hľadám wellness hotel so saunou v Tirolsku.
in_scope	Existujú hotely, ktoré majú krytý bazén?
in_scope	Ktoré domy ponúkajú masáže?
in_scope	Chcem pobyt, ktorého súčasťou je hammam.
in_scope	Kde môžem v hoteli plávať v infinity bazéne?
in_scope	Poznáte hotel, ktorý vedie hodiny jogy?
in_scope	Sú hotely, do ktorých sa dá vojsť a vyjsť na lyžiach?
in_scope	Ktoré hotely ležia priamo na zjazdovke?
in_scope	Môžu hostia lyžovať až k vchodu do hotela?
in_scope	Potrebujem ubytovanie hneď vedľa lyžiarskeho vleku.
in_scope	Chceme zimnú dovolenku, ktorá spája kúpele a lyžovanie.
in_scope	Ktoré objekty majú lyžiareň na výstroj?
in_scope	Dá sa vyraziť na túru rovno z hotela?
in_scope	Ukážte mi hotely s prechádzkovými chodníkmi v okolí.
in_scope	Môžem počas hotelového pobytu ísť na konskú jazdu?
in_scope	Hľadám v Salzburgu hotely známe kuchyňou.
in_scope	Hotel len pre dospelých, s bazénom, prosím.
in_scope	Patrí k pobytu polpenzia?
in_scope	Povedzte mi viac o Nesslerhof.
in_scope	Čo Gmachl vlastne ponúka?
in_scope	Vypíšte vybavenie v Krallerhof.
in_scope	Chcel by som izbu s výhľadom na hory.
in_scope	Ako sa dostanem k hotelu v Lermoos?
in_scope	Sú v hoteloch vítaní psi?
in_scope	Máte rodinné hotely?
in_scope	Ktoré hotely v Salzburgu máte na zozname?
in_scope	Koľko hotelov v Tirolsku pokrývate?
in_scope	Je v Korutánsku kúpeľný hotel, ktorý by ste odporučili?
in_scope	Odporučte wellness hotel v Južnom Tirolsku.
in_scope	Potrebujem tichý dom na poctivý oddych.
in_scope	Ktorý hotel má najväčšiu kúpeľnú zónu?
in_scope	Ako ďaleko je to z hotela na svah?
in_scope	Plánujeme letnú turistickú dovolenku s wellness.
in_scope	Hotel so serióznou gurmánskou reštauráciou.
in_scope	Sú raňajky zahrnuté v cene?
in_scope	Potrebujeme rodinnú izbu vo wellness hoteli.
in_scope	Má hotel detský program?
in_scope	Hľadám bezbariérový wellness hotel.
in_scope	Kedy sú večerné nálevy v saune?
in_scope	Môžem si masáž rezervovať vopred?
in_scope	Čo by ste navrhli v okolí Innsbrucku?
in_scope	Chcem celý wellness týždeň v Štajersku.
in_scope	Kúpeľný pobyt v Dolomitoch, prosím.
in_scope	Pomôžte mi naplánovať wellness pobyt v Ötztal.
in_scope	Povedzte mi o Alpbacherhof.
in_scope	Potrebujem informácie o Waldklause.
in_scope	Čím je Hochschober výnimočný?
in_scope	Môžem k hotelu prísť vlakom?
in_scope	Je pri hoteli parkovanie?
in_scope	Izba s balkónom otočeným k horám.
in_scope	Chceme v jednej ceste spojiť lyžovanie a wellness.
in_scope	Zaujíma ma, či hostia môžu lyžovať až k budove.
in_scope	Len krátky wellness oddych v horách.
in_scope	Je niečo, čo stojí za to vedieť o hoteloch v Zillertal?
in_scope	Ktoré sú najsilnejšie wellness hotely v Rakúsku?
in_scope	Má hotel posilňovňu?
in_scope	Je na mieste parný kúpeľ?
in_scope	Máte vo spa whirlpool?
in_scope	Párové kúpeľné balíky na víkend.
in_scope	Romantický wellness víkend pre dvoch.
in_scope	Kde leží Wartherhof a aké wellness tam majú?
in_scope	Podrobnosti o Hotel Alpenrose.
in_scope	Má Sacher v Seefeld kúpele?
in_scope	Ako ďaleko je hotel od centra dediny?
out_of_scope	Aké bude zajtra počasie v Berlíne?
out_of_scope	Napíšte funkciu v Pythone, ktorá zoradí zoznam.
out_of_scope	Kto vyhral poslednú Tour de France?
out_of_scope	Vysvetlite Windows 11 jednoduchým jazykom.
out_of_scope	Potrebujem recept na jablčný závin.
out_of_scope	Aká je dnes cena Bitcoinu?
out_of_scope	Aké je hlavné mesto Francúzska?
out_of_scope	Ako u rastlín funguje fotosyntéza?
out_of_scope	Kto vlani vyhral Wimbledon?
out_of_scope	Ako podať daňové priznanie k dani z príjmu?
out_of_scope	Ako naladiť akustickú gitaru?
out_of_scope	Koľko RAM by mal mať strihač videa?
out_of_scope	Pomôžte mi napísať žiadosť o prácu.
out_of_scope	Ako resetovať domáci Wi-Fi router?
out_of_scope	Kto vyhral majstrovstvá sveta vo futbale 2022?
out_of_scope	Kto vyhral poslednú grand prix Formula 1?
out_of_scope	Ktorý národ viedol poslednú olympijskú medailovú tabuľku?
out_of_scope	Kto vyhral poslednú Eurovision Song Contest?
out_of_scope	Kto vyhral maratón v New Yorku?
out_of_scope	Kto je súčasný majster sveta v šachu?
out_of_scope	Vysvetlite kvantové počítanie úplnému začiatočníkovi.
out_of_scope	Ako pestovať paradajky na balkóne?
out_of_scope	Ako vyrobiť cesto na pizzu od základu?
out_of_scope	Koľko je práve teraz hodín v Tokiu?
out_of_scope	Ako vymeniť prázdnu pneumatiku na aute?
out_of_scope	Odporučte dobrý vedecko-fantastický film.
out_of_scope	Aký je účinný spôsob, ako sa učiť japončinu?
out_of_scope	Vysvetlite, čo robí SQL inner join.
out_of_scope	Ako nainštalovať Linux na notebook?
out_of_scope	Čo viedlo k pádu Rímskej ríše?
out_of_scope	Vyriešte, prosím, túto kvadratickú rovnicu.
out_of_scope	Ako upiecť bochník kváskového chleba?
out_of_scope	Aký je dnes kurz USD k EUR?
out_of_scope	Ako funguje štvortaktný motor?
out_of_scope	Kto napísal hru Hamlet?
out_of_scope	Ako vytvoriť nový Git repozitár?
out_of_scope	Aké sú príznaky nedostatku vitamínu D?
out_of_scope	Ako sa pripraviť na beh na päť kilometrov?
out_of_scope	Aký je počet obyvateľov Kanady?
out_of_scope	Ako opraviť kvapkajúci kohútik?
out_of_scope	Preložte túto vetu do latinčiny.
out_of_scope	Ktorý notebook je najlepší pre študentov informatiky?
out_of_scope	Ako vznikajú čierne diery?
out_of_scope	Kedy vyšiel prvý iPhone?
out_of_scope	Ako kompostovať zeleninové zvyšky?
out_of_scope	Naučte ma základné pravidlá šachu.
out_of_scope	Ako inflácia znižuje hodnotu úspor?
out_of_scope	Vymenujte planéty slnečnej sústavy v poradí.
out_of_scope	Ako odstrániť malvér z počítača s Windowsom?
out_of_scope	Prečo voda v horách vrie pri nižšej teplote?
out_of_scope	Ako uháčkovať jednoduchý šál?
out_of_scope	Zhrňte dej diela Nineteen Eighty-Four.
out_of_scope	Ako sa počíta zložené úročenie?
out_of_scope	Aký je rozdiel medzi HTTP a HTTPS?
out_of_scope	Ako založiť malú zeleninovú záhradku?
out_of_scope	Kto namaľoval Mona Lisa?
out_of_scope	Ako vymeniť reťaz na bicykli?
out_of_scope	Opíšte strojové učenie v jednom krátkom odseku.
out_of_scope	Ako požiadať o pas?
out_of_scope	Prečo je obloha cez deň modrá?
out_of_scope	Ako pripojiť tlačiareň káblom USB?
out_of_scope	Aké suroviny patria do omáčky béchamel?
out_of_scope	Ako dlho trvá let z Viedne do New Yorku?
out_of_scope	Vysvetlite dieťaťu kolobeh vody.
in_scope	Iščem wellness hotel s savno na Tirolskem.
in_scope	Ali obstajajo hoteli z notranjim bazenom?
in_scope	Katere hiše ponujajo masaže?
in_scope	Želim bivanje, ki vključuje hammam.
in_scope	Kje lahko v hotelu plavam v infinity bazenu?
in_scope	Poznate hotel, ki vodi ure joge?
in_scope	Ali obstajajo hoteli, do katerih se da priti in oditi na smučeh?
in_scope	Kateri hoteli ležijo neposredno ob progi?
in_scope	Ali lahko gostje smučajo vse do vhoda v hotel?
in_scope	Potrebujem prenočišče poleg smučarske vlečnice.
in_scope	Želimo zimski dopust, ki združuje spa in smučanje.
in_scope	Kateri objekti imajo smučarsko sobo za opremo?
in_scope	Ali je mogoče na pohod kreniti kar iz hotela?
in_scope	Pokažite mi hotele s sprehajalnimi potmi v bližini.
in_scope	Ali lahko med hotelskim bivanjem grem na jahanje?
in_scope	Iščem v Salzburgu hotele, znane po kuhinji.
in_scope	Hotel samo za odrasle, z bazenom, prosim.
in_scope	Ali polpenzion pride z bivanjem?
in_scope	Povejte mi več o Nesslerhof.
in_scope	Kaj Gmachl pravzaprav ponuja?
in_scope	Naštejte vsebine v Krallerhof.
in_scope	Želel bi sobo z razgledom na gore.
in_scope	Kako pridem do hotela v Lermoos?
in_scope	Ali so psi v hotelih dobrodošli?
in_scope	Imate družinam prijazne hotele?
in_scope	Kateri hoteli v Salzburgu so na vašem seznamu?
in_scope	Koliko hotelov na Tirolskem pokrivate?
in_scope	Ali je na Koroškem spa hotel, ki bi ga priporočili?
in_scope	Priporočite wellness hotel na Južnem Tirolskem.
in_scope	Potrebujem tiho hišo za pravi počitek.
in_scope	Kateri hotel ima največje spa območje?
in_scope	Kako daleč je od hotela do proge?
in_scope	Načrtujemo poletni pohodniški dopust z wellnessom.
in_scope	Hotel z resno gurmansko restavracijo.
in_scope	Ali je zajtrk vključen v ceno?
in_scope	Potrebujemo družinsko sobo v wellness hotelu.
in_scope	Ali ima hotel otroški program?
in_scope	Iščem wellness hotel, dostopen z invalidskim vozičkom.
in_scope	Kdaj so večerna polivanja v savni?
in_scope	Ali lahko masažo rezerviram vnaprej?
in_scope	Kaj bi predlagali v bližini Innsbrucka?
in_scope	Želim cel teden wellnessa na Štajerskem.
in_scope	Spa bivanje v Dolomitih, prosim.
in_scope	Pomagajte mi načrtovati wellness bivanje v Ötztal.
in_scope	Povejte mi o Alpbacherhof.
in_scope	Potrebujem podatke o Waldklause.
in_scope	Kaj naredi Hochschober posebnega?
in_scope	Ali lahko do hotela prispem z vlakom?
in_scope	Ali je pri hotelu na voljo parkirišče?
in_scope	Soba z balkonom, obrnjenim proti goram.
in_scope	Želimo v enem potovanju združiti smučanje in wellness.
in_scope	Zanima me, ali lahko gostje smučajo do same stavbe.
in_scope	Samo kratek wellness oddih v gorah.
in_scope	Je kaj vredno vedeti o hotelih v Zillertal?
in_scope	Kateri so najmočnejši wellness hoteli v Avstriji?
in_scope	Ali ima hotel fitnes sobo?
in_scope	Ali je na kraju parna kopel?
in_scope	Imate v spa delu whirlpool?
in_scope	Spa paketi za pare za vikend.
in_scope	Romantičen wellness vikend za dva.
in_scope	Kje je Wartherhof in kakšen wellness ima?
in_scope	Podrobnosti o Hotel Alpenrose.
in_scope	Ali ima Sacher v Seefeld spa?
in_scope	Kako daleč je hotel od središča vasi?
out_of_scope	Kakšno bo jutri vreme v Berlinu?
out_of_scope	Napišite funkcijo v Pythonu, ki uredi seznam.
out_of_scope	Kdo je zmagal na zadnji Tour de France?
out_of_scope	Razložite Windows 11 v preprostem jeziku.
out_of_scope	Potrebujem recept za jabolčni zavitek.
out_of_scope	Kakšna je danes cena Bitcoina?
out_of_scope	Katero je glavno mesto Francije?
out_of_scope	Kako pri rastlinah poteka fotosinteza?
out_of_scope	Kdo je lani zmagal na Wimbledonu?
out_of_scope	Kako oddati napoved dohodnine?
out_of_scope	Kako uglasiti akustično kitaro?
out_of_scope	Koliko RAM-a naj ima montažer videa?
out_of_scope	Pomagajte mi sestaviti prošnjo za službo.
out_of_scope	Kako ponastaviti domači Wi-Fi usmerjevalnik?
out_of_scope	Kdo je zmagal na svetovnem prvenstvu v nogometu 2022?
out_of_scope	Kdo je zmagal na zadnji grand prix dirki Formula 1?
out_of_scope	Kateri narod je vodil zadnjo olimpijsko medaljsko lestvico?
out_of_scope	Kdo je zmagal na zadnjem Eurovision Song Contest?
out_of_scope	Kdo je zmagal na maratonu v New Yorku?
out_of_scope	Kdo je trenutni svetovni šahovski prvak?
out_of_scope	Razložite kvantno računalništvo popolnemu začetniku.
out_of_scope	Kako gojiti paradižnike na balkonu?
out_of_scope	Kako od začetka narediti testo za pico?
out_of_scope	Koliko je ura prav zdaj v Tokiu?
out_of_scope	Kako zamenjati predrto avtomobilsko pnevmatiko?
out_of_scope	Priporočite dober znanstvenofantastični film.
out_of_scope	Kakšen je učinkovit način učenja japonščine?
out_of_scope	Razložite, kaj naredi SQL inner join.
out_of_scope	Kako namestiti Linux na prenosnik?
out_of_scope	Kaj je privedlo do padca Rimskega cesarstva?
out_of_scope	Prosim, rešite to kvadratno enačbo.
out_of_scope	Kako speči štruco iz kvašenega testa?
out_of_scope	Kakšen je danes tečaj USD proti EUR?
out_of_scope	Kako deluje štiritaktni motor?
out_of_scope	Kdo je napisal igro Hamlet?
out_of_scope	Kako ustvariti nov Git repozitorij?
out_of_scope	Kakšni so znaki pomanjkanja vitamina D?
out_of_scope	Kako naj treniram za tek na pet kilometrov?
out_of_scope	Kakšno je prebivalstvo Kanade?
out_of_scope	Kako popraviti pipo, ki kaplja?
out_of_scope	Prevedite ta stavek v latinščino.
out_of_scope	Kateri prenosnik je najboljši za študente računalništva?
out_of_scope	Kako nastanejo črne luknje?
out_of_scope	Kdaj je izšel prvi iPhone?
out_of_scope	Kako kompostirati zelenjavne ostanke?
out_of_scope	Naučite me osnovna pravila šaha.
out_of_scope	Kako inflacija zmanjšuje vrednost prihrankov?
out_of_scope	Poimenujte planete osončja po vrsti.
out_of_scope	Kako odstraniti zlonamerno programje z računalnika z Windowsom?
out_of_scope	Zakaj voda v gorah vre pri nižji temperaturi?
out_of_scope	Kako kvačkati preprost šal?
out_of_scope	Povzemite zaplet dela Nineteen Eighty-Four.
out_of_scope	Kako se izračunajo obrestne obresti?
out_of_scope	Kakšna je razlika med HTTP in HTTPS?
out_of_scope	Kako začeti majhen zelenjavni vrt?
out_of_scope	Kdo je naslikal Mona Lisa?
out_of_scope	Kako zamenjati verigo na kolesu?
out_of_scope	Opišite strojno učenje v enem kratkem odstavku.
out_of_scope	Kako zaprositi za potni list?
out_of_scope	Zakaj je nebo podnevi modro?
out_of_scope	Kako priključiti tiskalnik s kablom USB?
out_of_scope	Katere sestavine gredo v omako béchamel?
out_of_scope	Kako dolgo traja let iz Dunaja v New York?
out_of_scope	Razložite otroku kroženje vode.
in_scope	Po kërkoj një hotel wellness me saunë në Tyrol.
in_scope	A ka hotele që kanë pishinë të mbyllur?
in_scope	Cilat shtëpi ofrojnë masazhe?
in_scope	Dua një qëndrim që përfshin një hammam.
in_scope	Ku mund të notoj në një pishinë infinity në një hotel?
in_scope	A njeh ndonjë hotel që zhvillon seanca joge?
in_scope	A ka hotele ku mund të hysh e të dalësh me ski?
in_scope	Cilat hotele ndodhen drejtpërdrejt mbi pistë?
in_scope	A mund të skiojnë mysafirët deri te hyrja e hotelit?
in_scope	Më duhet akomodim pranë një asensori ski.
in_scope	Duam një pushim dimëror që përzien spa-n dhe skijimin.
in_scope	Cilat pronësi kanë një dhomë ski për pajisjet?
in_scope	A është e mundur ecja në mal drejtpërdrejt nga hoteli?
in_scope	Më trego hotele me shtigje ecjeje afër.
in_scope	A mund të hipi kalë gjatë qëndrimit tim në hotel?
in_scope	Po kërkoj hotele të njohura për kuzhinën e tyre në Salzburg.
in_scope	Një hotel vetëm për të rritur me pishinë, ju lutem.
in_scope	A vjen gjysmëpensioni me qëndrimin?
in_scope	Më trego më shumë rreth Nesslerhof.
in_scope	Çfarë ofron vërtet Gmachl?
in_scope	Rendit pajisjet te Krallerhof.
in_scope	Doja një dhomë me pamje nga mali.
in_scope	Si të arrij te hoteli në Lermoos?
in_scope	A pranohen qentë në hotele?
in_scope	A keni hotele miqësore për familjet?
in_scope	Cilat hotele në Salzburg janë në listën tuaj?
in_scope	Sa hotele mbuloni në Tyrol?
in_scope	A ka ndonjë hotel spa që do të rekomandoje në Carinthia?
in_scope	Rekomando një hotel wellness në South Tyrol.
in_scope	Më duhet një shtëpi e qetë për një pushim të vërtetë.
in_scope	Cili hotel ka zonën më të madhe të spa-s?
in_scope	Sa larg është nga hoteli te shpatina?
in_scope	Po planifikojmë një pushim veror ecjeje me wellness.
in_scope	Një hotel me një restorant gourmet serioz.
in_scope	A është mëngjesi i përfshirë në tarifë?
in_scope	Na duhet një dhomë familjare në një hotel wellness.
in_scope	A ka program për fëmijë në hotel?
in_scope	Po kërkoj një hotel wellness të aksesueshëm me karrige me rrota.
in_scope	Kur janë infuzionet e saunës në mbrëmje?
in_scope	A mund të rezervoj një masazh paraprakisht?
in_scope	Çfarë do të sugjeroje pranë Innsbruck?
in_scope	Dua një javë të plotë wellness në Styria.
in_scope	Një qëndrim spa në Dolomites, ju lutem.
in_scope	Ndihmomë të planifikoj një qëndrim wellness në Ötztal.
in_scope	Më trego për Alpbacherhof.
in_scope	Më duhen informacione për Waldklause.
in_scope	Çfarë e bën Hochschober të veçantë?
in_scope	A mund të mbërrij në hotel me tren?
in_scope	A ka parking në hotel?
in_scope	Një dhomë me ballkon drejt maleve.
in_scope	Duam të kombinojmë skijimin dhe wellness-in në një udhëtim.
in_scope	Më intereson nëse mysafirët mund të skiojnë deri te ndërtesa.
in_scope	Vetëm një ndërprerje e shkurtër wellness në male.
in_scope	Diçka që ia vlen të dihet për hotelet në Zillertal?
in_scope	Cilat janë hotelet më të forta wellness në Austria?
in_scope	A ka hoteli një dhomë fitness?
in_scope	A ka banjë me avull në vend?
in_scope	A keni whirlpool në spa?
in_scope	Paketa spa për çifte për një fundjavë.
in_scope	Një fundjavë romantike wellness për dy.
in_scope	Ku ndodhet Wartherhof dhe çfarë wellness ka?
in_scope	Detaje rreth Hotel Alpenrose.
in_scope	A ka Sacher në Seefeld një spa?
in_scope	Sa larg është hoteli nga qendra e fshatit?
out_of_scope	Si do të jetë moti nesër në Berlin?
out_of_scope	Shkruaj një funksion Python që rendit një listë.
out_of_scope	Kush e fitoi Tour de France-in e fundit?
out_of_scope	Shpjego Windows 11 me gjuhë të thjeshtë.
out_of_scope	Më duhet një recetë për shtrudel me mollë.
out_of_scope	Sa është çmimi i Bitcoin sot?
out_of_scope	Cila është kryeqyteti i Francës?
out_of_scope	Si funksionon fotosinteza te bimët?
out_of_scope	Kush e fitoi Wimbledon vitin e kaluar?
out_of_scope	Si e paraqes një deklaratë tatimore të të ardhurave?
out_of_scope	Si e akordoj një kitarë akustike?
out_of_scope	Sa RAM duhet të ketë një redaktues videosh?
out_of_scope	Ndihmomë të hartoj një letër aplikimi për punë.
out_of_scope	Si e rivendos një router Wi-Fi shtëpiak?
out_of_scope	Kush e fitoi Kupën e Botës në futboll 2022?
out_of_scope	Kush e fitoi grand prix-in e fundit të Formula 1?
out_of_scope	Cila kombësi drejtoi tabelën e fundit të medaljeve olimpike?
out_of_scope	Kush e fitoi Eurovision Song Contest-in e fundit?
out_of_scope	Kush e fitoi Maratonën e New York-ut?
out_of_scope	Kush është kampioni aktual botëror i shahut?
out_of_scope	Shpjego kompjuterin kuantik një fillestari të plotë.
out_of_scope	Si mund të rrit domate në një ballkon?
out_of_scope	Si e bëj brumin e picës nga e para?
out_of_scope	Sa është ora tani në Tokyo?
out_of_scope	Si e ndërroj një gomë të shpuar makine?
out_of_scope	Rekomando një film të mirë fantastiko-shkencor.
out_of_scope	Cila është një mënyrë e efektshme për të mësuar japonishten?
out_of_scope	Shpjego çfarë bën një inner join në SQL.
out_of_scope	Si e instaloj Linux në një laptop?
out_of_scope	Çfarë çoi në rënien e Perandorisë Romake?
out_of_scope	Të lutem zgjidh këtë ekuacion kuadratik.
out_of_scope	Si e pjek një bukë me majë natyrale?
out_of_scope	Cili është kursi i këmbimit USD në EUR sot?
out_of_scope	Si funksionon një motor me katër goditje?
out_of_scope	Kush e shkroi veprën Hamlet?
out_of_scope	Si e krijoj një depo të re Git?
out_of_scope	Cilat janë shenjat e mungesës së vitaminës D?
out_of_scope	Si duhet të stërvitem për një vrapim pesë kilometra?
out_of_scope	Sa është popullsia e Kanadasë?
out_of_scope	Si e ndreq një rubinet që pikon?
out_of_scope	Përkthe këtë fjali në latinisht.
out_of_scope	Cili laptop është më i miri për studentët e shkencave kompjuterike?
out_of_scope	Si formohen vrimat e zeza?
out_of_scope	Kur u lëshua iPhone-i i parë?
out_of_scope	Si e bëj kompost me mbetje perimesh?
out_of_scope	Më mëso rregullat bazë të shahut.
out_of_scope	Si e zvogëlon inflacioni vlerën e kursimeve?
out_of_scope	Emërto planetët e sistemit diellor me radhë.
out_of_scope	Si e heq malware-in nga një PC Windows?
out_of_scope	Pse vlon uji në temperaturë më të ulët në male?
out_of_scope	Si e thur me grep një shall të thjeshtë?
out_of_scope	Përmbledh ngjarjen e Nineteen Eighty-Four.
out_of_scope	Si llogaritet interesi i përbërë?
out_of_scope	Cila është ndryshimi midis HTTP dhe HTTPS?
out_of_scope	Si e filloj një kopsht të vogël perimesh?
out_of_scope	Kush e pikturoi Mona Lisa-n?
out_of_scope	Si e zëvendësoj zinxhirin e biçikletës?
out_of_scope	Përshkruaj mësimin e makinerisë në një paragraf të shkurtër.
out_of_scope	Si aplikoj për një pasaportë?
out_of_scope	Pse është qielli blu gjatë ditës?
out_of_scope	Si e lidh një printer me një kabllo USB?
out_of_scope	Cilët përbërës hyjnë në salcën béchamel?
out_of_scope	Sa zgjat një fluturim nga Vjena në New York?
out_of_scope	Shpjego ciklin e ujit një fëmije.
in_scope	Jag letar efter ett wellnesshotell med bastu i Tyrol.
in_scope	Finns det hotell som har inomhuspool?
in_scope	Vilka hus erbjuder massage?
in_scope	Jag vill ha en vistelse som inkluderar hammam.
in_scope	Var kan jag simma i en infinitypool på ett hotell?
in_scope	Känner du till ett hotell som håller yogapass?
in_scope	Finns det hotell man kan skida in och ut från?
in_scope	Vilka hotell ligger precis vid pisten?
in_scope	Kan gästerna åka skidor ända fram till hotellentrén?
in_scope	Jag behöver logi intill en skidlift.
in_scope	Vi vill ha en vintersemester som blandar spa och skidåkning.
in_scope	Vilka anläggningar har ett skidrum för utrustningen?
in_scope	Går det att vandra rakt från hotellet?
in_scope	Visa mig hotell med promenadstigar i närheten.
in_scope	Kan jag rida under min hotellvistelse?
in_scope	Jag söker hotell i Salzburg som är kända för sitt kök.
in_scope	Ett hotell endast för vuxna med pool, tack.
in_scope	Ingår halvpension i vistelsen?
in_scope	Berätta mer om Nesslerhof.
in_scope	Vad erbjuder Gmachl egentligen?
in_scope	Lista faciliteterna på Krallerhof.
in_scope	Jag skulle vilja ha ett rum med bergsutsikt.
in_scope	Hur tar jag mig till hotellet i Lermoos?
in_scope	Är hundar välkomna på hotellen?
in_scope	Har ni familjevänliga hotell?
in_scope	Vilka hotell i Salzburg finns på er lista?
in_scope	Hur många hotell täcker ni i Tyrol?
in_scope	Finns det ett spahotell du skulle rekommendera i Carinthia?
in_scope	Rekommendera ett wellnesshotell i South Tyrol.
in_scope	Jag behöver ett tyst hus för en ordentlig vila.
in_scope	Vilket hotell har det största spaområdet?
in_scope	Hur långt är det från hotellet till backen?
in_scope	Vi planerar en sommarvandringssemester med wellness.
in_scope	Ett hotell med en riktig gourmetrestaurang.
in_scope	Ingår frukost i priset?
in_scope	Vi behöver ett familjerum på ett wellnesshotell.
in_scope	Finns det ett barnprogram på hotellet?
in_scope	Jag letar efter ett rullstolsanpassat wellnesshotell.
in_scope	När är de kvällsvisa bastuaufguss-sessionerna?
in_scope	Kan jag boka en massage i förväg?
in_scope	Vad skulle du föreslå nära Innsbruck?
in_scope	Jag vill ha en hel wellnessvecka i Styria.
in_scope	En spavistelse i Dolomites, tack.
in_scope	Hjälp mig planera en wellnessvistelse i Ötztal.
in_scope	Berätta om Alpbacherhof.
in_scope	Jag behöver information om Waldklause.
in_scope	Vad gör Hochschober speciellt?
in_scope	Kan jag komma till hotellet med tåg?
in_scope	Finns det parkering vid hotellet?
in_scope	Ett rum med balkong mot bergen.
in_scope	Vi vill kombinera skidåkning och wellness på samma resa.
in_scope	Jag är intresserad av om gäster kan åka skidor ända fram till byggnaden.
in_scope	Bara en kort wellnesspaus i bergen.
in_scope	Något värt att veta om hotell i Zillertal?
in_scope	Vilka är de starkaste wellnesshotellen i Austria?
in_scope	Har hotellet ett gym?
in_scope	Finns det ett ångbad på plats?
in_scope	Har ni en whirlpool i span?
in_scope	Parpaket med spa för en helg.
in_scope	En romantisk wellnesshelg för två.
in_scope	Var ligger Wartherhof och vilken wellness har det?
in_scope	Detaljer om Hotel Alpenrose.
in_scope	Har Sacher i Seefeld ett spa?
in_scope	Hur långt är hotellet från byns centrum?
out_of_scope	Hur blir vädret i Berlin i morgon?
out_of_scope	Skriv en Python-funktion som sorterar en lista.
out_of_scope	Vem vann den senaste Tour de France?
out_of_scope	Förklara Windows 11 på ett enkelt språk.
out_of_scope	Jag behöver ett recept på äppelstrudel.
out_of_scope	Vad är Bitcoin-priset i dag?
out_of_scope	Vad är huvudstaden i Frankrike?
out_of_scope	Hur fungerar fotosyntesen hos växter?
out_of_scope	Vem vann Wimbledon förra året?
out_of_scope	Hur lämnar jag in en inkomstdeklaration?
out_of_scope	Hur stämmer jag en akustisk gitarr?
out_of_scope	Hur mycket RAM bör en videoredigerare ha?
out_of_scope	Hjälp mig att skriva ett jobbansökningsbrev.
out_of_scope	Hur återställer jag en hemma-Wi-Fi-router?
out_of_scope	Vem vann fotbolls-VM 2022?
out_of_scope	Vem vann det senaste Formula 1-grand prix?
out_of_scope	Vilken nation toppade den senaste olympiska medaljtabellen?
out_of_scope	Vem vann den senaste Eurovision Song Contest?
out_of_scope	Vem vann New York City Marathon?
out_of_scope	Vem är den nuvarande världsmästaren i schack?
out_of_scope	Förklara kvantdatorer för en komplett nybörjare.
out_of_scope	Hur kan jag odla tomater på en balkong?
out_of_scope	Hur gör jag pizzadeg från grunden?
out_of_scope	Vad är klockan i Tokyo just nu?
out_of_scope	Hur byter jag ett punkterat bildäck?
out_of_scope	Rekommendera en bra science fiction-film.
out_of_scope	Vad är ett effektivt sätt att lära sig japanska?
out_of_scope	Förklara vad en SQL inner join gör.
out_of_scope	Hur installerar jag Linux på en bärbar dator?
out_of_scope	Vad ledde till det romerska rikets fall?
out_of_scope	Lös den här andragradsekvationen, tack.
out_of_scope	Hur bakar jag ett surdegsbrød?
out_of_scope	Vad är växelkursen från USD till EUR i dag?
out_of_scope	Hur fungerar en fyrtaktsmotor?
out_of_scope	Vem skrev pjäsen Hamlet?
out_of_scope	Hur skapar jag ett nytt Git-arkiv?
out_of_scope	Vilka är tecken på D-vitaminbrist?
out_of_scope	Hur bör jag träna för ett femkilometerslopp?
out_of_scope	Vad är befolkningen i Kanada?
out_of_scope	Hur lagar jag en droppande kran?
out_of_scope	Översätt den här meningen till latin.
out_of_scope	Vilken bärbar dator är bäst för datavetenskapsstudenter?
out_of_scope	Hur bildas svarta hål?
out_of_scope	När släpptes den första iPhone?
out_of_scope	Hur komposterar jag grönsaksrester?
out_of_scope	Lär mig schackets grundregler.
out_of_scope	Hur minskar inflation värdet på sparande?
out_of_scope	Nämn solsystemets planeter i ordning.
out_of_scope	Hur tar jag bort skadlig kod från en Windows-dator?
out_of_scope	Varför kokar vatten vid lägre temperatur i bergen?
out_of_scope	Hur virkar jag en enkel halsduk?
out_of_scope	Sammanfatta handlingen i Nineteen Eighty-Four.
out_of_scope	Hur beräknas ränta på ränta?
out_of_scope	Vad är skillnaden mellan HTTP och HTTPS?
out_of_scope	Hur startar jag en liten grönsaksträdgård?
out_of_scope	Vem målade Mona Lisa?
out_of_scope	Hur byter jag en cykelkedja?
out_of_scope	Beskriv maskininlärning i ett kort stycke.
out_of_scope	Hur ansöker jag om pass?
out_of_scope	Varför är himlen blå på dagen?
out_of_scope	Hur ansluter jag en skrivare med en USB-kabel?
out_of_scope	Vilka ingredienser ingår i béchamelsås?
out_of_scope	Hur lång är en flygning från Wien till New York?
out_of_scope	Förklara vattnets kretslopp för ett barn.
in_scope	Tyrol'de saunalı bir wellness oteli arıyorum.
in_scope	Kapalı havuzu olan oteller var mı?
in_scope	Hangi evler masaj sunuyor?
in_scope	Hammam içeren bir konaklama istiyorum.
in_scope	Bir otelde infinity havuzda nerede yüzebilirim?
in_scope	Yoga seansları düzenleyen bir otel biliyor musunuz?
in_scope	Kayakla girilip çıkılabilen oteller var mı?
in_scope	Hangi oteller doğrudan pistin üzerinde duruyor?
in_scope	Konuklar otel girişine kadar kayabilir mi?
in_scope	Kayak liftinin yanında konaklamaya ihtiyacım var.
in_scope	Spa ile kayakı harmanlayan bir kış tatili istiyoruz.
in_scope	Hangi tesislerde ekipman için kayak odası var?
in_scope	Otelden doğrudan yürüyüş yapılabilir mi?
in_scope	Yakınında yürüyüş patikaları olan otelleri gösterin.
in_scope	Otel konaklamam sırasında ata binebilir miyim?
in_scope	Salzburg'da mutfağıyla tanınan oteller arıyorum.
in_scope	Havuzlu, yalnızca yetişkinlere açık bir otel lütfen.
in_scope	Konaklamaya yarım pansiyon dahil mi?
in_scope	Nesslerhof hakkında daha fazla anlatın.
in_scope	Gmachl aslında ne sunuyor?
in_scope	Krallerhof'taki olanakları listeleyin.
in_scope	Dağ manzaralı bir oda isterim.
in_scope	Lermoos'taki otele nasıl ulaşırım?
in_scope	Otellerde köpekler kabul ediliyor mu?
in_scope	Aile dostu otelleriniz var mı?
in_scope	Listenizde Salzburg'daki hangi oteller yer alıyor?
in_scope	Tyrol'de kaç oteli kapsıyorsunuz?
in_scope	Carinthia'da önereceğiniz bir spa oteli var mı?
in_scope	South Tyrol'de bir wellness oteli önerin.
in_scope	Gerçek bir dinlenme için sakin bir ev arıyorum.
in_scope	En büyük spa alanına hangi otel sahip?
in_scope	Otelden yamaca uzaklık ne kadar?
in_scope	Wellness içeren bir yaz yürüyüş tatili planlıyoruz.
in_scope	Ciddi bir gurme restoranı olan bir otel.
in_scope	Kahvaltı ücrete dahil mi?
in_scope	Bir wellness otelinde aile odasına ihtiyacımız var.
in_scope	Otelde çocuk programı var mı?
in_scope	Tekerlekli sandalye erişimli bir wellness oteli arıyorum.
in_scope	Akşam sauna infüzyonları ne zaman yapılıyor?
in_scope	Masajı önceden rezerve edebilir miyim?
in_scope	Innsbruck yakınında ne önerirsiniz?
in_scope	Styria'da tam bir wellness haftası istiyorum.
in_scope	Dolomites'te bir spa konaklaması lütfen.
in_scope	Ötztal'de bir wellness konaklaması planlamama yardım edin.
in_scope	Alpbacherhof hakkında bilgi verin.
in_scope	Waldklause hakkında bilgiye ihtiyacım var.
in_scope	Hochschober'i özel kılan nedir?
in_scope	Otele trenle varabilir miyim?
in_scope	Otelde otopark var mı?
in_scope	Dağlara bakan balkonlu bir oda.
in_scope	Kayak ve wellnessi tek seyahatte birleştirmek istiyoruz.
in_scope	Konukların binaya kadar kayıp kayamayacağını merak ediyorum.
in_scope	Dağlarda kısa bir wellness molası yeter.
in_scope	Zillertal'deki oteller hakkında bilinmeye değer bir şey var mı?
in_scope	Austria'daki en güçlü wellness otelleri hangileri?
in_scope	Otelde fitness salonu var mı?
in_scope	Tesiste buhar banyosu var mı?
in_scope	Spada jakuzi var mı?
in_scope	Hafta sonu için çiftlere spa paketleri.
in_scope	İki kişi için romantik bir wellness hafta sonu.
in_scope	Wartherhof nerede ve ne tür wellness sunuyor?
in_scope	Hotel Alpenrose hakkında ayrıntılar.
in_scope	Seefeld'deki Sacher'de spa var mı?
in_scope	Otel köy merkezine ne kadar uzak?
out_of_scope	Yarın Berlin'de hava nasıl olacak?
out_of_scope	Bir listeyi sıralayan bir Python fonksiyonu yaz.
out_of_scope	Son Tour de France'ı kim kazandı?
out_of_scope	Windows 11'i sade bir dille anlat.
out_of_scope	Elmalı strudel tarifi lazım.
out_of_scope	Bitcoin bugün kaç para?
out_of_scope	Fransa'nın başkenti neresi?
out_of_scope	Bitkilerde fotosentez nasıl işler?
out_of_scope	Geçen yıl Wimbledon'ı kim kazandı?
out_of_scope	Gelir vergisi beyannamesini nasıl veririm?
out_of_scope	Akustik gitarı nasıl akort ederim?
out_of_scope	Bir video editörünün ne kadar RAM'i olmalı?
out_of_scope	Bir iş başvuru mektubu taslağı yazmama yardım et.
out_of_scope	Evdeki Wi-Fi yönlendiriciyi nasıl sıfırlarım?
out_of_scope	2022 futbol Dünya Kupası'nı kim kazandı?
out_of_scope	Son Formula 1 grand prix'sini kim kazandı?
out_of_scope	Son olimpiyat madalya tablosunun zirvesinde hangi ülke vardı?
out_of_scope	Son Eurovision Şarkı Yarışması'nı kim kazandı?
out_of_scope	New York City Maratonu'nu kim kazandı?
out_of_scope	Şu anki dünya satranç şampiyonu kim?
out_of_scope	Kuantum hesaplamayı hiç bilmeyen birine anlat.
out_of_scope	Balkonda domatesi nasıl yetiştiririm?
out_of_scope	Sıfırdan pizza hamuru nasıl yapılır?
out_of_scope	Tokyo'da şu anda saat kaç?
out_of_scope	Patlak araba lastiğini nasıl değiştiririm?
out_of_scope	İyi bir bilimkurgu filmi öner.
out_of_scope	Japonca öğrenmenin verimli bir yolu nedir?
out_of_scope	SQL inner join'in ne yaptığını açıkla.
out_of_scope	Bir dizüstü bilgisayara Linux'u nasıl kurarım?
out_of_scope	Roma İmparatorluğu'nun çöküşüne ne yol açtı?
out_of_scope	Lütfen bu ikinci dereceden denklemi çöz.
out_of_scope	Ekşi mayalı bir somun nasıl pişirilir?
out_of_scope	Bugün USD'den EUR'ye kur nedir?
out_of_scope	Dört zamanlı motor nasıl çalışır?
out_of_scope	Hamlet oyununu kim yazdı?
out_of_scope	Yeni bir Git deposunu nasıl oluştururum?
out_of_scope	D vitamini eksikliğinin belirtileri nelerdir?
out_of_scope	Beş kilometrelik bir koşuya nasıl hazırlanmalıyım?
out_of_scope	Kanada'nın nüfusu nedir?
out_of_scope	Damlayan bir musluğu nasıl tamir ederim?
out_of_scope	Bu cümleyi Latinceye çevir.
out_of_scope	Bilgisayar bilimi öğrencileri için en iyi dizüstü hangisi?
out_of_scope	Kara delikler nasıl oluşur?
out_of_scope	İlk iPhone ne zaman çıktı?
out_of_scope	Sebze artıklarını nasıl kompostlarım?
out_of_scope	Satrancın temel kurallarını öğret.
out_of_scope	Enflasyon tasarrufların değerini nasıl düşürür?
out_of_scope	Güneş sistemindeki gezegenleri sırayla say.
out_of_scope	Windows PC'den zararlı yazılımı nasıl kaldırırım?
out_of_scope	Dağlarda su neden daha düşük sıcaklıkta kaynar?
out_of_scope	Basit bir atkıyı tığ işiyle nasıl örerim?
out_of_scope	Nineteen Eighty-Four'un konusunu özetle.
out_of_scope	Bileşik faiz nasıl hesaplanır?
out_of_scope	HTTP ile HTTPS arasındaki fark nedir?
out_of_scope	Küçük bir sebze bahçesine nasıl başlarım?
out_of_scope	Mona Lisa'yı kim boyadı?
out_of_scope	Bisiklet zincirini nasıl değiştiririm?
out_of_scope	Makine öğrenmesini kısa bir paragrafta anlat.
out_of_scope	Pasaport başvurusunu nasıl yaparım?
out_of_scope	Gündüzleri gökyüzü neden mavidir?
out_of_scope	Yazıcıyı USB kablosuyla nasıl bağlarım?
out_of_scope	Beşamel sosuna hangi malzemeler girer?
out_of_scope	Viyana'dan New York'a uçuş ne kadar sürer?
out_of_scope	Su döngüsünü bir çocuğa anlat.
in_scope	Шукаю велнес-готель із сауною в Тиролі.
in_scope	Чи є готелі з критим басейном?
in_scope	У яких будинках пропонують масажі?
in_scope	Хочу проживання, до якого входить хамам.
in_scope	Де в готелі можна поплавати в інфініті-басейні?
in_scope	Чи знаєте готель, де проводять заняття з йоги?
in_scope	Чи бувають готелі, до яких заїжджають і виїжджають на лижах?
in_scope	Які готелі лежать просто біля траси?
in_scope	Чи можуть гості доїхати на лижах аж до входу в готель?
in_scope	Потрібне житло поруч із підйомником.
in_scope	Хочемо зимовий відпочинок, де поєднані спа і лижі.
in_scope	У яких об'єктах є лижна кімната для спорядження?
in_scope	Чи можна вирушити в похід просто від готелю?
in_scope	Покажіть готелі, біля яких є пішохідні стежки.
in_scope	Чи можна під час готельного перебування покататися верхи?
in_scope	Шукаю в Зальцбургу готелі, відомі кухнею.
in_scope	Готель лише для дорослих, із басейном, будь ласка.
in_scope	Чи входить півпансіон до проживання?
in_scope	Розкажіть більше про Nesslerhof.
in_scope	Що насправді пропонує Gmachl?
in_scope	Перелічіть зручності в Krallerhof.
in_scope	Хочу номер із видом на гори.
in_scope	Як дістатися до готелю в Lermoos?
in_scope	Чи раді собакам у готелях?
in_scope	Чи є у вас готелі для сімей?
in_scope	Які готелі Зальцбурга є у вашому списку?
in_scope	Скільки готелів у Тиролі ви охоплюєте?
in_scope	Чи є в Каринтії спа-готель, який ви порадили б?
in_scope	Порадьте велнес-готель у Південному Тиролі.
in_scope	Потрібен тихий будинок для справжнього відпочинку.
in_scope	У якого готелю найбільша спа-зона?
in_scope	Як далеко від готелю до схилу?
in_scope	Плануємо літній пішохідний відпочинок із велнесом.
in_scope	Готель із серйозним рестораном високої кухні.
in_scope	Чи включено сніданок у тариф?
in_scope	Нам потрібен сімейний номер у велнес-готелі.
in_scope	Чи є в готелі дитяча програма?
in_scope	Шукаю велнес-готель, доступний для візків.
in_scope	Коли ввечері проводять поливання в сауні?
in_scope	Чи можна заздалегідь забронювати масаж?
in_scope	Що б ви запропонували біля Інсбрука?
in_scope	Хочу повноцінний велнес-тиждень у Штирії.
in_scope	Спа-перебування в Доломітах, будь ласка.
in_scope	Допоможіть спланувати велнес-відпочинок в Ötztal.
in_scope	Розкажіть про Alpbacherhof.
in_scope	Мені потрібна інформація про Waldklause.
in_scope	Чим особливий Hochschober?
in_scope	Чи можна прибути до готелю потягом?
in_scope	Чи є біля готелю парковка?
in_scope	Номер із балконом у бік гір.
in_scope	Хочемо поєднати лижі та велнес в одній поїздці.
in_scope	Цікавить, чи можуть гості доїхати на лижах до самої будівлі.
in_scope	Просто коротка велнес-пауза в горах.
in_scope	Чи є щось варте уваги про готелі в Zillertal?
in_scope	Які найсильніші велнес-готелі в Австрії?
in_scope	Чи є в готелі тренажерна зала?
in_scope	Чи є на території парна?
in_scope	Чи є у спа джакузі?
in_scope	Спа-пакети для пар на вихідні.
in_scope	Романтичні велнес-вихідні на двох.
in_scope	Де розташований Wartherhof і який там велнес?
in_scope	Подробиці про Hotel Alpenrose.
in_scope	Чи є спа в Sacher у Seefeld?
in_scope	Як далеко готель від центру села?
out_of_scope	Яка завтра буде погода в Берліні?
out_of_scope	Напишіть функцію мовою Python, яка сортує список.
out_of_scope	Хто виграв останній Tour de France?
out_of_scope	Поясніть Windows 11 простою мовою.
out_of_scope	Потрібен рецепт яблучного штруделя.
out_of_scope	Яка сьогодні ціна Bitcoin?
out_of_scope	Яка столиця Франції?
out_of_scope	Як у рослин відбувається фотосинтез?
out_of_scope	Хто виграв Wimbledon торік?
out_of_scope	Як подати декларацію про доходи?
out_of_scope	Як налаштувати акустичну гітару?
out_of_scope	Скільки оперативної пам'яті потрібно відеомонтажеру?
out_of_scope	Допоможіть скласти заяву про прийняття на роботу.
out_of_scope	Як скинути домашній Wi-Fi-роутер?
out_of_scope	Хто виграв чемпіонат світу з футболу 2022 року?
out_of_scope	Хто виграв останній гран-прі Formula 1?
out_of_scope	Яка нація очолила останню олімпійську медальну таблицю?
out_of_scope	Хто переміг на останньому Eurovision Song Contest?
out_of_scope	Хто виграв марафон у Нью-Йорку?
out_of_scope	Хто нині чемпіон світу з шахів?
out_of_scope	Поясніть квантові обчислення цілковитому новачку.
out_of_scope	Як виростити помідори на балконі?
out_of_scope	Як з нуля зробити тісто для піци?
out_of_scope	Котра зараз година в Токіо?
out_of_scope	Як замінити проколоте автомобільне колесо?
out_of_scope	Порадьте хороший науково-фантастичний фільм.
out_of_scope	Який ефективний спосіб вивчити японську?
out_of_scope	Поясніть, що робить SQL inner join.
out_of_scope	Як установити Linux на ноутбук?
out_of_scope	Що призвело до падіння Римської імперії?
out_of_scope	Будь ласка, розв'яжіть це квадратне рівняння.
out_of_scope	Як спекти буханець на заквасці?
out_of_scope	Який сьогодні курс долара США до євро?
out_of_scope	Як працює чотиритактний двигун?
out_of_scope	Хто написав п'єсу Hamlet?
out_of_scope	Як створити новий репозиторій у Git?
out_of_scope	Які ознаки нестачі вітаміну D?
out_of_scope	Як готуватися до забігу на п'ять кілометрів?
out_of_scope	Яке населення Канади?
out_of_scope	Як полагодити кран, що капає?
out_of_scope	Перекладіть це речення латиною.
out_of_scope	Який ноутбук найкраще пасує студентам інформатики?
out_of_scope	Як утворюються чорні діри?
out_of_scope	Коли вийшов перший iPhone?
out_of_scope	Як компостувати овочеві очистки?
out_of_scope	Навчіть мене основних правил шахів.
out_of_scope	Як інфляція зменшує вартість заощаджень?
out_of_scope	Назвіть планети Сонячної системи по порядку.
out_of_scope	Як видалити шкідливе ПЗ з комп'ютера на Windows?
out_of_scope	Чому в горах вода закипає за нижчої температури?
out_of_scope	Як зв'язати гачком простий шарф?
out_of_scope	Стисло перекажіть сюжет Nineteen Eighty-Four.
out_of_scope	Як обчислюють складні відсотки?
out_of_scope	У чому різниця між HTTP і HTTPS?
out_of_scope	Як започаткувати невеликий город?
out_of_scope	Хто намалював Mona Lisa?
out_of_scope	Як замінити велосипедний ланцюг?
out_of_scope	Опишіть машинне навчання одним коротким абзацом.
out_of_scope	Як подати заяву на паспорт?
out_of_scope	Чому вдень небо блакитне?
out_of_scope	Як під'єднати принтер кабелем USB?
out_of_scope	Які інгредієнти входять до соусу бешамель?
out_of_scope	Скільки триває переліт із Відня до Нью-Йорка?
out_of_scope	Поясніть дитині кругообіг води.
